timestamp,category,subcategory,portfolio,headline,url,source,published_raw,snippet
2026-01-21 23:10:16,Market Intelligence,Google Custom Search,N/A,US-China Relations in the Trump 2.0 Era: A Timeline - China Briefing,https://www.china-briefing.com/news/us-china-relations-in-the-trump-2-0-implications/,china-briefing.com,N/A,"5 hours ago The economic, security, and diplomatic consequences of his policies will not only reshape US-China ties but also influence the broader global geopolitical"
2026-01-21 23:10:16,Market Intelligence,Google Custom Search,N/A,"US-China: Trump and Xi may meet in Beijing in April, India Uneasy",https://theprobe.in/amp/world/us-china-trump-and-xi-may-meet-in-beijing-in-april-india-uneasy-2110391,theprobe.in,N/A,"4 hours ago US-China relations are bound to be consequential, with implications on trade in commodities and metals and on supply chains. | Photo Courtesy: D Myles Cullen,"
2026-01-21 23:10:16,Market Intelligence,Google Custom Search,N/A,Food and Agriculture Organization of the United Nations: Home,https://www.fao.org/home/en,fao.org,N/A,"4 hours ago Through the FAO-China South-South Cooperation project, Chinese experts shared expertise with farmers and livestock producers, providing tools and knowledge"
2026-01-21 23:10:16,Market Intelligence,Google Custom Search,N/A,Corporates | S&P Global,https://www.spglobal.com/ratings/en/research/sectors/corporates,spglobal.com,N/A,20 hours ago Italian Corporate Outlook 2026. Credit stability masks challenges ahead of the new trade context. 85% of rated Italian companies have a
2026-01-21 23:10:16,Market Intelligence,Google Custom Search,N/A,Publications - Sustainable Futures Collaborative,https://www.sustainablefutures.org/publications/,sustainablefutures.org,N/A,3 hours ago Books and book chapters. Environmental Governance and Policy. Air Pollution: Public Health Impacts and Policy Measures. Bhargav Krishna and Nazneen.
2026-01-21 23:10:16,Market Intelligence,Google Custom Search,N/A,Investment statistics and trends | UN Trade and Development ...,https://unctad.org/topic/investment/investment-statistics-and-trends,unctad.org,N/A,"17 hours ago UNCTAD addresses countries' data needs through its analysis and dissemination of foreign direct investment (FDI) statistics, and by enhancing the capacity"
2026-01-21 23:10:16,Market Intelligence,Google Custom Search,N/A,India's largest company is caught in geopolitical tensions. But it ...,https://www.cnbc.com/2026/01/21/india-reliance-oil-russia-trump-tariff-sanctions-retail-slowdown.html,cnbc.com,N/A,"14 hours ago The slowdown in its retail business, the group's third largest vertical, has had analysts reduce earnings estimates and cut stock target price, even as they"
2026-01-21 23:10:16,Market Intelligence,Google Custom Search,N/A,China News | Today's Breaking Stories | Reuters,https://www.reuters.com/world/china/,reuters.com,N/A,"7 hours ago Reuters.com is your online source for the latest China news stories and current events, ensuring our readers up to date with any breaking news developments."
2026-01-21 23:10:16,Market Intelligence,Google Custom Search,N/A,Gold - Price - Chart - Historical Data - News,https://tradingeconomics.com/commodity/gold,tradingeconomics.com,N/A,"4 hours ago The biggest consumers of gold jewelry are India, China, United States, Turkey, Saudi Arabia, Russia and UAE. The gold prices displayed in Trading Economics"
2026-01-21 23:10:16,Market Intelligence,Google Custom Search,N/A,GAM: Emerging markets outperformance – just the beginning ...,https://rankiapro.com/en/insights/gam-emerging-markets-outperformance-just-the-beginning/,rankiapro.com,N/A,"4 hours ago India and China, including pension-related initiatives, are accelerating consumer discretionary sectors, with India, China, Korea and Taiwan now"
2026-01-21 23:10:16,Market Intelligence,Google Custom Search,N/A,MLex | Specialist news and analysis on legal risk and regulation,https://www.mlex.com/,mlex.com,N/A,"2 hours ago News and analysis on legal developments including litigation filings, case settlements, verdicts, regulation, enforcement, legislation, corporate deals,"
2026-01-21 23:10:16,Market Intelligence,Google Custom Search,N/A,Regulatory & Politics recent news | Light Reading,https://www.lightreading.com/business-management/regulatory-politics,lightreading.com,N/A,"12 hours ago Can AGR dues relief for Vodafone Idea reshape India's telecom landscape? Jan 15, 2026. |. 2 Min Read. Picture of Gagandeep"
2026-01-21 23:10:16,Market Intelligence,Google Custom Search,N/A,Sustainable Business News | Latest Eco Headlines | Reuters,https://www.reuters.com/sustainability/,reuters.com,N/A,"4 hours ago Online retailer Temu's office in Turkey was raided early on Wednesday, the country's competition authority and a spokesperson for the Chinese company told"
2026-01-21 23:10:16,Market Intelligence,Google Custom Search,N/A,"MoneyLaundering.com :: Changes in Bank Regulations, Financial ...",https://www.moneylaundering.com/,moneylaundering.com,N/A,"8 hours ago Trusted source for anti-money laundering (AML) news, compliance tools, and regulatory updates."
2026-01-21 23:10:16,Market Intelligence,Google Custom Search,N/A,"Raj Tax Consultancy Service in Champanagar,Bhagalpur ...",https://www.justdial.com/Bhagalpur/Raj-Tax-Consultancy-Service-Ps-Nathnagar-Champanagar/9999PX641-X641-250630144205-B1E9_BZDET,justdial.com,N/A,"17 hours ago Cgmp Audit ServicesCGMP Auditing Services are essential for businesses in the pharmaceutical, biotechnology, and food industries to ensure compliance with"
2026-01-21 23:10:16,Market Intelligence,Google Custom Search,N/A,Welcome to RICS,https://www.rics.org/,rics.org,N/A,"7 hours ago RICS is the world's leading professional body for qualifications and standards in land, property, infrastructure and construction."
2026-01-21 23:10:16,Market Intelligence,Google Custom Search,N/A,United Nations - Wikipedia,https://en.wikipedia.org/wiki/United_Nations,en.wikipedia.org,N/A,21 hours ago The United Nations (UN) is a global intergovernmental organization established by the signing of the UN Charter on 26 June 1945 with the articulated mission
2026-01-21 23:10:16,Market Intelligence,Google Custom Search,N/A,Navi Mumbai airport row: Trai examines telcos' pricing issue over ...,https://m.economictimes.com/industry/telecom/telecom-news/navi-mumbai-airport-row-trai-examines-telcos-pricing-issue-over-network-deployment/amp_articleshow/126970661.cms,m.economictimes.com,N/A,"7 hours ago He said that the Telecom Regulator Authority of India will not require any specific reference from the government, and it can suo-moto proceed on the matter"
2026-01-21 23:10:16,Market Intelligence,Google Custom Search,N/A,CMS LAW-NOW | Register for free for legal updates from CMS experts,https://cms-lawnow.com/en,cms-lawnow.com,N/A,6 hours ago The main new acts include:Law No. 4239‑IX (12 Feb 2025) – a legislative framework for pharmacy marketing/promotion services and post‑sale price adjustments.CMU
2026-01-21 23:10:16,Market Intelligence,Google Custom Search,N/A,News - Dentons,https://www.dentons.com/en/about-dentons/news-events-and-awards/news,dentons.com,N/A,"8 hours ago What's new at Dentons? As the world's largest law firm, there's always news to report that could affect you and your business. Check out our most recent"
2026-01-21 23:10:16,Market Intelligence,Google Custom Search,N/A,India Imports By Category,https://tradingeconomics.com/india/imports-by-category,tradingeconomics.com,N/A,"9 hours ago India's main import electronic equipment. Total Exports were valued at US$434.44 Billion. In 2024, India had a trade deficit of US$263.31 Billion."
2026-01-21 23:10:16,Market Intelligence,Google Custom Search,N/A,Export-Import Bank of India: Ratings reaffirmed,https://www.icra.in/Rating/RatingDetails?CompanyId=20769&CompanyName=Export-Import%20Bank%20Of%20India,icra.in,N/A,"23 hours ago Instrument Ratings. Long Term Bonds Programme [ICRA]AAA (Stable); Basel III – Tier-I bonds [ICRA]AA+ (Stable); CP/CD/STD interchangeable [ICRA]AAA (Stable),"
2026-01-21 23:10:16,Market Intelligence,Google Custom Search,N/A,"[21st January 2026] The Hindu OpED: To compete with China, India ...",https://www.civilsdaily.com/news/21st-january-2026-the-hindu-oped-to-compete-with-china-india-may-need-china/,civilsdaily.com,N/A,"9 hours ago India's trade deficit with China remained above Import Dependence: China continued to dominate India's imports of electronics, telecom components, and"
2026-01-21 23:10:16,Market Intelligence,Google Custom Search,N/A,Digital Edge DC (India) Private Limited: Rating upgraded to [ICRA ...,https://www.icra.in/Rating/RatingDetails?CompanyId=30134&CompanyName=Digital%20Edge%20DC%20(India)%20Private%20Limited,icra.in,N/A,17 hours ago Digital Edge DC (India) Private Limited · Fund based Term Loan · Non Fund-based – Bank Guarantee · Unallocated limits
2026-01-21 23:10:16,Market Intelligence,Google Custom Search,N/A,"India and Argentina | Embassy of India, Buenos Aires, Argentina",https://www.indembarg.gov.in/page/india-and-argentina/,indembarg.gov.in,N/A,"21 hours ago However, due to the severe drought in Argentina, compounded by the resulting scarcity of foreign exchange, India-Argentina bilateral trade faced significant"
2026-01-21 23:10:16,Market Intelligence,Google Custom Search,N/A,India's Manufacturing Mission: What Make in India Got Right and ...,https://ipfonline.com/news/detail/abrasivesfinishingequipment/indias-manufacturing-mission-what-make-in-india-got-right-and-wrong/18519,ipfonline.com,N/A,"6 hours ago electronics components sourced from abroad, largely from China. Merchandise imports have therefore grown steadily, widening the trade deficit from about"
2026-01-21 23:10:16,Market Intelligence,Google Custom Search,N/A,Economy of Iran - Wikipedia,https://en.wikipedia.org/wiki/Economy_of_Iran,en.wikipedia.org,N/A,"16 hours ago GDP by component. Household consumption India 4.5%; Azerbaijan 2.8%; Germany 1.8%. Imports, Negative increase $54.46 billion (2018). Import goods."
2026-01-21 23:10:16,Market Intelligence,Google Custom Search,N/A,"Gold, silver premiums in India surge on import duty hike bets | Reuters",https://www.reuters.com/world/india/gold-silver-premiums-india-surge-import-duty-hike-bets-2026-01-21/,reuters.com,N/A,"6 hours ago India meets most of its gold and silver demand through imports, which have surged in recent months, widening the trade deficit and putting pressure on the rupee"
2026-01-21 23:10:16,Market Intelligence,Google Custom Search,N/A,Exim India,https://eximin.net/,eximin.net,N/A,2 hours ago Read Digital Copy · 1. MSC Air Cargo expands long-haul capacity with 777F · 2. Growing air cargo trade with Iran seen impacted by Trump's tariff · 3. Withdrawal of
2026-01-21 23:10:16,Market Intelligence,Google Custom Search,N/A,"Smartphone exports surge, but electronics value addition remains ...",https://www.policycircle.org/opinion/uncategorized/pli-smartphone-exports-surge/,policycircle.org,N/A,"16 hours ago India still imports most high-value components, including semiconductors, displays and precision sensors. This is the clearest constraint on domestic value"
2026-01-21 23:10:16,Market Intelligence,Google Custom Search,N/A,India has accelerated its growth during periods of global slowdown ...,https://www.business-standard.com/markets/capital-market-news/india-has-accelerated-its-growth-during-periods-of-global-slowdown-and-supply-chain-disruptions-126012100304_1.html,business-standard.com,N/A,"12 hours ago India has accelerated its growth during periods of global slowdown and supply-chain disruptions Nifty tad below 25,100 level; consumer durables shares decline"
2026-01-21 23:10:16,Market Intelligence,Google Custom Search,N/A,EY Future Consumer Index: Trends and insights | EY - India,https://www.ey.com/en_in/future-consumer-index,ey.com,N/A,16 hours ago Disruptive forces are transforming consumer behaviors. What do they value? What will it take to serve them? How will your business adapt?
2026-01-21 23:10:16,Market Intelligence,Google Custom Search,N/A,APAC Paper And Paperboard Container And Packaging Market ...,https://www.technavio.com/report/paper-and-paperboard-container-and-packaging-market-in-apac-industry-analysis,technavio.com,N/A,18 hours ago A key consideration for brand owners is the consumer perception of sustainable These systems incorporate digital traceability to improve supply chain
2026-01-21 23:10:16,Market Intelligence,Google Custom Search,N/A,ICRA An Affiliate of Moody's,https://www.icra.in/,icra.in,N/A,"3 hours ago ICRA rates debt instruments issued by corporate entities, commercial banks, non-banking finance companies, financial institutions, public sector"
2026-01-21 23:10:16,Market Intelligence,Google Custom Search,N/A,Salmon Market Growth Analysis - Size and Forecast 2026-2030 ...,https://www.technavio.com/report/salmon-market-industry-analysis,technavio.com,N/A,"22 hours ago APAC (China, Japan, and India), Europe (UK, France, and Italy), North consumer demands for transparency through robust supply chain traceability."
2026-01-21 23:10:16,Market Intelligence,Google Custom Search,N/A,All Research Reports,https://www.icra.in/Research/AllResearchReports?isSpecialComments=False,icra.in,N/A,"5 hours ago ICRA Research is based on our analysts' insights, gained from rating corporates and financial sector entities. The research reports are tailored to meet the"
2026-01-21 23:10:16,Market Intelligence,Google Custom Search,N/A,ICIS Supply and Demand Database | ICIS,https://www.icis.com/explore/services/supply-and-demand-database/,icis.com,N/A,"4 hours ago Import, export and consumption volumes are combined with short-term forecasts, margin analytics, pricing, plant cost evaluations and disruption tracking to help"
2026-01-21 23:10:16,Market Intelligence,Google Custom Search,N/A,APEDA: Home,https://apeda.gov.in/,apeda.gov.in,N/A,7 hours ago Agricultural and Processed Food Products Export Development Authority APEDA.
2026-01-21 23:10:16,Market Intelligence,Google Custom Search,N/A,"""EV market to grow strongly, GST reform saw huge benefit for ...",https://auto.economictimes.indiatimes.com/news/passenger-vehicle/ev-market-to-grow-strongly-gst-reform-saw-huge-benefit-for-consumers-toyota-kirloskar-country-head/126973409,auto.economictimes.indiatimes.com,N/A,"7 hours ago Vikram Gulati says policy support, GST cuts and demand momentum are reinforcing India's shift towards sustainable mobility."
2026-01-21 23:10:16,Market Intelligence,Google Custom Search,N/A,"Quality Standards Are Market Enablers, Not Compliance Burden ...",https://bwretailworld.com/news/consumer-news/quality-standards-are-market-enablers-not-compliance-burden-says-consumer-affairs-addl-secy,bwretailworld.com,N/A,10 hours ago Alignment with international standards is critical as India integrates more deeply into global value chains disrupt supply chains. He further said that QCOs
2026-01-21 23:10:16,Market Intelligence,Google Custom Search,N/A,Mobile Phones - Buy Smartphones Online at Best Prices | Vijay Sales,https://www.vijaysales.com/c/smartphones,vijaysales.com,N/A,"4 hours ago Mobile phones online - Avail the best mobile prices from the top smartphone brands like Apple, Oppo, Vivo, Samsung, Redmi, OnePlus, RealMe, MI, many others."
2026-01-21 23:10:16,Market Intelligence,Google Custom Search,N/A,Top Tv Manufacturers in Porur - Best Television Manufacturers ...,https://www.justdial.com/Chennai/TV-Manufacturers-in-Porur/nct-10503685,justdial.com,N/A,4 hours ago Murali Enterprises · L G Electronics India Pvt Ltd (Regional Office) · Nokia Solutions Network Pvt Ltd · Premier Elmech Systems Pvt Ltd (Head Office) · Chennai
2026-01-21 23:10:16,Market Intelligence,Google Custom Search,N/A,"Project Management Internship in Thane, Mumbai, Navi Mumbai ...",https://www.adzuna.in/details/5579106167,adzuna.in,N/A,"10 hours ago Samsung, Panasonic, Hyundai, Siemens, Bosch, LG, and much more. Headquartered in Mumbai, India, First Rain operates across India, America, Europe, South"
2026-01-21 23:10:16,Market Intelligence,Google Custom Search,N/A,Sony is selling its home entertainment business to TCL – but what ...,https://www.reddit.com/r/hardware/comments/1qiaqdu/sony_is_selling_its_home_entertainment_business/,reddit.com,N/A,"22 hours ago 597 votes, 250 comments. Sony has been relying on LG for OLED for quite a while, so honestly this isn't surprising. When you lose the panel tech for…"
2026-01-21 23:10:16,Market Intelligence,Google Custom Search,N/A,Dixon Technologies (India) Ltd. Stock price: Live updates | Tijori ...,https://www.tijorifinance.com/company/dixon-technologies-limited/,tijorifinance.com,N/A,10 hours ago Dixon subsidiaries Kunshan Q Tech and Dixon Electroconnect received MeitY approvals under the ECMS scheme. This greenlights domestic manufacturing of Camera
2026-01-21 23:10:16,Market Intelligence,Google Custom Search,N/A,The Boeing Company Official Website,https://www.boeing.com/,boeing.com,N/A,"4 hours ago Welcome to the official corporate site for the world's largest aerospace company and leading manufacturer of commercial jetliners and defense,"
2026-01-21 23:10:16,Market Intelligence,Google Custom Search,N/A,"CNET: Product reviews, advice, how-tos and the latest news",https://www.cnet.com/,cnet.com,N/A,"4 hours ago Get full-length product reviews, the latest news, tech coverage, daily deals, and category deep dives from CNET experts worldwide."
2026-01-21 23:10:16,Market Intelligence,Google Custom Search,N/A,"Nikkei Asia - Business, Politics, Economy and Tech News & Analysis",https://asia.nikkei.com/,asia.nikkei.com,N/A,"4 hours ago Japan, China, India and Southeast Asia news and expert analysis published by Nikkei, an award-winning independent provider of quality journalism."
2026-01-21 23:10:16,Market Intelligence,Google Custom Search,N/A,EMS stock jumps 3% after reporting 101% QoQ increase in revenue ...,https://incbusiness.in/stocks/ems-stock-jumps-3-after-reporting-101-qoq-increase-in-revenue/,incbusiness.in,N/A,"11 hours ago This EMS Stock, engaged in manufacturing room air conditioners (RACs), small domestic appliances like induction cooktops, mixer grinders, and water dispensers,"
2026-01-21 23:10:16,Market Intelligence,Google Custom Search,N/A,Panasonic TV Universal Remote Universal Remote Control For ...,https://estudiodanielbrandao.com/Universal-Remote-Control-For-Panasonic-Viera-TVs-Works-With-3D-p-803604,estudiodanielbrandao.com,N/A,"13 hours ago AI-generated from the text of manufacturer documentation. To verify or get additional information, please contact customer service. Product Details. About"
2026-01-21 23:10:16,Market Intelligence,Google Custom Search,N/A,Tariffs in the second Trump administration - Wikipedia,https://en.wikipedia.org/wiki/Tariffs_in_the_second_Trump_administration,en.wikipedia.org,N/A,"4 hours ago During his second term as President of the United States, Donald Trump enacted a series of steep tariffs affecting nearly all goods imported into the"
2026-01-21 23:10:16,Market Intelligence,Google Custom Search,N/A,US-China Relations in the Trump 2.0 Era: A Timeline - China Briefing,https://www.china-briefing.com/news/us-china-relations-in-the-trump-2-0-implications/,china-briefing.com,N/A,5 hours ago Other tariffs currently in place on US goods are unaffected. The tariff adjustments align with the agreement reached between China and the US following talks
2026-01-21 23:10:16,Market Intelligence,Google Custom Search,N/A,"Boycott, Divestment and Sanctions - Wikipedia","https://en.wikipedia.org/wiki/Boycott,_Divestment_and_Sanctions",en.wikipedia.org,N/A,"5 hours ago Since 2015, the Israeli government has allocated significant resources to campaigns portraying BDS as antisemitic and has encouraged legal measures against the"
2026-01-21 23:10:16,Market Intelligence,Google Custom Search,N/A,Struggle for Hindu Existence | *Hindu Rights to Survive with Dignity ...,https://hinduexistence.org/,hinduexistence.org,N/A,12 hours ago Hindu Rights to Survive with Dignity & Sovereignty *Join Hindu Freedom Movement to make Bharat Hindu Rashtra within this lifetime *Jai Shri Ram *Jayatu
2026-01-21 23:10:16,Market Intelligence,Google Custom Search,N/A,"The Economic Times: Business News Live, Share Market News ...",https://m.economictimes.com/,m.economictimes.com,N/A,"8 hours ago Business news today: Read India Business News Live. Latest Business news and updates on Finance, share market, IPO, and economy. Discover Business News"
2026-01-21 23:10:16,Market Intelligence,Google Custom Search,N/A,India should worry about the US–China–Pak threesome,https://www.nationalheraldindia.com/international/india-should-worry-about-the-uschinapak-threesome,nationalheraldindia.com,N/A,"16 hours ago 'A temporary truce in US–China trade tensions', a Financial Times headline read, referring to yet another lowering of US tariffs on Chinese goods. But as"
2026-01-21 23:10:16,Market Intelligence,Google Custom Search,N/A,Greenpeace International - Greenpeace International,https://www.greenpeace.org/international/,greenpeace.org,N/A,"2 hours ago Imagine a world where forests flourish and oceans are full of life. Where energy is as clean as a mountain stream. Where everyone has security, dignity and joy."
2026-01-21 23:10:16,Market Intelligence,Google Custom Search,N/A,"Marketing Week | marketing news, opinion, trends",https://www.marketingweek.com/,marketingweek.com,N/A,"4 hours ago Marketing Week offers the latest marketing news, opinion and trends on the challenges facing the industry."
2026-01-21 23:10:16,Market Intelligence,Google Custom Search,N/A,"Ad Age: Advertising, Marketing, Media and Tech News",https://adage.com/,adage.com,N/A,3 hours ago The Kraft Heinz brand debuts a playfully sadistic campaign to stand out in a crowded marshmallow aisle. Jet-Puffed's first ads say marshmallows were made to
2026-01-21 23:10:16,Market Intelligence,Google Custom Search,N/A,Daily UPSC Current Affairs | Shankar IAS Parliament,https://www.shankariasparliament.com/current-affairs,shankariasparliament.com,N/A,"6 hours ago Why in News? Child trafficking is a grave issue in India, in K.P. Kiran Kumar v. State, the Supreme Court issued strict guidelines to curb such crimes,"
2026-01-21 23:10:16,Market Intelligence,Google Custom Search,N/A,"Gold, silver premiums in India surge on import duty hike bets | Reuters",https://www.reuters.com/world/india/gold-silver-premiums-india-surge-import-duty-hike-bets-2026-01-21/,reuters.com,N/A,"6 hours ago While jewellery demand is down, investment in coins, bars, and exchange-traded funds has surged, Kothari said. Advertisement · Scroll to continue. ""Supply hasn'"
2026-01-21 23:10:16,Market Intelligence,Google Custom Search,N/A,Home | icegate,https://www.icegate.gov.in/,icegate.gov.in,N/A,4 hours ago Indian Customs National Trade Portal 2.0.
2026-01-21 23:10:16,Market Intelligence,Google Custom Search,N/A,India Raises Customs Duty on Electronic Displays to 20%,https://www.newkerala.com/news/a/customs-duty-electronic-goods-increased-20-per-cent-862.htm,newkerala.com,N/A,9 hours ago India Hikes Import Duty on Display Panels to 20% to Boost Local Manufacturing Duty on key components reduced to 5%; Aims to boost domestic electronics
2026-01-21 23:10:16,Market Intelligence,Google Custom Search,N/A,India hikes customs duty on electronic goods to 20% to push local ...,https://www.firstpost.com/india/india-hikes-customs-duty-on-electronic-goods-to-20-to-push-local-manufacturing-13970980.html,firstpost.com,N/A,"7 hours ago At the same time, the government has reduced BCD on open cells and key components to 5 per cent, a step designed to lower input costs for local manufacturers."
2026-01-21 23:10:16,Market Intelligence,Google Custom Search,N/A,India Raises Electronics Import Duty to 20% For 'Make in India',https://www.whalesbook.com/news/English/industrial-goodsservices/India-Raises-Electronics-Import-Duty-to-20percent-For-Make-in-India/69709ea7ad039ca929aa0c32,whalesbook.com,N/A,8 hours ago India hikes customs duty on flat panel displays to 20% to fuel 'Make in India' manufacturing. Will local production boom and prices change?
2026-01-21 23:10:16,Market Intelligence,Google Custom Search,N/A,Customs duty on electronic goods increased to 20 per cent: Finance ...,https://www.aninews.in/news/business/customs-duty-on-electronic-goods-increased-to-20-per-cent-finance-ministry20260121135936?amp=1,aninews.in,N/A,"9 hours ago In a decisive move to solidify India's position as a global electronics hub and to promote domestic manufacturing of electronic goods, the finance ministry"
2026-01-21 23:10:16,Market Intelligence,Google Custom Search,N/A,'Make in India' boost: Customs duty on some electronics increased ...,https://timesofindia.indiatimes.com/business/india-business/make-in-india-boost-customs-duty-on-electronics-increased-to-20-govt-aims-to-boost-locally-manufactured-goods/articleshow/126958204.cms,timesofindia.indiatimes.com,N/A,"9 hours ago The Union finance ministry raised the Basic Customs Duty (BCD) on flat panel displays to 20%, while reducing the duty on open cells and key components to 5%."
2026-01-21 23:10:16,Market Intelligence,Google Custom Search,N/A,India Raises Customs Duty On Electronic Goods: Boosting Domestic ...,https://www.newsx.com/business/india-raises-customs-duty-on-electronic-goods-boosting-domestic-growth-and-jobs-151598/,newsx.com,N/A,"9 hours ago India hikes customs duty on flat panel displays to 20%, reduces BCD on components, boosting domestic manufacturing, promoting Make in India, creating jobs,"
2026-01-21 23:10:16,Market Intelligence,Google Custom Search,N/A,APEDA: Home,https://apeda.gov.in/,apeda.gov.in,N/A,7 hours ago Agricultural and Processed Food Products Export Development Authority APEDA.
2026-01-21 23:10:16,Market Intelligence,Google Custom Search,N/A,India hikes customs duty on electronic goods to 20%,https://www.newsbytesapp.com/news/business/india-increases-customs-duty-on-electronics-to-boost-local-production/story,newsbytesapp.com,N/A,"6 hours ago Along with increasing the BCD, the government has also reduced it on open cells and other components to 5%. This is aimed at lowering input costs for local"
2026-01-21 23:10:16,Market Intelligence,Google Custom Search,N/A,"Nikkei Asia - Business, Politics, Economy and Tech News & Analysis",https://asia.nikkei.com/,asia.nikkei.com,N/A,"4 hours ago Japan, China, India and Southeast Asia news and expert analysis published by Nikkei, an award-winning independent provider of quality journalism."
2026-01-21 23:10:16,Market Intelligence,Google Custom Search,N/A,Watch Out for the Indian Telecom Oligopoly,https://www.equitymaster.com/profit-hunter/detail.asp?date=1/21/2026&story=3,equitymaster.com,N/A,"12 hours ago Oligopolistic sectors offer interesting narratives to stock market investors. In some cases, the companies script a narrative of immense pricing power and"
2026-01-21 23:10:16,Market Intelligence,Google Custom Search,N/A,"ICLG: Legal Guides, Business Reports and Events",https://iclg.com/,iclg.com,N/A,5 hours ago The International Comparative Legal Guides provide current and practical comparative legal information on several jurisdictions in a Q&A format.
2026-01-21 23:10:16,Market Intelligence,Google Custom Search,N/A,Iran's top diplomat issues most direct threat yet to US as crackdown ...,https://m.economictimes.com/news/defence/irans-top-diplomat-issues-most-direct-threat-yet-to-us-as-crackdown-over-protests-squeezes-nation/articleshow/126983065.cms,m.economictimes.com,N/A,"6 hours ago The comments by Abbas Araghchi, who saw his invitation to the World Economic Forum in Davos rescinded over the killings, comes as an American aircraft"
2026-01-21 23:10:16,Market Intelligence,Google Custom Search,N/A,Latest News | AIA,https://www.aiaworldwide.com/news/news/,aiaworldwide.com,N/A,20 hours ago As a leading global professional body for accountants and finance professionals AIA provides the latest industry news and insights.
2026-01-21 23:10:16,Market Intelligence,Google Custom Search,N/A,MLex | Specialist news and analysis on legal risk and regulation,https://www.mlex.com/,mlex.com,N/A,"4 hours ago News and analysis on legal developments including litigation filings, case settlements, verdicts, regulation, enforcement, legislation, corporate deals,"
2026-01-21 23:10:16,Market Intelligence,Google Custom Search,N/A,"FTC appeals ruling in Meta antitrust case over Instagram, WhatsApp ...",https://www.reuters.com/world/ftc-will-appeal-ruling-meta-antitrust-case-over-instagram-whatsapp-deals-2026-01-20/,reuters.com,N/A,19 hours ago smartphone in front of a. A teenager poses for a photo while holding a The case is part of a crackdown on Big Tech that President Donald Trump started during
2026-01-21 23:10:16,Market Intelligence,Google Custom Search,N/A,Starlink - Wikipedia,https://en.wikipedia.org/wiki/Starlink,en.wikipedia.org,N/A,"3 hours ago The SpaceX satellite development facility in Redmond, Washington, houses Starlink research, development, manufacturing, and orbit control facilities. In May"
2026-01-21 23:10:16,Market Intelligence,Google Custom Search,N/A,"BBC News - Breaking news, video and the latest top stories from the ...",https://www.bbc.com/news,bbc.com,N/A,"3 hours ago Visit BBC News for the latest news, breaking news, video, audio and analysis. BBC News provides trusted World, U.S. and U.K. news as well as local and"
2026-01-21 23:10:16,Market Intelligence,Google Custom Search,N/A,EthioBet: Kenya's Betting Sector Faces Significant Challenges Amid ...,https://www.halleyweb.com/c066021/zf/index.php/trasparenza-rifiuti/index/calendario-raccolta?y-news-30139846-2026-01-20-ethobet-kenyas-betting-sector-faces-significant-challenges-amid-regulatory-changes,halleyweb.com,N/A,"20 hours ago Broader Economic and Social Implications. The regulatory crackdown is expected to have broader economic repercussions, including a slowdown in industry growth"
2026-01-21 23:10:16,Market Intelligence,Google Custom Search,N/A,APEDA: Home,https://apeda.gov.in/,apeda.gov.in,N/A,7 hours ago Agricultural and Processed Food Products Export Development Authority APEDA.
2026-01-21 23:10:16,Market Intelligence,Google Custom Search,N/A,Investment Arbitration Reporter,https://www.iareporter.com/,iareporter.com,N/A,21 hours ago News Headlines · What we do · Browse News By Theme · Document Downloads · Email Alerts · Editor's Picks · Arbitrator Profiles (Most Recent) · We Recommend:.
2026-01-21 23:10:16,Market Intelligence,Google Custom Search,N/A,Weekly market commentary | BlackRock Investment Institute,https://www.blackrock.com/corporate/insights/blackrock-investment-institute/publications/weekly-commentary,blackrock.com,N/A,13 hours ago Stay tuned for insights on hot topics and latest trends in the financial market via the Weekly commentary by the BlackRock Investment Institute.
2026-01-21 23:10:16,Market Intelligence,Google Custom Search,N/A,ICT investment and carbon emission efficiency in regional port ...,https://www.nature.com/articles/s41599-026-06509-4,nature.com,N/A,"24 hours ago Growing concerns about climate change have intensified scrutiny of port operations as significant contributors to global emissions, prompting ports"
2026-01-21 23:10:16,Market Intelligence,Google Custom Search,N/A,US-China Relations in the Trump 2.0 Era: A Timeline - China Briefing,https://www.china-briefing.com/news/us-china-relations-in-the-trump-2-0-implications/,china-briefing.com,N/A,"5 hours ago Meanwhile, the FIGHT China Act (the Foreign Investment Guardrails to Help Thwart China Act of 2025), which was first introduced in March 2025, codifies prior"
2026-01-21 23:10:16,Market Intelligence,Google Custom Search,N/A,India Business Law Journal,https://law.asia/india/,law.asia,N/A,9 hours ago Get expert analysis on legal developments affecting businesses in India with the India Business Law Journal. Stay up-to-date on the latest news and
2026-01-21 23:10:16,Market Intelligence,Google Custom Search,N/A,Chinese Wok owner to take over Burger King operator - Times of India,https://timesofindia.indiatimes.com/business/india-business/chinese-wok-owner-to-take-over-burger-king-operator/articleshow/126868388.cms,timesofindia.indiatimes.com,N/A,"21 hours ago India Business News: MUMBAI: Inspira Global, which owns the Chinese Wok brand, is acquiring Burger King India operator Restaurant Brands Asia (RBA)."
2026-01-21 23:10:16,Market Intelligence,Google Custom Search,N/A,Hiring Employees in China - China Guide | Doing Business in China,https://www.china-briefing.com/doing-business-guide/china/human-resources-and-payroll/hiring-employees-in-china,china-briefing.com,N/A,"3 hours ago investment professionals. It publishes business, industry and foreign direct investment news, as well as tax, legal, accounting, and HR regulatory updates"
2026-01-21 23:10:16,Market Intelligence,Google Custom Search,N/A,"Financial Review - Business, Finance and Investment News | afr.com",https://www.afr.com/,afr.com,N/A,"11 hours ago The Australian Financial Review reports the latest news from business, finance, investment and politics, updated in real time."
2026-01-21 23:10:16,Market Intelligence,Google Custom Search,N/A,"The Economic Times: Business News Live, Share Market News ...",https://m.economictimes.com/,m.economictimes.com,N/A,"8 hours ago Business news today: Read India Business News Live. Latest Business news and updates on Finance, share market, IPO, and economy. Discover Business News"
2026-01-21 23:10:16,Market Intelligence,Google Custom Search,N/A,Investment statistics and trends | UN Trade and Development ...,https://unctad.org/topic/investment/investment-statistics-and-trends,unctad.org,N/A,"17 hours ago UNCTAD addresses countries' data needs through its analysis and dissemination of foreign direct investment (FDI) statistics, and by enhancing the capacity"
2026-01-21 23:10:16,Market Intelligence,Google Custom Search,N/A,ICRA Public Finance Ratings,https://www.icra.in/Rating/RatingCategory?RatingType=CR&RatingCategoryId=4,icra.in,N/A,"5 hours ago Consumer Durables, Corporate sector, Cotton & Manmade Yarns, Credit Quality Trends, Critical Minerals, Cross-sectoral trends and outlook, Dairy, Data Centres"
2026-01-21 23:10:16,Market Intelligence,Google Custom Search,N/A,Corporates | S&P Global,https://www.spglobal.com/ratings/en/research/sectors/corporates,spglobal.com,N/A,"20 hours ago S&P Global Ratings rates over 4600 corporates globally, giving us timely insight into cross-industry credit trends."
2026-01-21 23:10:16,Market Intelligence,Google Custom Search,N/A,Gensol Engineering Limited,https://www.icra.in/Rating/RatingDetails?CompanyId=30316&CompanyName=Gensol%20Engineering%20Limited,icra.in,N/A,7 hours ago Gensol Engineering Limited – 'ISSUER NOT COOPERATING' due to non-submission of No Default Statement (NDS) 06 Jun 2025
2026-01-21 23:10:16,Market Intelligence,Google Custom Search,N/A,Commercial real estate trends and insights | JLL India,https://www.jll.com/en-in/insights,jll.com,N/A,4 hours ago Experience matters. Insights from the JLL Global Consumer Experience Survey exploring the experience factors that drive urban excellence in real estate.
2026-01-21 23:10:16,Market Intelligence,Google Custom Search,N/A,NITI AAYOG,https://niti.gov.in/sites/default/files/2026-01/Vacancy_Circular_for_various_post_under_Flexi_posts.pdf,niti.gov.in,N/A,"3 hours ago a) Desirable Educational Qualification: i) Master's degree in Economics, International Economics, Applied Econometrics, Finance, or related fields from a"
2026-01-21 23:10:16,Market Intelligence,Google Custom Search,N/A,Sarfaesi And Others - SBI In the News,https://sbi.bank.in/web/sbi-in-the-news/auction-notices/sarfaesi-and-others,sbi.bank.in,N/A,"7 hours ago Description, Auction Date, Documents. AUCTION NOTICE FOR SALE OF PROPERTIES - SARB PATNA (05176), 18.02.2026. 1. S K TRADING ND CO, (PARTNERS: MS SONI"
2026-01-21 23:10:16,Market Intelligence,Google Custom Search,N/A,Featured Insights and Perspectives | BCG,https://www.bcg.com/publications,bcg.com,N/A,"2 hours ago The latest insights, ideas, and perspectives from BCG. Explore a cross-section of up-to-date content on the trends shaping the future of business and society."
2026-01-21 23:10:16,Market Intelligence,Google Custom Search,N/A,Telefónica: leading telecommunications company,https://www.telefonica.com/en/,telefonica.com,N/A,2 hours ago Deliver the best digital experience to our customers. Strategy. Transform and Grow is a roadmap that connects Telefónica's purpose with the opportunities of the
2026-01-21 23:10:16,Market Intelligence,Google Custom Search,N/A,UNIDO | United Nations Industrial Development Organization,https://www.unido.org/,unido.org,N/A,"8 hours ago UNIDO, is a specialized agency in the United Nations system, headquartered in Vienna. The Organization's objective is the promotion and acceleration of"
2026-01-21 23:10:16,Market Intelligence,Google Custom Search,N/A,"Tiruppur MP K. Subbarayan slams centre over US tariffs, warns of ...",https://www.dynamitenews.com/national/tiruppur-mp-k-subbarayan-slams-centre-over-us-tariffs-warns-of-textile-industry-collapse,dynamitenews.com,N/A,12 hours ago job losses and economic decline in regions heavily dependent on textile manufacturing. Indian textile industry crisis · MSME impact India · poultry farmers
2026-01-21 23:10:16,Market Intelligence,Google Custom Search,N/A,The Business of Fashion,https://www.businessoffashion.com/,businessoffashion.com,N/A,"2 hours ago Fashion news, analysis and advice from the leading digital authority on the global fashion industry."
2026-01-21 23:10:16,Market Intelligence,Google Custom Search,N/A,"Cheaper Cars, More Jobs: What the India-EU FTA Means for You",https://bigstorynetwork.com/content/cheaper-cars-more-jobs-what-the-india-eu-fta-means-for-you,bigstorynetwork.com,N/A,"8 hours ago India and EU set to sign ""Mother of All Deals"" FTA on Jan 27. Ursula von der Leyen confirms historic pact at Davos. Analysis of textile and auto sector"
2026-01-21 23:10:16,Market Intelligence,Google Custom Search,N/A,"Film Profitability Under Significant Pressure, HIUV Materials ...",https://now.solar/2026/01/21/film-profitability-under-significant-pressure-hiuv-materials-technology-projects-2025-loss-of-440-520-million-yuan-solarbe-global/,now.solar,N/A,"5 hours ago Film Profitability Under Significant Pressure, HIUV Materials Technology Projects 2025 Loss of 440–520 Million Yuan Solarbe Globalsource."
2026-01-21 23:10:16,Market Intelligence,Google Custom Search,N/A,Midday Review News NSE / BSE in India | Nirmal Bang,https://www.nirmalbang.com/stock-market-midday-review.aspx,nirmalbang.com,N/A,"15 hours ago Checkout review of news on the stock market and commodity market, live indices (Sensex, Nifty), capital market, analysis of share prices on equity,"
2026-01-21 23:10:16,Market Intelligence,Google Custom Search,N/A,N Madhavan: Read stories by N Madhavan on Mint.,https://www.livemint.com/authors/n-madhavan,livemint.com,N/A,"18 hours ago Madhavan loves writing on macro-economy, policy and corporates across diverse sectors. Equally love movies and reading. A Chevening Scholar."
2026-01-21 23:10:16,Market Intelligence,Google Custom Search,N/A,"Latest News, Breaking News Today - Bollywood, Cricket, Business ...",https://opinionexpress.in/,opinionexpress.in,N/A,"5 hours ago Check out the latest news from India and around the world. Latest India news on Bollywood, Politics, Business, Cricket, Technology and Travel."
2026-01-21 23:10:16,Market Intelligence,Google Custom Search,N/A,Advancing materials science,https://www.morganadvancedmaterials.com/en-gb/,morganadvancedmaterials.com,N/A,14 hours ago At Morgan Advanced Materials our purpose is to use advanced materials to help make more efficient use of the world's resources and to improve the quality of
2026-01-21 23:10:16,Market Intelligence,Google Custom Search,N/A,Top Transporters For Mumbai in Rafaleshwar - Best Transporters ...,https://www.justdial.com/Morbi/Transporters-For-Mumbai-in-Rafaleshwar/nct-10495845,justdial.com,N/A,"7 hours ago Popular Transporters For Mumbai in Rafaleshwar, Morbi · Shree Khatushyam All India Transport · Mahalaxmi Transport · Shree Rajmandir Roadways · Shree Mahakal"
2026-01-21 23:10:16,Market Intelligence,Google Custom Search,N/A,Gujarat Mineral Development Corporation Ltd,https://www.gmdcltd.com/,gmdcltd.com,N/A,3 hours ago GMDC Ltd. is one of India's premier mining organizations. We are the country's No.1 Merchant Seller and the No.2 Producer of Lignite.
2026-01-21 23:10:16,Market Intelligence,Google Custom Search,N/A,KAJARIACER Share Price | Kajaria Ceramics Ltd. Stock Analysis ...,https://www.marketsmojo.com/stocks-analysis/kajaria-ceramics-482661-0,marketsmojo.com,N/A,"3 hours ago Get Kajaria Ceramics Ltd. (KAJARIACER) share price, Mojo Score, PE ratio, returns & buy/sell recommendation. Stock analysis with financials & peer"
2026-01-21 23:10:16,Market Intelligence,Google Custom Search,N/A,Live Cloth online Tenders in India. Get all the latest Cloth Tender ...,https://www.gujarattenders.in/quicksearch.aspx?st=qs&o=1&si=2&tt=&SerCat=4&SerText=Cloth&tenders=Cloth+tenders,gujarattenders.in,N/A,8 hours ago Live Cloth online Tenders in India. Get all the latest Cloth Tender Document. Cloth Tender Corrigendum and News from all the Government Dept and Private
2026-01-21 23:10:16,Market Intelligence,Google Custom Search,N/A,"Rajkot News, Latest Rajkot News Headlines & Live Updates - Times ...",https://timesofindia.indiatimes.com/city/rajkot,timesofindia.indiatimes.com,N/A,"2 hours ago Rajkot News. TOI brings the latest Rajkot news headlines about Rajkot crime, Rajkot education news, Rajkot real estate news, Rajkot politics and Live"
2026-01-21 23:10:16,Market Intelligence,Google Custom Search,N/A,Aluminium Scrap Tenders,https://www.gujarattenders.in/quicksearch.aspx?st=qs&o=2&si=2&tt=&SerCat=4&SerText=Aluminium+Scrap&tenders=Aluminium+Scrap+tenders,gujarattenders.in,N/A,"7 hours ago Aluminium Scrap Tender Corrigendum and News from all the Government Dept and Private Company across India. 1. Sector, Electronics Tenders, Tender Value, N.A.."
2026-01-21 23:10:16,Market Intelligence,Google Custom Search,N/A,Latest Retail Property & Asset Auction Notices for Buyers | Axis Bank,https://www.axis.bank.in/auction-notices-retail,axis.bank.in,N/A,"3 hours ago Find all the latest corporate auction announcements, property listings, and bidding schedules. Stay informed and invest smartly with Axis Bank."
2026-01-21 23:10:16,Market Intelligence,Google Custom Search,N/A,Prism Johnson Share Price Today Live NSE/BSE Graph & Chart,https://www.kotakneo.com/stocks/prism-johnson-share-price/,kotakneo.com,N/A,"22 hours ago Prism Johnson Share Price - Get live NSE/BSE updates on Prism Johnson stock price including performance, fundamentals, market cap, shareholding,"
2026-01-21 23:10:16,Market Intelligence,Google Custom Search,N/A,Top diamond traders fix Feb 18 to shift to SDB | Surat News - The ...,https://timesofindia.indiatimes.com/city/surat/top-diamond-traders-fix-feb-18-to-shift-to-sdb/articleshow/126712132.cms,timesofindia.indiatimes.com,N/A,"13 hours ago However, enthusiasm among traders to relocate remains subdued, largely due to the ongoing slowdown in the diamond business. With shrinking demand and"
2026-01-21 23:10:16,Market Intelligence,Google Custom Search,N/A,"Business News Today: Stock and Share Market News, Economy ...",https://www.moneycontrol.com/,moneycontrol.com,N/A,"4 hours ago Business News Today: Read the latest business news on the Indian economy, global market, upcoming IPOs and more. Get Live Stock Price, Stock and Share"
2026-01-21 23:10:16,Market Intelligence,Google Custom Search,N/A,Jobs In Pune - 69597 Job Vacancies In Pune January 2026 - Naukri ...,https://www.naukri.com/jobs-in-pune,naukri.com,N/A,1 hour ago Servicenow Developer - HRSD - Bangalore/ Mumbai/ Pune · 3-6 Yrs · New ; Sap Ewm Functional Consultant · 6-11 Yrs · +1 ; Warehouse Manager · 12-22 Yrs · 1 day
2026-01-21 23:10:16,Market Intelligence,Google Custom Search,N/A,FIS Reviews by 6400+ Employees | Rated 3.8/5 | AmbitionBox,https://www.ambitionbox.com/reviews/fis-reviews,ambitionbox.com,N/A,9 hours ago Software Engineer in Bangalore / Bengaluru. Full Time. ·. Software Development Department. 2.0.
2026-01-21 23:10:16,Market Intelligence,Google Custom Search,N/A,"Hello people, I received an offer from THG Ingenui... | Fishbowl",https://www.fishbowlapp.com/post/hello-people-i-received-an-offer-from-thg-ingenuity-in-pune-the-offer-is-good-enough-as-per-my-expectations-but-the-offer-dbti-5,fishbowlapp.com,N/A,23 hours ago Advisory - data lead Data consultant- Bangalore/Hyderabad- 4-6yrs Let me know for referals. pune-the-offer-is-good-enough-as-per-my-expectations-but
2026-01-21 23:10:16,Market Intelligence,Google Custom Search,N/A,Persistent Systems Reviews by 4900+ Employees | Rated 3.6/5 ...,https://www.ambitionbox.com/reviews/persistent-systems-reviews,ambitionbox.com,N/A,5 hours ago Access to Udemy business that helps you find your next job. Dislikes. Their Layoffs are unofficial and worse than the American Companies. They ask you to resign
2026-01-21 23:10:16,Market Intelligence,Google Custom Search,N/A,Layoffs news: New York's iconic Met Opera to fire nearly 10 ...,https://www.livemint.com/companies/news/layoffs-news-new-yorks-iconic-met-opera-to-fire-nearly-10-administrative-staff-amid-financial-strain-11768954811777.html,livemint.com,N/A,17 hours ago The other measures that Metropolitan Opera has announced includes a salary cut for its top-paid employees and the postponement a new production from its
2026-01-21 23:10:16,Market Intelligence,Google Custom Search,N/A,Unilever to explore possibility of establishing GCC in Hyderabad ...,https://m.economictimes.com/industry/cons-products/fmcg/unilever-to-explore-possibility-of-establishing-gcc-in-hyderabad/articleshow/126921100.cms,m.economictimes.com,N/A,"14 hours ago State IT and Industries Minister D Sridhar Babu said Hyderabad is home to GCCs of several FMCG companies like McDonald's, Heineken and Costco. According to the"
2026-01-21 23:10:16,Market Intelligence,Google Custom Search,N/A,Search Jobs | Aptiv,https://www.aptiv.com/en/jobs/search,aptiv.com,N/A,"18 hours ago At Aptiv, we don't just see the world differently; we work to change it by developing technology that makes mobility safer, greener and more connected."
2026-01-21 23:10:16,Market Intelligence,Google Custom Search,N/A,"German MNC Salaries 2026 in India, Average salary ₹22 lakhs",https://6figr.com/in/salary/german-mnc,6figr.com,N/A,"7 hours ago Employees at German MNC earn an average of ₹22.0lakhs, mostly ranging from ₹15.0lakhs to ₹50.0lakhs based on 58 profiles."
2026-01-21 23:10:16,Market Intelligence,Google Custom Search,N/A,How AI is shaping workplaces: Leaders say THIS one thing can ...,https://timesofindia.indiatimes.com/life-style/relationships/work/how-ai-is-shaping-workplaces-leaders-say-this-one-thing-can-save-jobs-and-define-the-future-of-work/articleshow/126983944.cms,timesofindia.indiatimes.com,N/A,"5 hours ago Imagine this: You're scrolling job listings, heart sinking as \""AI-powered\"" pops up everywhere. After seeing huge layoffs, mainly in technology sector ."
2026-01-21 23:10:16,Market Intelligence,Google Custom Search,N/A,"Top PF Consultants in City Centre, Gwalior - Best PF Agents - Justdial",https://www.justdial.com/Gwalior/Provident-Fund-Consultants-in-City-Centre/nct-10393272,justdial.com,N/A,"4 hours ago In India, various seasons bring distinct changes that affect multiple sectors, including finance and consultancy services. Provident fund consultants play a"
2026-01-21 23:10:16,Market Intelligence,Google Custom Search,N/A,Achieving Efficiencies in MSME Sector through Convergence of ...,https://niti.gov.in/sites/default/files/2026-01/Achieving_Efficiencies_in_MSME_Sector_Through_Convergence_of_Schemes.pdf,niti.gov.in,N/A,"22 hours ago Micro, Small, and Medium Enterprises (MSMEs) are vital in India's economic landscape, Industrial Cluster Development Program, focused on strengthening"
2026-01-21 23:10:16,Market Intelligence,Google Custom Search,N/A,Tenders - Engineering Projects India Ltd.,https://epi.gov.in/tender,epi.gov.in,N/A,"5 hours ago Cluster, Faridabad, Publish Date: ( 01/02/2026 11:30 AM ) (EPI) A Government of India Enterprise under the aegis of Ministry of Heavy Industries."
2026-01-21 23:10:16,Market Intelligence,Google Custom Search,N/A,Business Loan Calculator - Business Loan EMI Calculator | Axis Bank,https://www.axis.bank.in/calculators/business-loan-calculator,axis.bank.in,N/A,"3 hours ago Business Loan Calculator - Calculate your EMI for a business loan, interest rates and eligibility by using Axis Bank business loan EMI Calculator."
2026-01-21 23:10:16,Market Intelligence,Google Custom Search,N/A,UNIDO | United Nations Industrial Development Organization,https://www.unido.org/,unido.org,N/A,"8 hours ago UNIDO, is a specialized agency in the United Nations system, headquartered in Vienna. The Organization's objective is the promotion and acceleration of"
2026-01-21 23:10:16,Market Intelligence,Google Custom Search,N/A,Administrative Procurement,https://www.worldbank.org/en/about/corporate-procurement/business-opportunities/administrative-procurement,worldbank.org,N/A,"18 hours ago Solicitation Title, Number, Issue Date, Closing Date. RFxNow 2019359 - ""Assessing Government-to-Person (G2P) Payments for Adaptive Social Protection in"
2026-01-21 23:10:16,Market Intelligence,Google Custom Search,N/A,Untitled,https://www.yamunaexpresswayauthority.com/web/wp-content/uploads/2026/01/YEIDA_Industrial-Plots_Brochure_20.01.2026.pdf,yamunaexpresswayauthority.com,N/A,22 hours ago BROCHURE CUM APPLICATION FORM FOR ALLOTMENT OF. INDUSTRIAL PLOTS. (Upto 8000 SQ. MTRS.) FOR. 1. TOY PARK. 2. GENERAL INDUSTRY/MSMEs. 3. APPAREL PARK.
2026-01-21 23:10:16,Market Intelligence,Google Custom Search,N/A,Telangana's Ambitious Life Sciences Policy: Aiming for $25 Billion ...,https://pharma.economictimes.indiatimes.com/news/policy-and-regulations/telangana-launches-new-life-sciences-policy-targets-25-bn-investment-by-2030/126982394,pharma.economictimes.indiatimes.com,N/A,6 hours ago manufacturing cluster in collaboration with the Government of India to promote collaboration and ease of entry for startups and MSMEs. The policy permits 24
2026-01-21 23:10:16,Market Intelligence,Google Custom Search,N/A,Indian Institute of Science,https://iisc.ac.in/,iisc.ac.in,N/A,4 hours ago 09 Jan · 08 Jan · 18 Dec · 09 Dec · 19 Nov · 14 Nov · 10 Nov · 28 Oct.
2026-01-21 23:10:16,Market Intelligence,Google Custom Search,N/A,Operational Excellence Consulting Bangalore – Improve Efficiency ...,https://www.dvconsulting.co.in/operational-excellence-consulting-bangalore/,dvconsulting.co.in,N/A,"5 hours ago Operational excellence consulting in Bangalore for MSMEs and manufacturers. Improve productivity, reduce costs, and scale operations with D&V Business"
2026-01-21 23:10:16,Market Intelligence,Google Custom Search,N/A,Ministry of Economy and Finance,http://english.moef.go.kr/,english.moef.go.kr,N/A,"9 hours ago Employment in manufacturing (-73,000) and construction (-125,000), however, remained on a declining trend. Among youth, the employment rate continued to"
2026-01-21 23:10:16,Market Intelligence,Google Custom Search,N/A,Today in Energy - U.S. Energy Information Administration (EIA),https://www.eia.gov/todayinenergy/,eia.gov,N/A,"3 hours ago Our gasoline price forecast generally follows a similar path as global crude oil prices, but decreasing U.S. refinery capacity this year may offset some of the"
2026-01-21 23:10:16,Market Intelligence,Google Custom Search,N/A,ICRA An Affiliate of Moody's,https://www.icra.in/,icra.in,N/A,"3 hours ago ICRA rates debt instruments issued by corporate entities, commercial banks, non-banking finance companies, financial institutions, public sector"
2026-01-21 23:10:16,Market Intelligence,Google Custom Search,N/A,ICIS pricing services for gobal commodity markets | ICIS,https://www.icis.com/explore/services/pricing/,icis.com,N/A,"3 hours ago Understand the impact on global export markets of newer entrants such manufacturing provides quality jobs and tax revenues, he pointed out. “LMAS"
2026-01-21 23:10:16,Market Intelligence,Google Custom Search,N/A,All Research Reports,https://www.icra.in/Research/AllResearchReports?isSpecialComments=False,icra.in,N/A,"5 hours ago The research reports are tailored to meet the requirements of banks, mutual funds, insurance companies, PEs or venture funds and corporates. Find Reports."
2026-01-21 23:10:16,Market Intelligence,Google Custom Search,N/A,"[21st January 2026] The Hindu OpED: To compete with China, India ...",https://www.civilsdaily.com/news/21st-january-2026-the-hindu-oped-to-compete-with-china-india-may-need-china/,civilsdaily.com,N/A,9 hours ago India's need for Chinese capital and components for manufacturing and exports. Cost Impact: Higher tariffs on Chinese inputs raise costs and reduce export
2026-01-21 23:10:16,Market Intelligence,Google Custom Search,N/A,'Rahul Gandhi had already warned': Congress as Trump imposes 25 ...,https://www.msn.com/en-in/news/India/rahul-gandhi-had-already-warned-congress-as-trump-imposes-25-tariffs-on-india-says-this-will-impact-our-economy/ar-AA1JAA88?cvid=B8A9EB465BAC4119AEF858223F6989C3&ocid=hpmsn&apiversion=v2&noservercache=1&domshim=1&renderwebcomponents=1&wcseo=1&batchservertelemetry=1&noservertelemetry=1,msn.com,N/A,"14 hours ago effect on the Indian economy, impacting exports, production, and job creation. Trump's board of peace: Which countries have accepted and declined the"
2026-01-21 23:10:16,Market Intelligence,Google Custom Search,N/A,Currencies Focus - January 2026,https://wealthmanagement.bnpparibas/lu/en/insights/market-analysis-/market-strategy/currencies-focus-january-2026.html,wealthmanagement.bnpparibas,N/A,"7 hours ago Indian exports recorded a decline but are expected to recover later in the The manufacturing PMI remained in contractionary territory at 46, and industrial"
2026-01-21 23:10:16,Market Intelligence,Google Custom Search,N/A,India Economic Pulse – EY India | EY - India,https://www.ey.com/en_in/services/tax/india-economic-pulse,ey.com,N/A,"5 hours ago Key highlights: Robust GDP growth: India's real GDP grew 8.2% in Q1FY26 driven by consumption, government capex and higher growth in manufacturing sector."
2026-01-21 23:10:16,Market Intelligence,Google Custom Search,N/A,Economic Outlook,https://economicoutlook.cmie.com/,economicoutlook.cmie.com,N/A,9 hours ago Economics for business. jargon free interpretation of current and prospective trends. A C-suite companion. your assistant to decipher the Indian economic
2026-01-21 23:10:16,Market Intelligence,Google Custom Search,N/A,News & Advisories | Maersk,https://www.maersk.com/news,maersk.com,N/A,"4 hours ago Subscribe for newsletters. Click below and fill in our newsletter subscription form to receive product and service updates, news and industry insights."
2026-01-21 23:10:16,Market Intelligence,Google Custom Search,N/A,Achieving Efficiencies in MSME Sector through Convergence of ...,https://niti.gov.in/sites/default/files/2026-01/Achieving_Efficiencies_in_MSME_Sector_Through_Convergence_of_Schemes.pdf,niti.gov.in,N/A,"22 hours ago Administrative Staff College of India, Hyderabad has received financial assistance under the Research. Scheme of NITI Aayog to prepare the report. While."
2026-01-21 23:10:16,Market Intelligence,Google Custom Search,N/A,ICIS pricing services for gobal commodity markets | ICIS,https://www.icis.com/explore/services/pricing/,icis.com,N/A,"3 hours ago All key factors through the value chain are included in our forecast methodology, from spot price movements, supply, demand, trade flows and production margins"
2026-01-21 23:10:16,Market Intelligence,Google Custom Search,N/A,Sarfaesi And Others - SBI In the News,https://sbi.bank.in/web/sbi-in-the-news/auction-notices/sarfaesi-and-others,sbi.bank.in,N/A,7 hours ago M/S R & R INDUSTRY : SALE NOTICE. AUCTION NOTICE FOR SALE OF PROPERTIES IMPORTANT: State Bank of India never ask for your user id / password / pin no.
2026-01-21 23:10:16,Market Intelligence,Google Custom Search,N/A,All Press Release: Press Information Bureau,https://www.pib.gov.in/AllRelease.aspx?PMO=1&MenuId=287&reg=6&lang=1,pib.gov.in,N/A,3 hours ago Cabinet. Cabinet approves equity support to Small Industries Development Bank of India Posted on: 21 Jan 2026; Cabinet approves continuation of Atal Pension
2026-01-21 23:10:16,Market Intelligence,Google Custom Search,N/A,Administrative Procurement,https://www.worldbank.org/en/about/corporate-procurement/business-opportunities/administrative-procurement,worldbank.org,N/A,"18 hours ago RFxNow 2020421 - ""Independent Final (Ex Post) Evaluation of the SPEIG Trust Fund: From Inception to Closure"", 0002020421, January 08,2026, January 22,2026."
2026-01-21 23:10:16,Market Intelligence,Google Custom Search,N/A,Yahoo - Wikipedia,https://en.wikipedia.org/wiki/Yahoo,en.wikipedia.org,N/A,"3 hours ago Yahoo is an American web portal that provides the search engine Yahoo Search and related services including My Yahoo, Yahoo Mail, Yahoo News, Yahoo Finance,"
2026-01-21 23:10:16,Market Intelligence,Google Custom Search,N/A,Press Release,"https://ser.indianrailways.gov.in/view_section.jsp?fontColor=black&backgroundColor=LIGHTSTEELBLUE&lang=0&id=0,4,423",ser.indianrailways.gov.in,N/A,"8 hours ago This is the Portal of Indian Railways, developed with an objective to enable a single window access to information and services being provided by the various"
2026-01-21 23:10:16,Market Intelligence,Google Custom Search,N/A,APEDA: Home,https://apeda.gov.in/,apeda.gov.in,N/A,7 hours ago Agricultural and Processed Food Products Export Development Authority APEDA.
2026-01-21 23:10:16,Market Intelligence,Google Custom Search,N/A,Self-employment in India: Promoting entrepreneurship for quality job ...,https://www.ideasforindia.in/topics/macroeconomics/self-employment-in-india-promoting-entrepreneurship-for-quality-job-creation,ideasforindia.in,N/A,"12 hours ago Source: Afridi (2025); Based on data from Periodic Labour Force Survey (PLFS), various years. The increase in the proportion of self-employed workers overall,"
2026-01-21 23:10:16,Market Intelligence,Google Custom Search,N/A,Procurement News - SBI In the News,https://sbi.bank.in/web/sbi-in-the-news/procurement-news,sbi.bank.in,N/A,"4 hours ago Location, Tender Description, Start Date, End Date. LHO, LUCKNOW, RBO-III SHAHJAHANPUR: NOTICE FOR HIRING OF PREMISES FOR STATE BANK OF INDIA ,RAUSAR BRANCH"
2026-01-21 23:10:16,Market Intelligence,Google Custom Search,N/A,Romania sees a sharp increase in Work Visa applications from India,https://www.y-axis.com/news/increase-in-work-visa-applications-from-india/,y-axis.com,N/A,20 hours ago Check your eligibility! Japan plans to introduce new migration programme for foreign nationals. Check your eligibility! Highlights: Japan Proposes New
2026-01-21 23:10:16,Market Intelligence,Google Custom Search,N/A,Beyond the Borders: Assessing the Impact of the EU AI Act on India's ...,https://www.isbf.edu.in/assets2/pdf/research-papers/Beyond-the-Borders-Assessing-the-Impact-of-the-EU-AI-Act-on-India%E2%80%99s-Labour-Market-Nishnk-De-Class-11.pdf,isbf.edu.in,N/A,"11 hours ago In summary, understanding the labour trade and investment streams will be crucial to protect. India's competitiveness in international trade and to support"
2026-01-21 23:10:16,Market Intelligence,Google Custom Search,N/A,Rohingya people - Wikipedia,https://en.wikipedia.org/wiki/Rohingya_people,en.wikipedia.org,N/A,"5 hours ago The waves of migration were primarily due to the requirement of cheap labour from British India to work in the paddy fields. This stimulated a ""reverse ethnic"
2026-01-21 23:10:16,Market Intelligence,Google Custom Search,N/A,Reversal Confirmed Morganite Crucible (India) Limited Stock Rallies ...,https://www.fourstar.bm/video/Reversal-Confirmed-Morganite-Crucible-(India)-Limited-Stock-Rallies-Above-MA,fourstar.bm,N/A,20 hours ago 【Stock Chat Room】✌️Invest $100 in blockchain and earn up to 100% returns monthly.
2026-01-21 23:10:16,Market Intelligence,Google Custom Search,N/A,Latest Procurement Information: Tender Details | IOB,https://www.iob.bank.in/TenderDetails.aspx?Tendertype=Tender,iob.bank.in,N/A,10 hours ago Tenders ; 12 · 13 ; TENDER IN SEARCH OF COMMERCIAL PREMISES TOWARDS OPENING OF LOAN PROCESSING CENTER - Regional Office Dehradun · Cancellation notice of RFP REF.
2026-01-21 23:10:16,Market Intelligence,Google Custom Search,N/A,Neolithic Revolution - Wikipedia,https://en.wikipedia.org/wiki/Neolithic_Revolution,en.wikipedia.org,N/A,3 hours ago Archaeological data indicate that the food producing domestication of some types of wild animals and plants happened independently in separate locations
2026-01-21 23:10:16,Market Intelligence,Google Custom Search,N/A,Restaurants and Bars at Hyderabad Airport,https://www.hyderabad.aero/eat.aspx,hyderabad.aero,N/A,23 hours ago Third Wave Coffee. Third Wave Coffee was born with the intention of introducing India to a perfectly brewed cup of coffee. Our vision is to curate the nest
2026-01-21 23:10:16,Market Intelligence,Google Custom Search,N/A,CMIE,https://www.cmie.com/,cmie.com,N/A,"6 hours ago Private capex turnaround. Big spike in private sector investment proposals Year Rs. trillion Centre for Monitoring Indian Economy Pvt. Ltd., 15 Jan 2026 FY96"
2026-01-21 23:10:16,Market Intelligence,Google Custom Search,N/A,Economic Outlook,https://economicoutlook.cmie.com/,economicoutlook.cmie.com,N/A,9 hours ago partner. Inflation in CPI (YoY %). 1.33. Dec 2025. Unemployment rate (%). 6.91. Dec 2025. Know where the Indian economy stands and where it is likely headed.
2026-01-21 23:10:16,Market Intelligence,Google Custom Search,N/A,India Imports By Category,https://tradingeconomics.com/india/imports-by-category,tradingeconomics.com,N/A,"9 hours ago India's total Imports in 2024 were valued at US$697.75 Billion, according to the United Nations COMTRADE database on international trade."
2026-01-21 23:10:16,Market Intelligence,Google Custom Search,N/A,Economy of Iran - Wikipedia,https://en.wikipedia.org/wiki/Economy_of_Iran,en.wikipedia.org,N/A,"16 hours ago It consists of hydrocarbon, agricultural and service sectors, in addition to manufacturing and financial services, [25] with over 40 industries traded on the"
2026-01-21 23:10:16,Market Intelligence,Google Custom Search,N/A,India Exports of Manufactured Goods,https://tradingeconomics.com/india/exports-of-manufactured-goods,tradingeconomics.com,N/A,6 hours ago Reliance Industries earnings below expectations at 14.40 INR · India Unemployment Rate Holds Close to Record Low · India Trade Deficit Widens in December.
2026-01-21 23:10:16,Market Intelligence,Google Custom Search,N/A,Ministry of Economy and Finance,http://english.moef.go.kr/,english.moef.go.kr,N/A,"9 hours ago PRESS RELEASES · 16 Jan. 2026. Current Economic Situation, January 2026. In November 2025, industrial production, services production, facilities investment and"
2026-01-21 23:10:16,Market Intelligence,Google Custom Search,N/A,"Welcome to Jharniyojan, Department of Labour, Jharkhand, Jobs ...",https://jharniyojan.jharkhand.gov.in/,jharniyojan.jharkhand.gov.in,N/A,11 hours ago To provide job opportunities to local candidate in jharkhand.Find jobs in private sector in jharniyojan portal jharkhand .Connect with 7000+ employers.
2026-01-21 23:10:16,Market Intelligence,Google Custom Search,N/A,ICIS pricing services for gobal commodity markets | ICIS,https://www.icis.com/explore/services/pricing/,icis.com,N/A,"3 hours ago All key factors through the value chain are included in our forecast methodology, from spot price movements, supply, demand, trade flows and production margins"
2026-01-21 23:10:16,Market Intelligence,Google Custom Search,N/A,Currencies Focus - January 2026,https://wealthmanagement.bnpparibas/en/insights/market-strategy/currencies-focus-january-2026.html,wealthmanagement.bnpparibas,N/A,8 hours ago Australian headline CPI inflation printed below expectations at 3.4% y/y in November while the unemployment rate remained unchanged at 4.3 %. The manufacturing
2026-01-21 23:10:16,Market Intelligence,Google Custom Search,N/A,India's Manufacturing Mission: What Make in India Got Right and ...,https://ipfonline.com/news/detail/abrasivesfinishingequipment/indias-manufacturing-mission-what-make-in-india-got-right-and-wrong/18519,ipfonline.com,N/A,"6 hours ago As global manufacturing turns VUCA, the next phase must focus on value addition, jobs and ecosystems, says Dr Prateek Bedi, Assistant Professor, Finance and"
2026-01-21 23:10:16,Market Intelligence,Google Custom Search,N/A,"Reliance Industries Limited Share Price Today, Stock Price, Live ...",https://www.nseindia.com/get-quotes/derivatives?symbol=RELIANCE,nseindia.com,N/A,"14 hours ago Reliance Industries Limited Live NSE Share Price: Get the latest Reliance Industries Limited news, company updates, quotes, offers, annual financial reports"
2026-01-21 23:10:16,Market Intelligence,Google Custom Search,N/A,IND vs NZ 1st T20I LIVE Score: Arshdeep Singh strikes after ...,https://www.livemint.com/sports/cricket-news/ind-vs-nz-2026-1st-t20-live-score-india-vs-new-zealand-national-cricket-team-match-today-scorecard-21-january-11768987774518.html,livemint.com,N/A,"2 hours ago Another four at the same area as India finish at 238/7 in 20 overs. Rinku finishes with 44 not out off 20 balls. 21 Jan 2026, 08:38:54 PM IST. India Vs New"
2026-01-21 23:10:16,Market Intelligence,Google Custom Search,N/A,The Boeing Company Official Website,https://www.boeing.com/,boeing.com,N/A,"4 hours ago Welcome to the official corporate site for the world's largest aerospace company and leading manufacturer of commercial jetliners and defense,"
2026-01-21 23:10:16,Market Intelligence,Google Custom Search,N/A,Solar Industries India Ltd CE Option | ₹14750 Strike Price | 27-01 ...,https://www.indiainfoline.com/company/solar-industries-india-ltd/options/27-01-2026-ce-14750,indiainfoline.com,N/A,"3 hours ago solarinds 27-01-2026 ce 14750. ₹2.10. -3.90 (-65.00%) Change Arrow. CMP as on Wednesday, January 21, 2026 3:30:01 PM. Option Chain. Expiry Date. 27-01-2026."
2026-01-21 23:10:16,Market Intelligence,Google Custom Search,N/A,Delhi - Wikipedia,https://en.wikipedia.org/wiki/Delhi,en.wikipedia.org,N/A,"9 hours ago Delhi, officially the National Capital Territory (NCT) of Delhi, is a megacity and a union territory of India containing New Delhi, the capital of India."
2026-01-21 23:10:16,Market Intelligence,Google Custom Search,N/A,"Tiruvarur District, Government of Tamil Nadu | Land of Agriculture ...",https://tiruvarur.nic.in/,tiruvarur.nic.in,N/A,6 hours ago Geographical Position : · Latitude (N-S) : Between 10 20′ And 11 07′ · Longitude (E-W) : Between 79 15′ And 79 45′ · Mean Sea Level : 10 meters · Area : 2374 Sq.Kms.
2026-01-21 23:10:16,Market Intelligence,Google Custom Search,N/A,Dassault Rafale - Wikipedia,https://en.wikipedia.org/wiki/Dassault_Rafale,en.wikipedia.org,N/A,"6 hours ago The Dassault Rafale is a French twin-engine, canard delta wing, multirole fighter aircraft designed and built by Dassault Aviation."
2026-01-21 23:10:16,Market Intelligence,Google Custom Search,N/A,Cummins | A Global Power Technology Leader,https://www.cummins.com/,cummins.com,N/A,"3 hours ago Cummins specializes in diesel and alternative fuel engines and generators, and related components and technology. Learn more at cummins.com."
2026-01-21 23:10:16,Market Intelligence,Google Custom Search,N/A,"Bank Nifty Live Chart: Today Bank Nifty Future Prediction, Trends ...",https://enrichmoney.in/bank-nifty-news-research-analysis-chart,enrichmoney.in,N/A,"8 hours ago 112, AKR Tech Park, ""A"" Block, Ground Floor, 7th Mile Hosur Road, Krishna Reddy Industrial Area, Bengaluru, Karnataka, India - 560068. Registered Address: New."
2026-01-21 23:10:16,Market Intelligence,Google Custom Search,N/A,The Singareni Collieries Company Limited (A Government Company),https://scclmines.com/,scclmines.com,N/A,"9 hours ago 2026 5 PM . © 2013 SCCL Mines, All rights reserved. Site last updated"
2026-01-21 23:10:16,Market Intelligence,Google Custom Search,N/A,Namma Metro - Wikipedia,https://en.wikipedia.org/wiki/Namma_Metro,en.wikipedia.org,N/A,"5 hours ago Namma Metro ; Namma Metro ; Overview ; Native name, ನಮ್ಮ ಮೆಟ್ರೋ ; Owner, Bangalore Metro Rail Corporation Limited (BMRCL) ; Locale, Bengaluru."
2026-01-21 23:10:16,Market Intelligence,Google Custom Search,N/A,KEC International,https://www.kecrpg.com/,kecrpg.com,N/A,"6 hours ago RAILWAYS. Turnkey Railway Construction-Civil Infra, Tracks, Signalling & Telecommunication and Railway Electrification. Read More >>."
2026-01-21 23:10:16,Market Intelligence,Google Custom Search,N/A,Government eProcurement System,https://etenders.gov.in/eprocure/app?component=%24DirectLink&page=FrontEndTendersByOrganisation&service=direct&sp=SBHgI013YJrPRYhqXDt5TRg%3D%3D,etenders.gov.in,N/A,2 hours ago Delhi and Haryana on item rate basis.] [NHAI/CMU/MTR/Badarpur Drain/NH [Construction of Integrated Elevated metro cum Overpass and Flyover from 14 no.
2026-01-21 23:10:16,Market Intelligence,Google Custom Search,N/A,Procurement News - SBI In the News,https://sbi.bank.in/web/sbi-in-the-news/procurement-news,sbi.bank.in,N/A,"3 hours ago SBI/GITC/Estate/2025/2026/1430: TENDER NOTICE FOR SELECTION OF THE PROJECT MANAGEMENT CONSULTANT (PMC) FOR RE-DEVELOPMENT & CONSTRUCTION LHO, MUMBAI METRO"
2026-01-21 23:10:16,Market Intelligence,Google Custom Search,N/A,"Bangalore to Mumbai Flights, Ticket Price from INR 4,661 | Air India",https://www.airindia.com/en-in/book-flights/bangalore-to-mumbai-flights,airindia.com,N/A,"3 hours ago Information on flights from Bangalore to Mumbai. As one of the major metropolitan cities of India, Mumbai attracts both business and leisure travellers from"
2026-01-21 23:10:16,Market Intelligence,Google Custom Search,N/A,eProcurement System Government of India,https://eprocure.gov.in/eprocure/app?component=%24DirectLink&page=FrontEndTendersByOrganisation&service=direct&sp=SaNQkFYrq2Ejxc9TMUtutTtS0Fec7wUuNy1YFXyqSerE%3D,eprocure.gov.in,N/A,"7 hours ago Ministry of Road Transport and Highways||P6 Delhi - MoRTH||RO Bangalore - MoRTH||NH Division-Bangalore - MoRTH. 7, 20-Jan-2026 06:55 PM, 02-Feb-2026 12:00 PM"
2026-01-21 23:10:16,Market Intelligence,Google Custom Search,N/A,36075 Diploma Rail Job Vacancies In January 2026 - Naukri.com,https://www.naukri.com/diploma-rail-jobs-2,naukri.com,N/A,"21 hours ago Metro Rail · Civil Construction · Metro Station · Bar Bending Schedule company-location Mumbai(Bhandup East), Mumbai (All Areas). company"
2026-01-21 23:10:16,Market Intelligence,Google Custom Search,N/A,"Delhi Mumbai Expressway Route, Map, & Latest Updates",https://www.magicbricks.com/blog/delhi-mumbai-expressway/127408.html,magicbricks.com,N/A,"17 hours ago Currently under construction, the expressway is maintained by NHAI (National Highways Authority of India) and is part of the Bharatmala Yojana. Almost 774 km of"
2026-01-21 23:10:16,Market Intelligence,Google Custom Search,N/A,PLASTINDIA 2026 | India's Premier Plastics Exhibition,https://plastindia.org/plastindia-2026,plastindia.org,N/A,"3 hours ago Join PLASTINDIA 2026 – the leading international plastics exhibition and conference in India. Explore innovations, network with industry leaders,"
2026-01-21 23:10:16,Market Intelligence,Google Custom Search,N/A,Pre-Summit Events,https://impact.indiaai.gov.in/home/pre-summit-events,impact.indiaai.gov.in,N/A,"4 hours ago The conference was held as a key precursor to the India AI Impact Summit 2026, bringing together national and state leadership, policymakers, industry, startups"
2026-01-21 23:10:16,Market Intelligence,Google Custom Search,N/A,eProcurement System Government of India,https://eprocure.gov.in/eprocure/app?component=%24DirectLink&page=FrontEndTendersByOrganisation&service=direct&sp=SaNQkFYrq2Ejxc9TMUtutTtS0Fec7wUuNy1YFXyqSerE%3D,eprocure.gov.in,N/A,"7 hours ago S.No, e-Published Date, Closing Date, Opening Date, Title and Ref.No./Tender ID, Organisation Chain. 1, 21-Jan-2026 03:00 PM, 07-Mar-2026 12:00 PM"
2026-01-21 23:10:16,Market Intelligence,Google Custom Search,N/A,North Eastern Railway,https://ner.indianrailways.gov.in/,ner.indianrailways.gov.in,N/A,"9 hours ago This is the Portal of Indian Railways, developed with an objective to enable a single window access to information and services being provided by the various"
2026-01-21 23:10:16,Market Intelligence,Google Custom Search,N/A,Government eProcurement System,https://etenders.gov.in/eprocure/app?component=%24DirectLink&page=FrontEndTendersByOrganisation&service=direct&sp=SpUU0rj42FI3UoCfR2Ztdaw%3D%3D,etenders.gov.in,N/A,"3 hours ago S.No, e-Published Date, Closing Date, Opening Date, Title and Ref.No./Tender ID, Organisation Chain. 1, 21-Jan-2026 06:55 PM, 11-Feb-2026 06:00 PM"
2026-01-21 23:10:16,Market Intelligence,Google Custom Search,N/A,Surat Municipal Corporation,https://www.suratmunicipal.gov.in/,suratmunicipal.gov.in,N/A,3 hours ago Surat Municipal Corporation (SMC) is the Urban Local Government (ULB) for the city of Surat.
2026-01-21 23:10:16,Market Intelligence,Google Custom Search,N/A,Press Release,"https://ser.indianrailways.gov.in/view_section.jsp?fontColor=black&backgroundColor=LIGHTSTEELBLUE&lang=0&id=0,4,423",ser.indianrailways.gov.in,N/A,"8 hours ago This is the Portal of Indian Railways, developed with an objective to enable a single window access to information and services being provided by the various"
2026-01-21 23:10:16,Market Intelligence,Google Custom Search,N/A,eProcurement System Government of Himachal Pradesh,https://hptenders.gov.in/nicgep/app?component=%24DirectLink&page=FrontEndTendersByOrganisation&service=direct,hptenders.gov.in,N/A,"14 hours ago S.No, e-Published Date, Closing Date, Opening Date, Title and Ref.No./Tender ID, Organisation Chain. 1, 21-Jan-2026 09:00 AM, 27-Jan-2026 09:00 AM"
2026-01-21 23:10:16,Market Intelligence,Google Custom Search,N/A,Tenders Details,https://vmc.gov.in/TenderDetails.aspx,vmc.gov.in,N/A,"1 hour ago Download Tender Forms ; Tender Upload Date 21-JAN-2026 ; 2526_1072-1, Road Project Department, Annual rate contract for footpath, service track work of paver"
2026-01-21 23:10:16,Market Intelligence,Google Custom Search,N/A,NTPC Limited eProcurement Portal,https://eprocurentpc.nic.in/nicgep/app?component=%24DirectLink&page=FrontEndTendersByOrganisation&service=direct&sp=Sqfblx59yAoI1GX2pEwmyXg%3D%3D,eprocurentpc.nic.in,N/A,"6 hours ago S.No, e-Published Date, Closing Date, Opening Date, Title and Ref.No./Tender ID, Organisation Chain. 1, 21-Jan-2026 04:30 PM, 02-Feb-2026 04:00 PM"
2026-01-21 23:10:16,Market Intelligence,Google Custom Search,N/A,eTendering System Government of Kerala,https://etenders.kerala.gov.in/nicgep/app?component=%24DirectLink&page=FrontEndTendersByOrganisation&service=direct&sp=Sqfblx59yAoI1GX2pEwmyXg%3D%3D,etenders.kerala.gov.in,N/A,"4 hours ago S.No, e-Published Date, Closing Date, Opening Date, Title and Ref.No./Tender ID, Organisation Chain. 1, 21-Jan-2026 06:30 PM, 28-Jan-2026 06:00 PM"
2026-01-21 23:10:16,Market Intelligence,Google Custom Search,N/A,eProcurement System Government of Punjab,https://eproc.punjab.gov.in/nicgep/app?component=%24DirectLink&page=FrontEndTendersByOrganisation&service=direct&sp=S%2Bt7ylexecXeEINPR4PWtnw%3D%3D,eproc.punjab.gov.in,N/A,"3 hours ago S.No, e-Published Date, Closing Date, Opening Date, Title and Ref.No./Tender ID, Organisation Chain. 1, 21-Jan-2026 05:00 PM, 16-Feb-2026 11:00 AM"
2026-01-21 23:10:16,Market Intelligence,Google Custom Search,N/A,Administrative Procurement,https://www.worldbank.org/en/about/corporate-procurement/business-opportunities/administrative-procurement,worldbank.org,N/A,"18 hours ago Business Opportunities. Current Opportunities. Solicitation Title, Number, Issue Date RFxNow 2020547 - "" Lebanon Airports PPP Project - Legal Consultant"""
2026-01-21 23:10:16,Market Intelligence,Google Custom Search,N/A,Company Overview | Cummins Inc.,https://www.cummins.com/company,cummins.com,N/A,"9 hours ago Headquartered in Columbus, IN, USA, Cummins designs, manufactures, sells and services diesel and alternative fuel engines, generators and related"
2026-01-21 23:10:16,Market Intelligence,Google Custom Search,N/A,Harley-Davidson - Wikipedia,https://en.wikipedia.org/wiki/Harley-Davidson,en.wikipedia.org,N/A,"7 hours ago Harley-Davidson is noted for a style of customization that gave rise to the chopper motorcycle style. The company traditionally marketed heavyweight, air-cooled"
2026-01-21 23:10:16,Market Intelligence,Google Custom Search,N/A,"""Socio-Cultural and Economic Implications of Developing ...",https://www.jetir.org/papers/JETIR2601278.pdf,jetir.org,N/A,"9 hours ago for goods and services, temporary business expansion, and government investments (NITI Aayog, 2019). (iii) Temporary displacement during road widening and"
2026-01-21 23:10:16,Market Intelligence,Google Custom Search,N/A,Delhi - Wikipedia,https://en.wikipedia.org/wiki/Delhi,en.wikipedia.org,N/A,"9 hours ago Delhi, officially the National Capital Territory (NCT) of Delhi, is a megacity and a union territory of India containing New Delhi, the capital of India."
2026-01-21 23:10:16,Market Intelligence,Google Custom Search,N/A,Bosch Center for Artificial Intelligence | Bosch Global,https://www.bosch.com/research/bcai/,bosch.com,N/A,"10 hours ago India, Germany, and Israel, the BCAI conducts cutting-edge research using one of the world's largest datasets. The focus is on creating safe, secure, robust"
2026-01-21 23:10:16,Market Intelligence,Google Custom Search,N/A,Heavy-Duty Poclain Excavators Built for Tough Jobs | Get the Latest ...,https://www.justdial.com/india/Poclain-Digging-Machine,justdial.com,N/A,5 hours ago Poclain excavators have established themselves as a vital piece of machinery within the construction and heavy equipment industries in India. These versatile
2026-01-21 23:10:16,Market Intelligence,Google Custom Search,N/A,Key Selection Criteria for Mobile Fuel Dispensers in Construction ...,https://chintanengineers.in/key-selection-criteria-for-mobile-fuel-dispensers-in-constru/,chintanengineers.in,N/A,"10 hours ago For industries operating in remote locations—such as highway construction, mining, and large-scale agriculture—fuel management is often the single largest"
2026-01-21 23:10:16,Market Intelligence,Google Custom Search,N/A,Streamlining Financial Reporting In General Ledger (GL) / Record ...,https://www.myndsolution.com/best-practices/streamlining-financial-reporting-in-general-ledger-gl-record-to-report-r2r-process-in-india/,myndsolution.com,N/A,"5 hours ago Accelerating Financial Insights: Unpacking Streamlined R2R for Indian Businesses In today's dynamic Indian economic landscape, swift and accurate fina"
2026-01-21 23:10:16,Market Intelligence,Google Custom Search,N/A,Untitled,https://bankofbaroda.bank.in/tenders/zonal-regional-offices,bankofbaroda.bank.in,N/A,"4 hours ago Credit Card. Bank of Baroda offers various types of personal banking cards such as Credit, Debit, Prepaid, Business & Travel Cards. Choose the one best suited"
2026-01-21 23:10:16,Market Intelligence,Google Custom Search,N/A,Delhi - Wikipedia,https://en.wikipedia.org/wiki/Delhi,en.wikipedia.org,N/A,"3 hours ago For other uses, see Delhi (disambiguation). Delhi, officially the National Capital Territory (NCT) of Delhi, is a megacity and a"
2026-01-21 23:10:16,Market Intelligence,Google Custom Search,N/A,Publications - Sustainable Futures Collaborative,https://www.sustainablefutures.org/publications/,sustainablefutures.org,N/A,3 hours ago It calls for efforts to tangibly reduce common sources of air pollution and climate change to immediately lower their combined effects on daily mortality and
2026-01-21 23:10:16,Market Intelligence,Google Custom Search,N/A,The World Economic Forum,https://www.weforum.org/,weforum.org,N/A,3 hours ago Learn about World Economic Forum's latest work and impact through the latest key messages on our Homepage.
2026-01-21 23:10:16,Market Intelligence,Google Custom Search,N/A,"The Economic Times: Business News Live, Share Market News ...",https://m.economictimes.com/,m.economictimes.com,N/A,"8 hours ago Business news today: Read India Business News Live. Latest Business news and updates on Finance, share market, IPO, and economy. Discover Business News"
2026-01-21 23:10:16,Market Intelligence,Google Custom Search,N/A,Blog | Property Insights & Buyer Guides by Vital Space,https://vitalspace.in/blog,vitalspace.in,N/A,"8 hours ago Are you looking for a premium 3 BHK apartment in Ahmedabad. Or maybe a premium 4 BHK apartment for sale? Also, you maybe be looking at even larger units"
2026-01-21 23:10:16,Market Intelligence,Google Custom Search,N/A,Top Project Reports On Real Estate Agents in Lucknow near me ...,https://www.justdial.com/Lucknow/Project-Reports-On-Real-Estate-Agents/nct-10391442,justdial.com,N/A,"9 hours ago Project Reports On Real Estate Agents in Lucknow - Unlock the secrets to successful property deals! Access top-notch reports for buying, selling,"
2026-01-21 23:10:16,Market Intelligence,Google Custom Search,N/A,The Diplomat – Asia-Pacific Current Affairs Magazine,https://thediplomat.com/,thediplomat.com,N/A,"3 hours ago In-depth analysis and commentary on events across the Asia-Pacific region, with a focus on geopolitics, defense, economics, social, and environmental"
2026-01-21 23:10:16,Market Intelligence,Google Custom Search,N/A,UNIDO | United Nations Industrial Development Organization,https://www.unido.org/,unido.org,N/A,"8 hours ago UNIDO, is a specialized agency in the United Nations system, headquartered in Vienna. The Organization's objective is the promotion and acceleration of"
2026-01-21 23:10:16,Market Intelligence,Google Custom Search,N/A,Pondicherry University,https://www.pondiuni.edu.in/,pondiuni.edu.in,N/A,"4 hours ago We offer our students a research-enriched education that is complemented by work-integrated learning opportunity. Pondicherry University, accredited with “A+”"
2026-01-21 23:10:16,Market Intelligence,Google Custom Search,N/A,Bloomberg Green - Bloomberg,https://www.bloomberg.com/green,bloomberg.com,N/A,"10 hours ago Climate news and data-driven insights from Bloomberg's global newsroom covering the latest in science, environmental impacts, zero-emission tech and green"
2026-01-21 23:10:16,Market Intelligence,Google Custom Search,N/A,Commercial Real Estate Associate Job in Randstad India Limited at ...,https://www.shine.com/jobs/commercial-real-estate-associate/randstad-india-limited/18450558,shine.com,N/A,15 hours ago Job Description. Role Overview: You will be responsible for evaluating moderately complex financial performance of borrowers and guarantors based on various
2026-01-21 23:10:16,Market Intelligence,Google Custom Search,N/A,Flexible Commercial Lending Jobs – Apply Today to Work From ...,https://www.indeed.com/q-commercial-lending-l-remote-jobs.html,indeed.com,N/A,"13 hours ago Browse 160 Commercial Lending job openings from Remote. Discover flexible, work-from-home opportunities on Indeed in fields like tech, admin, and customer"
2026-01-21 23:10:16,Market Intelligence,Google Custom Search,N/A,My portfolio Share your view - Retail Investor Activity & Free Wealth ...,https://kuerp.kskvku.ac.in/sensitivity-analysis/My-portfolio-Share-your-view,kuerp.kskvku.ac.in,N/A,21 hours ago work of saving the blind was not stopped by the impact of the pandemic. My portfolio Share your view ✌️【Investor Updates】✌️ Thousands trust our system
2026-01-21 23:10:16,Market Intelligence,Google Custom Search,N/A,Commercial real estate trends and insights | JLL,https://www.jll.com/en-us/insights,jll.com,N/A,2 hours ago Stay up to date with the market trends shaping the future of real estate. Subscribe to our newsletter to receive the latest insights delivered to your
2026-01-21 23:10:16,Market Intelligence,Google Custom Search,N/A,Careers | EY - India,https://www.ey.com/en_in/careers,ey.com,N/A,"4 hours ago We bring extraordinary people, like you, together to build a better working world. Learn more."
2026-01-21 23:10:16,Market Intelligence,Google Custom Search,N/A,Internships for students,https://www.amazon.jobs/teams/internships-for-students,amazon.jobs,N/A,"8 hours ago Discover Amazon internship opportunities for students worldwide. From tech and business to operations, launch your career with hands-on experience at a"
2026-01-21 23:10:16,Market Intelligence,Google Custom Search,N/A,"Work From Anywhere – 19,835 Work From Home Online Jobs ...",https://ca.indeed.com/q-work-from-home-online-jobs.html,ca.indeed.com,N/A,3 hours ago See your impact every shift with work that's hands-on and rewarding. Transform retail spaces by setting up and stocking products using Plan-o-grams. Team
2026-01-21 23:10:16,Market Intelligence,Google Custom Search,N/A,28 Vacancies - Osborne Clarke,https://careers.osborneclarke.com/vacancies/vacancy-search-results.aspx,careers.osborneclarke.com,N/A,10 hours ago Careers Home · Vacancies · Home · 0 We have an opportunity for a Paralegal to support our Real Estate department in delivering commercial real estate work.
2026-01-21 23:10:16,Market Intelligence,Google Custom Search,N/A,Career Search | Novartis,https://www.novartis.com/careers/career-search,novartis.com,N/A,3 hours ago Explore opportunities with Novartis below. Notice to applicants for US job openings. Learn More.
2026-01-21 23:10:16,Market Intelligence,Google Custom Search,N/A,"Work From Anywhere – 5,400 Work From Home £50,000 Jobs ...","https://uk.indeed.com/q-work-from-home-%C2%A350,000-jobs.html",uk.indeed.com,N/A,"3 hours ago work. You will measure the progress of these AI chatbots,… Real Estate Agent. MyFirst Insurance LTD. Remote. This role offers an exciting opportunity to"
2026-01-21 23:10:16,Market Intelligence,Google Custom Search,N/A,HIMSS: Healthcare Information and Management Systems Society,https://www.himss.org/,himss.org,N/A,"20 hours ago HIMSS is your partner in healthcare innovation, management & technology. Join our community to explore resources, events & courses to transform global"
2026-01-21 23:10:16,Market Intelligence,Google Custom Search,N/A,Administrative Procurement,https://www.worldbank.org/en/about/corporate-procurement/business-opportunities/administrative-procurement,worldbank.org,N/A,"18 hours ago RFxNow 2019750 - ""Terms of Reference (ToR) Data Collection Firm for Baseline Assessment of SSPIRIT project "", 0002019750, January 08,2026, January 20,2026."
2026-01-21 23:10:16,Market Intelligence,Google Custom Search,N/A,Center for Global Development | Ideas to Action,https://www.cgdev.org/,cgdev.org,N/A,6 hours ago The Center for Global Development works to reduce global poverty and improve lives through innovative economic research that drives better policy
2026-01-21 23:10:16,Market Intelligence,Google Custom Search,N/A,School of Cities: Experiment Collaborate Engage,https://schoolofcities.utoronto.ca/,schoolofcities.utoronto.ca,N/A,"9 hours ago In October 2025, professors Aditi Mehta and David Roberts travelled to Mumbai, India with 12 undergraduate students from University of Toronto and Ashoka"
2026-01-21 23:10:16,Market Intelligence,Google Custom Search,N/A,Untitled,https://bankofbaroda.bank.in/tenders/zonal-regional-offices,bankofbaroda.bank.in,N/A,4 hours ago India. Bank of Baroda International Territories Websites. Australia IndiaFirst Life Smart Retirement Plan · IndiaFirst Life Super Protection Plan
2026-01-21 23:10:16,Market Intelligence,Google Custom Search,N/A,Home - Médecins Sans Frontières(MSF)/Doctors Without Borders,https://msfsouthasia.org/,msfsouthasia.org,N/A,4 hours ago YEARS OF HUMANITY · Projects in South Asia · Afghanistan · Bangladesh · India · Pakistan · View all stories · News & Stories
2026-01-21 23:10:16,Market Intelligence,Google Custom Search,N/A,Cummins Newsroom | Cummins Inc.,https://www.cummins.com/news,cummins.com,N/A,"8 hours ago Welcome to the era of smarter, cleaner power. Progress never stops, and neither do we. Explore the latest news and thought leadership in the world of Cummins."
2026-01-21 23:10:16,Market Intelligence,Google Custom Search,N/A,Harley-Davidson - Wikipedia,https://en.wikipedia.org/wiki/Harley-Davidson,en.wikipedia.org,N/A,"7 hours ago Founded in 1903, it is one of two major American motorcycle manufacturers to survive the Great Depression along with its historical rival, Indian Motorcycle"
2026-01-21 23:10:16,Market Intelligence,Google Custom Search,N/A,A Sample Grant Proposal on “Smart Cities Approaches for Climate ...,https://www.fundsforngos.org/all-proposals/a-sample-grant-proposal-on-smart-cities-approaches-for-climate-resilience/,fundsforngos.org,N/A,"13 hours ago Project Summary Cities are on the frontlines of climate change, facing increasing risks from extreme heat, flooding, water scarcity, and air pollution."
2026-01-21 23:10:16,Market Intelligence,Google Custom Search,N/A,Guide to creating urban public for children,https://iris.who.int/server/api/core/bitstreams/7b9e9b13-4224-4cd4-a7bd-d9a872a74d3a/content,iris.who.int,N/A,"9 hours ago City scale (e.g. parks and squares, open spaces around public buildings, sports complexes, botanical gardens);. • Neighbourhood scale (e.g. parks, playgrounds,."
2026-01-21 23:10:16,Market Intelligence,Google Custom Search,N/A,Delhi - Wikipedia,https://en.wikipedia.org/wiki/Delhi,en.wikipedia.org,N/A,"9 hours ago Delhi, officially the National Capital Territory (NCT) of Delhi, is a megacity and a union territory of India containing New Delhi, the capital of India."
2026-01-21 23:10:16,Market Intelligence,Google Custom Search,N/A,Publications - Sustainable Futures Collaborative,https://www.sustainablefutures.org/publications/,sustainablefutures.org,N/A,3 hours ago Why action on extreme heat in Indian cities is falling short. Aditya Crisis as inflection point in the urban governance of domestic migration in India: a
2026-01-21 23:10:16,Market Intelligence,Google Custom Search,N/A,Neolithic Revolution - Wikipedia,https://en.wikipedia.org/wiki/Neolithic_Revolution,en.wikipedia.org,N/A,"3 hours ago The Neolithic Revolution also known as the First Agricultural Revolution, was the wide-scale transition of many human cultures during the Neolithic period"
2026-01-21 23:10:16,Market Intelligence,Google Custom Search,N/A,University of Rajasthan - Main Website,https://www.uniraj.ac.in/,uniraj.ac.in,N/A,"7 hours ago The University of Rajasthan homepage allows you to find web resources at University of Rajasthan, Jaipur."
2026-01-21 23:10:16,Market Intelligence,Google Custom Search,N/A,Real Estate Investment Trends in India for 2026 | Full Basket Property,https://www.fullbasketproperty.com/blogs/best-city-to-invest-in-real-estate-in-india-2026,fullbasketproperty.com,N/A,"7 hours ago Why 2026 Is a Strong Year for Real Estate Investment in India · Metro rails, highways, and airport infrastructure on a massive scale · Rise in city migration"
2026-01-21 23:10:16,Market Intelligence,Google Custom Search,N/A,Careers | EY - India,https://www.ey.com/en_in/careers,ey.com,N/A,4 hours ago Why EY teams? · What you can do here · What it's like to work here · How to join us.
2026-01-21 23:10:16,Market Intelligence,Google Custom Search,N/A,"Guru Jambheshwar University of Science & Technology, Hisar ...",https://www.gjust.ac.in/Page/Index_Volunteer_List/Volunteer-List/Page/Index_2/MoU/3260,gjust.ac.in,N/A,"24 hours ago Volunteers List ; 2, Manjeet, Manjeetkala4@gmail.com, 2022, NARWANA ; 3, PRADIP RAY, pradipray8899@gmail.com, 2020, CITY-KATWA,STATE-WEST BENGAL, COUNTRY -INDIA ,"
2026-01-21 23:10:16,Market Intelligence,Google Custom Search,N/A,"Bangkok to Bangalore Flights, Ticket Price from THB 4,420 | Air India",https://www.airindia.com/en-us/book-flights/bangkok-to-bangalore-flights,airindia.com,N/A,"9 hours ago Why choose Air India for your flight booking from Bangkok(BKK) to Bangalore(BLR)?. With over 150 direct connections, Air India connects various parts of the"
2026-01-21 23:10:16,Market Intelligence,Google Custom Search,N/A,Brookings - Quality. Independence. Impact.,https://www.brookings.edu/,brookings.edu,N/A,"4 hours ago The Brookings Institution is a nonprofit public policy organization based in Washington, DC. Our mission is to conduct in-depth research that leads to new"
2026-01-21 23:10:16,Market Intelligence,Google Custom Search,N/A,'Our territory': Trump stakes claim over Greenland - key reasons why ...,https://timesofindia.indiatimes.com/world/us/our-territory-trump-stakes-claim-over-greenland-key-reasons-why-he-wants-control/articleshow/127004319.cms,timesofindia.indiatimes.com,N/A,3 hours ago The Greenland remarks dominated a speech Trump had otherwise framed as a victory lap on the US economy. He dismissed warnings that tariffs and mass federal
2026-01-21 23:10:16,Market Intelligence,Google Custom Search,N/A,Real Estate Reality Check: Even villages are now hitting ₹1Cr+ per ...,https://www.reddit.com/r/indianrealestate/comments/1qil5hq/real_estate_reality_check_even_villages_are_now/,reddit.com,N/A,"15 hours ago 50 votes, 37 comments. We keep talking about the bubble in Tier 1 cities, but the situation in rural areas/hometowns is actually wilder. In my…"
2026-01-21 23:10:16,Market Intelligence,Google Custom Search,N/A,Housing market in 2026: Waiting for a crash could cost first-time ...,https://www.msn.com/en-in/money/topstories/housing-market-in-2026-waiting-for-a-crash-could-cost-first-time-buyers-more-in-india-here-s-why/ar-AA1UrbrS,msn.com,N/A,"15 hours ago For years, first-time homebuyers across India have been stuck in a familiar loop — waiting for a long-promised real estate “crash” before taking the plunge."
2026-01-21 23:10:16,Market Intelligence,Google Custom Search,N/A,"Stock market has been hit with correction, is Real Estate next ? : r ...",https://www.reddit.com/r/indianrealestate/comments/1qioxl1/stock_market_has_been_hit_with_correction_is_real/,reddit.com,N/A,13 hours ago 9h ago. Demand remains strong in Tier 1 and Tier 2 cities. Unless there is a r/indianrealestate - ReAl eStaTe WiLl CrAsH iN iNdiA - A delusional saga Part 2.
2026-01-21 23:10:16,Market Intelligence,Google Custom Search,N/A,Tier 2 & 3 cities anchor talent retention amid hiring slowdown; muted ...,https://m.economictimes.com/jobs/hr-policies-trends/tier-2-3-cities-anchor-talent-retention-amid-hiring-slowdown-muted-salary-growth/articleshow/127006527.cms,m.economictimes.com,N/A,"3 hours ago Indian tech firms are adapting to a hiring slowdown. Companies are focusing on location, workflow, and learning to keep staff instead of just raising"
2026-01-21 23:10:16,Market Intelligence,Google Custom Search,N/A,ET Realty: Real Estate News | Latest Realty & Real Estate Industry ...,https://realty.economictimes.indiatimes.com/,realty.economictimes.indiatimes.com,N/A,"6 hours ago Find the latest real estate news, views and updates from all top sources for the Indian Realty industry."
2026-01-21 23:10:16,Market Intelligence,Google Custom Search,N/A,"Why Realty Stocks Are Falling: Godrej Properties, Brigade ...",https://www.angelone.in/news/stocks/why-realty-stocks-are-falling-godrej-properties-brigade-enterprises-and-more-hit-52-week-lows,angelone.in,N/A,"20 hours ago Other realty stocks including Oberoi Realty, Prestige Estates, Embassy Developments and Sobha also declined between 3% and 6%. Realty Index Worst Performer. At"
2026-01-21 23:10:16,Market Intelligence,Google Custom Search,N/A,India Inc. Is Retaining Talent Without Higher Pay As Tier-2 Cities ...,https://www.entrepreneurindia.com/blog/en/report/india-inc-is-retaining-talent-without-higher-pay-as-tier-2-cities-emerge-as-stability-hubs-upgrad-rekrut-report.58890,entrepreneurindia.com,N/A,"7 hours ago New study highlights uneven impact of tech slowdown across cities and demographics, flags AI governance gaps."
2026-01-21 23:10:16,Market Intelligence,Google Custom Search,N/A,Delhi Development Authority (DDA): Home page,http://dda.gov.in/,dda.gov.in,N/A,"2 hours ago The DDA is responsible for Planning, development and construction of Housing projects, Commercial Land, Land Management & Disposal, Land Pooling & Costing"
2026-01-21 23:10:16,Market Intelligence,Google Custom Search,N/A,Government eProcurement System,https://etenders.gov.in/eprocure/app?component=%24DirectLink&page=FrontEndTendersByOrganisation&service=direct&sp=SBHgI013YJrPRYhqXDt5TRg%3D%3D,etenders.gov.in,N/A,"2 hours ago S.No, e-Published Date, Closing Date, Opening Date, Title and Ref.No./Tender ID, Organisation Chain. 1, 21-Jan-2026 06:55 PM, 11-Feb-2026 11:00 AM"
2026-01-21 23:10:16,Market Intelligence,Google Custom Search,N/A,Real Estate Stocks Slump 10% in January: Opportunity or Deeper ...,https://www.whalesbook.com/news/English/real-estate/Real-Estate-Stocks-Slump-10percent-in-January-Opportunity-or-Deeper-Correction/69708a3fad039ca929a9f703,whalesbook.com,N/A,"10 hours ago drop in housing sales across the top seven Indian cities in 2025, totaling 3.95 lakh units. This slowdown is attributed to escalating property prices, job"
2026-01-21 23:10:16,Market Intelligence,Google Custom Search,N/A,Book Innova Car from Pune to Bangalore Round Trip & Oneway ...,https://www.makemytrip.com/car-rental/innova-cabs-from-pune-to-bangalore.html,makemytrip.com,N/A,9 hours ago Why Book with Us · Other Cab Options from Pune to Bangalore · Other Taxi Services near Pune · Cabs Services From Pune · Cabs Services to Bangalore · Rental Services
2026-01-21 23:10:16,Market Intelligence,Google Custom Search,N/A,Avis India: Best Luxury Car Rentals & Chauffeur Driven Cars in India,https://www.avis.co.in/,avis.co.in,N/A,9 hours ago Book luxury car rental & chauffeur driven services in India. Plan your journey today with reliable & comfortable vehicles by Avis India.
2026-01-21 23:10:16,Market Intelligence,Google Custom Search,N/A,Pune To Nashik Cab @ 2398 and Get Upto 500 Off,https://www.makemytrip.com/car-rental/pune-nashik-cab-services.html,makemytrip.com,N/A,9 hours ago Outstation One-way. Drop off that includes one lunch stop · Outstation Round-trip. Return trip that includes mutiple stops · Cab From Airport. Pre-book airport
2026-01-21 23:10:16,Market Intelligence,Google Custom Search,N/A,"Computers, Monitors & Technology Solutions | Dell India",https://www.dell.com/en-in,dell.com,N/A,"4 hours ago Dell Premier customizes your organization's entire IT experience: explore comprehensive solutions, confidently buy at our best online price, streamline"
2026-01-21 23:10:16,Market Intelligence,Google Custom Search,N/A,Vijayawada To Hyderabad Cab @ 4306 and Get Upto 500 Off,https://www.makemytrip.com/car-rental/vijayawada-hyderabad-cab-services.html,makemytrip.com,N/A,2 hours ago Vijayawada to Hyderabad Cab Fare. There are different Vijayawada to Hyderabad car rental services available from where you can hire Vijayawada to Hyderabad cab.
2026-01-21 23:10:16,Market Intelligence,Google Custom Search,N/A,"Pune to Doha Flights, Ticket Price from INR 23,644 | Air India",https://www.airindia.com/en-in/book-flights/pune-to-doha-flights,airindia.com,N/A,6 hours ago Concessionary fare options are available in the passenger type drop-down menu. Student concessionary fares apply to domestic and some international routes in
2026-01-21 23:10:16,Market Intelligence,Google Custom Search,N/A,Book Crysta Car from Bangalore to Chennai Round Trip & Oneway ...,https://www.makemytrip.com/car-rental/crysta-cabs-from-bangalore-to-chennai.html,makemytrip.com,N/A,9 hours ago Book Crysta Car from Bangalore to Chennai at lowest price from MakeMyTrip. Get best deals on Crysta cab from Bangalore to Chennai. Best offers for Bangalore
2026-01-21 23:10:16,Market Intelligence,Google Custom Search,N/A,Mumbai to Pune Bus Tickets - Get Up to ₹500 Off - Use Code ...,https://www.redbus.in/bus-tickets/mumbai-to-pune,redbus.in,N/A,"11 hours ago Book your Mumbai to Pune bus tickets online. Explore Volvo & Sleeper buses, check ticket prices, boarding & dropping points, and get up to ₹500 off with"
2026-01-21 23:10:16,Market Intelligence,Google Custom Search,N/A,Insights & Research | CBRE,https://www.cbre.com/insights,cbre.com,N/A,7 hours ago US office market saw accelerated rent growth and positive absorption in Q4 2025 driven by coastal gateway markets continuing its gradual rebound. Learn More.
2026-01-21 23:10:16,Market Intelligence,Google Custom Search,N/A,"KAYAK: Search Flights, Hotels & Rental Cars",https://www.kayak.co.in/,kayak.co.in,N/A,"14 hours ago KAYAK searches hundreds of other travel sites at once to find the information you need to make the right decisions on flights, hotels & car hires."
2026-01-21 23:10:16,Market Intelligence,Google Custom Search,N/A,India Ratings Downgrades Assam Smart Metering's Bank Loan ...,https://www.indiaratings.co.in/pressrelease/81174,indiaratings.co.in,N/A,"20 hours ago Intellismart has provided undertaking to infuse required equity in ASMPL, cost overrun Infrastructure & Project Finance; Public Finance; Structured Finance"
2026-01-21 23:10:16,Market Intelligence,Google Custom Search,N/A,Structured project management in potash mining | KAIZEN™,https://kaizen.com/insights/project-management-potash-mining/,kaizen.com,N/A,"7 hours ago cost overruns and delays, particularly in complex underground mining environments. infrastructure project with high predictability and controlled risk."
2026-01-21 23:10:16,Market Intelligence,Google Custom Search,N/A,India Ratings Affirms Mancherial Repallewada Road's NCDs at 'IND ...,https://www.indiaratings.co.in/pressrelease/81177,indiaratings.co.in,N/A,"20 hours ago MRRPL will receive a total of 30 semi-annual annuity payments during the concession period, equivalent to 60% of the project completion cost adjusted for the"
2026-01-21 23:10:16,Market Intelligence,Google Custom Search,N/A,Rating Rationale,https://www.crisil.com/mnt/winshare/Ratings/RatingList/RatingDocs/LemonTreeHotelsLimited_January%2020_%202026_RR_387120.html,crisil.com,N/A,16 hours ago delay in the projects resulting in cost overrun will be a key monitorable. Healthy financial flexibility with regular equity infusion: The group has raised
2026-01-21 23:10:16,Market Intelligence,Google Custom Search,N/A,Cost Guide to Turnkey Solutions for Rolling Mills,https://www.thesteefogroup.com/cost-breakdown-turnkey-rolling-mill-projects-guide/,thesteefogroup.com,N/A,"8 hours ago This blog post will explore the cost breakdown of turnkey rolling mill projects, providing in-depth insights into every phase of the project. It will also"
2026-01-21 23:10:16,Market Intelligence,Google Custom Search,N/A,"Metro phase 2 cost jumps 53%, delay drives bill up",https://bangaloremirror.indiatimes.com/bangalore/others/metro-phase-2-cost-jumps-53-delay-drives-bill-up/articleshow/126841980.cms,bangaloremirror.indiatimes.com,N/A,"17 hours ago Bengaluru Metro 's Phase 2 expansion has become significantly more expensive, with the project cost shooting up by over `16,000 crore, largely due to delays in"
2026-01-21 23:10:16,Market Intelligence,Google Custom Search,N/A,ECoR Odisha Infrastructure Development Plans Discussed ...,https://pragativadi.com/ecor-gm-meets-odisha-chief-secretary-to-fast-track-infrastructure-projects/,pragativadi.com,N/A,"4 hours ago ECoR GM Meets Odisha Chief Secretary to Fast-Track Infrastructure Projects. Constructive discussions held on land acquisition, forest clearances, and"
2026-01-21 23:10:16,Market Intelligence,Google Custom Search,N/A,Namma Metro - Wikipedia,https://en.wikipedia.org/wiki/Namma_Metro,en.wikipedia.org,N/A,"5 hours ago Our Metro), also known as Bengaluru Metro, is a rapid transit system serving the city of Bengaluru, the capital city of the state of Karnataka, India. It is the"
2026-01-21 23:10:16,Market Intelligence,Google Custom Search,N/A,Integrated Engineering for Pharma & Biotech Projects - ZETA ...,https://zetabiosystem.com/integrated-engineering-for-pharma-and-biotech/,zetabiosystem.com,N/A,"8 hours ago budget overruns. Project managers battle misaligned timelines and regulatory CEOs endure extended CAPEX cycles that delay revenue from biologics, vaccines, or"
2026-01-21 23:10:16,Market Intelligence,Google Custom Search,N/A,"India Infrastructure Sector Market Size, Share & Forecast",https://www.verifiedmarketresearch.com/product/india-infrastructure-sector-market/,verifiedmarketresearch.com,N/A,"11 hours ago Government policies actively promote renewable energy projects, the construction of green buildings, the adoption of sustainable transport solutions, and"
2026-01-21 23:10:16,Market Intelligence,Google Custom Search,N/A,Taxscan | Simplifying Tax Laws,https://www.taxscan.in/,taxscan.in,N/A,"3 hours ago Tax Scan Media is a online news portal for reporting all news, articles, judgments, Circulars, orders and notifications relating to Tax Laws in India."
2026-01-21 23:10:16,Market Intelligence,Google Custom Search,N/A,ICRA An Affiliate of Moody's,https://www.icra.in/,icra.in,N/A,"3 hours ago ICRA rates debt instruments issued by corporate entities, commercial banks, non-banking finance companies, financial institutions, public sector"
2026-01-21 23:10:16,Market Intelligence,Google Custom Search,N/A,Balance on EMI Credit Card Calculator | Axis Bank,https://www.axis.bank.in/calculators/balance-on-emi-credit-card-calculator,axis.bank.in,N/A,16 hours ago Balance on EMI Credit Card Calculator - easily calculate your monthly payments with Axis Bank's calculator. Plan your finances better with accurate EMI
2026-01-21 23:10:16,Market Intelligence,Google Custom Search,N/A,"Computers, Monitors & Technology Solutions | Dell India",https://www.dell.com/en-in,dell.com,N/A,"4 hours ago Dell Premier customizes your organization's entire IT experience: explore comprehensive solutions, confidently buy at our best online price, streamline"
2026-01-21 23:10:16,Market Intelligence,Google Custom Search,N/A,Apply For Transit Cards Online | Axis Bank,https://www.axis.bank.in/cards/transit-card,axis.bank.in,N/A,"16 hours ago KMRL Axis Bank Kochi1 Card. NEO Credit Card. Purpose: A single Transit Card now serves a dual purpose, facilitating metro"
2026-01-21 23:10:16,Market Intelligence,Google Custom Search,N/A,"Earkart Limited IPO - Issue Date, Price, Lot Size, Analysis & Details",https://www.bajajfinserv.in/investments/earkart-limited-ipo,bajajfinserv.in,N/A,18 hours ago IPO opening date. 25 Sep 2025 ; IPO end date. 29 Sep 2025 ; Allotment date. 30 Sep 2025 ; Initiation of refunds. 30 Sep 2025 ; Credit of shares to demat. 01 Oct
2026-01-21 23:10:16,Market Intelligence,Google Custom Search,N/A,PhonePe and Yes Bank unveil India's “first” UPI-based payments app,https://www.fintechfutures.com/paytech/phonepe-and-yes-bank-unveil-india-s-first-upi-based-payments-app,fintechfutures.com,N/A,"12 hours ago Rana Kapoor, MD and CEO at Yes Bank, says the partnership means it can offer “banking innovations” while Flipkart (PhonePe is part of this group) can"
2026-01-21 23:10:16,Market Intelligence,Google Custom Search,N/A,"Steamhouse India Limited IPO - Issue Date, Price, Lot Size, Analysis ...",https://www.bajajfinserv.in/investments/steamhouse-india-limited-ipo,bajajfinserv.in,N/A,3 hours ago BFL is a Non-Banking Financial Company carrying the business of acceptance of deposits and providing lending solutions to Retail and Corporate customers. BFL
2026-01-21 23:10:16,Market Intelligence,Google Custom Search,N/A,Direct Tax | Taxsutra,https://www.taxsutra.com/dt,taxsutra.com,N/A,"23 hours ago Income tax Appellate Tribunal. ITAT: PCIT lacks jurisdiction to direct initiation of penalty proceeding u/s 271E sans AO's satisfaction in… Jan 20, 2026."
2026-01-21 23:10:16,Market Intelligence,Google Custom Search,N/A,"Digilogic Systems Ltd IPO - Issue Date, Price, Lot Size, Analysis ...",https://www.bajajfinserv.in/investments/digilogic-systems-limited-ipo,bajajfinserv.in,N/A,10 hours ago BFL is a Non-Banking Financial Company carrying the business of acceptance of deposits and providing lending solutions to Retail and Corporate customers. BFL
2026-01-21 23:10:16,Market Intelligence,Google Custom Search,N/A,Information,https://www.swastika.co.in/blog-categories/information-2,swastika.co.in,N/A,11 hours ago Summary · SHFE Raises Trading Margins: What It Means for Commodities and Indian Markets · Impact on Key Commodity Segments · What This Means for Indian Markets.
2026-01-21 23:10:16,Market Intelligence,Google Custom Search,N/A,"IPO - Latest IPO, Upcoming IPO, Recent IPO News, IPO Issue Price ...",https://www.nseindia.com/market-data/all-upcoming-issues-ipo,nseindia.com,N/A,"19 hours ago Initial Public Offering (IPO) - Get latest information about news on recent & upcoming IPOs, Recent IPO News, New IPO News, IPO News Today, IPO News,"
2026-01-21 23:10:16,Market Intelligence,Google Custom Search,N/A,News Listing Page,https://www.lw.com/en/news,lw.com,N/A,17 hours ago Leading Insurance Transactional and Regulatory Partner Joins Latham & Watkins in New York. Frank Monaco brings deep market knowledge and a proven track record
2026-01-21 23:10:16,Market Intelligence,Google Custom Search,N/A,National Stock Exchange of India Ltd: Live Share/Stock ... - NSE,https://www.nseindia.com/ipo-tracker?type=ipo_year,nseindia.com,N/A,"23 hours ago NSE India (National Stock Exchange of India Ltd) – LIVE Share/Stock Market Updates Today. Get all latest share market news, live charts, analysis, ipo,"
2026-01-21 23:10:16,Market Intelligence,Google Custom Search,N/A,"The Economic Times: Business News Live, Share Market News ...",https://m.economictimes.com/,m.economictimes.com,N/A,"8 hours ago Business news today: Read India Business News Live. Latest Business news and updates on Finance, share market, IPO, and economy. Discover Business News"
2026-01-21 23:10:16,Market Intelligence,Google Custom Search,N/A,Companies Archive - FF News | Fintech Finance,https://ffnews.com/companies/,ffnews.com,N/A,"16 hours ago About Fraud, Abra, abrdn, Abris, Abry Partners, Absa Group, Absoft Limited, Absolute Software, Abu Dhabi Commercial Bank (ADCB), Abu Dhabi Global Market (ADGM)"
2026-01-21 23:10:16,Market Intelligence,Google Custom Search,N/A,Regulatory clarity key for crypto adoption: Binance co-CEO Richard ...,https://m.economictimes.com/tech/technology/regulatory-clarity-key-for-crypto-adoption-binance-co-ceo-richard-teng/articleshow/126853405.cms,m.economictimes.com,N/A,"17 hours ago Binance co-CEO Richard Teng says clearer crypto regulations are needed for wider adoption in India, even as the US leads the sector."
2026-01-21 23:10:16,Market Intelligence,Google Custom Search,N/A,Invest in IPO Online | Apply for Current IPOs | HDFC Securities,https://www.hdfcsec.com/offering/ipo-product,hdfcsec.com,N/A,11 hours ago Buyback refers to the corporate action where a company repurchases its own shares from the existing shareholders. Know More. Offer for Sale - OFS. An Offer
2026-01-21 23:10:16,Market Intelligence,Google Custom Search,N/A,Auction Notices | HDFC Bank,https://www.hdfc.bank.in/auction-notices,hdfc.bank.in,N/A,"7 hours ago Stay updated with the latest important notices, announcements, and alerts from HDFC Bank to ensure seamless banking and financial services."
2026-01-21 23:10:16,Market Intelligence,Google Custom Search,N/A,"RBA Board Clears ₹900 Cr Preferential Issue, Everstone Asia Exit",https://www.bajajbroking.in/share-market-news/rba-board-clears-rs900-cr-preferential-issue-everstone-asia-exit,bajajbroking.in,N/A,13 hours ago This preferential issue follows the Securities and Exchange Board of India (SEBI) regulations and India company law provisions. The preferential allotment
2026-01-21 23:10:16,Market Intelligence,Google Custom Search,N/A,WEP Solutions Share Price Today: WEP Solutions Stock Price Live ...,https://www.financialexpress.com/market/wep-solutions-ltd-share-price/,financialexpress.com,N/A,"20 hours ago WEP Solutions Peer Comparision ; Tata Technologies, -1.86, -2.34, -4.89, -9.54 ; Pine Labs, 4.97, -3.27, -10.07, -10.07"
2026-01-21 23:10:16,Market Intelligence,Google Custom Search,N/A,PNB Tenders | View Latest Tender Notices – Punjab National Bank,https://pnb.bank.in/tender.aspx,pnb.bank.in,N/A,"9 hours ago S.No. Office, Detail. 1, CENTRALISED PROCUREMENT & PARTNERSHIP DIVISION. RFP for procurement of UPS batteries at various locations."
2026-01-21 23:10:16,Market Intelligence,Google Custom Search,N/A,Sarfaesi And Others - SBI In the News,https://sbi.bank.in/web/sbi-in-the-news/auction-notices/sarfaesi-and-others,sbi.bank.in,N/A,"7 hours ago Description, Auction Date, Documents. AUCTION NOTICE FOR SALE OF PROPERTIES - SARB PATNA (05176), 18.02.2026. 1. S K TRADING ND CO, (PARTNERS: MS SONI"
2026-01-21 23:10:16,Market Intelligence,Google Custom Search,N/A,DPDP Act Compliance For Physical And Digital Lending NBFCs ...,https://www.mondaq.com/india/privacy-protection/1733676/dpdp-act-compliance-for-physical-and-digital-lending-nbfcs,mondaq.com,N/A,"5 hours ago risk and, practically, becomes a Board-level prudential and reputational risk. Certain partners such as co-lenders, fintech platforms with independent"
2026-01-21 23:10:16,Market Intelligence,Google Custom Search,N/A,Innoviti | Online payments for modern Indian businesses,https://innoviti.com/,innoviti.com,N/A,"13 hours ago Accept card, UPI & EMI payments using payment links, modern contactless POS machines, and make more money, faster with SaaS tools. Holder of RBI PA license."
2026-01-21 23:10:16,Market Intelligence,Google Custom Search,N/A,Tender | Latest Tender Update | Canara Bank,https://www.canarabank.bank.in/tenders,canarabank.bank.in,N/A,"4 hours ago Ref No. Tender Date, Issued By, Last Date, Document, Amendment/Pre-Bid Response. Notice inviting tender for Furnishing, Electrical & Data"
2026-01-21 23:10:16,Market Intelligence,Google Custom Search,N/A,Pre-Summit Events,https://impact.indiaai.gov.in/home/pre-summit-events,impact.indiaai.gov.in,N/A,"4 hours ago Pre - AI Impact Summit : Focus FinTech. Organized by: C-DAC Mumbai and RBI. This pre-summit gathering brought together FinTech leaders, technologists, and"
2026-01-21 23:10:16,Market Intelligence,Google Custom Search,N/A,RBI releases 'Draft Guidelines on Minimum Capital Requirements ...,https://www.taxtmi.com/news?id=26260,taxtmi.com,N/A,"19 hours ago The Reserve Bank of India has issued draft guidelines on minimum capital requirements for market risk under Basel III standards, seeking feedback from"
2026-01-21 23:10:16,Market Intelligence,Google Custom Search,N/A,Gold Loan eligibility calculator | Bank of Baroda,https://bankofbaroda.bank.in/calculators/gold-loan-calculator,bankofbaroda.bank.in,N/A,"4 hours ago Use our Gold Loan Calculator online to check your eligibility, calculate EMI & interest rates. Get instant results with our gold loan calculator for your"
2026-01-21 23:10:16,Market Intelligence,Google Custom Search,N/A,RBI releases Draft Guidelines on Wealth Management/Marketing ...,https://www.taxtmi.com/news?id=11319,taxtmi.com,N/A,"17 hours ago The Reserve Bank of India (RBI) has published draft guidelines for wealth management, marketing, and distribution services offered by banks, seeking public"
2026-01-21 23:10:16,Market Intelligence,Google Custom Search,N/A,"ICLG: Legal Guides, Business Reports and Events",https://iclg.com/,iclg.com,N/A,5 hours ago The International Comparative Legal Guides provide current and practical comparative legal information on several jurisdictions in a Q&A format.
2026-01-21 23:10:16,Market Intelligence,Google Custom Search,N/A,IGU,https://igu.ac.in/,igu.ac.in,N/A,"4 hours ago It is with deep gratitude and a profound sense of responsibility that I address you as the Vice-Chancellor of Indira Gandhi University, Meerpur Rewari. I am"
2026-01-21 23:10:16,Market Intelligence,Google Custom Search,N/A,What to Know About Romance Scams | Consumer Advice,https://consumer.ftc.gov/articles/what-know-about-romance-scams,consumer.ftc.gov,N/A,11 hours ago Romance scammers create fake profiles on dating sites and apps or contact you through popular social media sites like Instagram or Facebook.
2026-01-21 23:10:16,Market Intelligence,Google Custom Search,N/A,Project Syndicate: PS - The World's Opinion Page,https://www.project-syndicate.org/,project-syndicate.org,N/A,"3 hours ago Our annual flagship magazine, PS Quarterly: The Year Ahead 2026, is here. To gain digital access to all of the magazine's content, subscribe to PS Digital Plus"
2026-01-21 23:10:16,Market Intelligence,Google Custom Search,N/A,"The Washington Post - Breaking news and latest headlines, U.S. ...",https://www.washingtonpost.com/,washingtonpost.com,N/A,"4 hours ago Breaking news, live coverage, investigations, analysis, video, photos and opinions from The Washington Post. Subscribe for the latest on U.S. and"
2026-01-21 23:10:16,Market Intelligence,Google Custom Search,N/A,Notices - Calcutta High Court,https://www.calcuttahighcourt.gov.in/Notices/All,calcuttahighcourt.gov.in,N/A,3 hours ago Notice dated 21.01.2026 regarding Assignment of cases NEW IMP Uploaded:21-Jan-2026 19:40:05 · Daily Cause List dated 22.01.2026 - Circuit Bench at Port
2026-01-21 23:10:16,Market Intelligence,Google Custom Search,N/A,Market Outlook - Standard Chartered Kenya,https://www.sc.com/ke/market-outlook/,sc.com,N/A,"8 hours ago Standard Chartered does not offer any 'Investment Advice' as defined in the Securities and Exchange Board of India (Investment Advisers) Regulations, 2013 or"
2026-01-21 23:10:16,Market Intelligence,Google Custom Search,N/A,Kerala woman arrested after man dies by suicide following her ...,https://www.moneycontrol.com/news/india/kerala-woman-arrested-after-man-dies-by-suicide-following-her-sexual-harassment-video-13784100.html,moneycontrol.com,N/A,"4 hours ago The arrest comes days after the allegation surfaced online and the video related to it went viral. The influencer, Shimjitha Musthafa, and the man, identified"
2026-01-21 23:10:16,Market Intelligence,Google Custom Search,N/A,Buy Travel Medical Insurance for Schengen Visa,https://www.policybazaar.com/travel-insurance/schengen/,policybazaar.com,N/A,"10 hours ago Travel Insurance for Schengen from India - Get the best Schengen travel insurance from India @ ₹30* per day. Coverage includes medical expenses,"
2026-01-21 23:10:16,Market Intelligence,Google Custom Search,N/A,Save the Children International,https://www.savethechildren.net/homepage,savethechildren.net,N/A,"4 hours ago Save the Children believe in a world in which all children survive, have the chance to learn, and are protected from abuse, neglect and exploitation."
2026-01-21 23:10:16,Market Intelligence,Google Custom Search,N/A,Data,https://www150.statcan.gc.ca/n1/en/type/data,www150.statcan.gc.ca,N/A,"4 hours ago Description: Monthly gross new issues, retirements and net new issues of debt securities, including direct and guaranteed bonds, Treasury Bills, and Canada"
2026-01-21 23:10:16,Market Intelligence,Google Custom Search,N/A,Reserve Bank of India lifts ban on Mastercard onboarding new ...,https://www.fintechfutures.com/bankingtech/reserve-bank-of-india-lifts-ban-on-mastercard-onboarding-new-customers,fintechfutures.com,N/A,"2 hours ago The Reserve Bank of India (RBI) has lifted the business restrictions it imposed on Mastercard APAC, allowing it to resume card issuance in the country."
2026-01-21 23:10:16,Market Intelligence,Google Custom Search,N/A,PNB Tenders | View Latest Tender Notices – Punjab National Bank,https://pnb.bank.in/tender.aspx,pnb.bank.in,N/A,"9 hours ago S.No. Office, Detail. 1, CENTRALISED PROCUREMENT & PARTNERSHIP DIVISION. RFP for procurement of UPS batteries at various locations."
2026-01-21 23:10:16,Market Intelligence,Google Custom Search,N/A,Procurement News - SBI In the News,https://sbi.bank.in/web/sbi-in-the-news/procurement-news,sbi.bank.in,N/A,"4 hours ago Location, Tender Description, Start Date, End Date. LHO, LUCKNOW, RBO-III SHAHJAHANPUR: NOTICE FOR HIRING OF PREMISES FOR STATE BANK OF INDIA ,RAUSAR BRANCH"
2026-01-21 23:10:16,Market Intelligence,Google Custom Search,N/A,Innoviti | Online payments for modern Indian businesses,https://innoviti.com/,innoviti.com,N/A,"13 hours ago Accept card, UPI & EMI payments using payment links, modern contactless POS machines, and make more money, faster with SaaS tools. Holder of RBI PA license."
2026-01-21 23:10:16,Market Intelligence,Google Custom Search,N/A,"ICLG: Legal Guides, Business Reports and Events",https://iclg.com/,iclg.com,N/A,5 hours ago The International Comparative Legal Guides provide current and practical comparative legal information on several jurisdictions in a Q&A format.
2026-01-21 23:10:16,Market Intelligence,Google Custom Search,N/A,Banking & Finance - Wolf Theiss - Leading Lawyers in CEE&SEE,https://www.wolftheiss.com/expertise/banking-finance/,wolftheiss.com,N/A,"19 hours ago Financing · Project Finance · Real Estate Finance · Loan Portfolio Transactions · Deleveraging, Restructuring, Insolvency · Regulation of the Financial Industry."
2026-01-21 23:10:16,Market Intelligence,Google Custom Search,N/A,Latest Retail Property & Asset Auction Notices for Buyers | Axis Bank,https://www.axis.bank.in/auction-notices-retail,axis.bank.in,N/A,"3 hours ago Find all the latest corporate auction announcements, property listings, and bidding schedules. Stay informed and invest smartly with Axis Bank."
2026-01-21 23:10:16,Market Intelligence,Google Custom Search,N/A,Punjab & Sind Bank Official Tender Announcements,https://punjabandsind.bank.in/module/tender-list,punjabandsind.bank.in,N/A,"8 hours ago (Loan) accounts under Fintech Category IT Services and Availability Enhancement. <a href=""/system/uploads/document/2150_2026011616262228732.pdf"
2026-01-21 23:10:16,Market Intelligence,Google Custom Search,N/A,Federal Bank - Wikipedia,https://en.wikipedia.org/wiki/Federal_Bank,en.wikipedia.org,N/A,"21 hours ago Federal Bank is an Indian private sector bank headquartered in Aluva, Kerala. The bank has 1588+ banking outlets and, 2079+ ATMs/ CDMS spread across"
2026-01-21 23:10:16,Market Intelligence,Google Custom Search,N/A,Bank of England: Home,https://www.bankofengland.co.uk/,bankofengland.co.uk,N/A,3 hours ago The Bank of England (BoE) is the UK's central bank. Our mission is to deliver monetary and financial stability for the people of the United Kingdom.
2026-01-21 23:10:16,Market Intelligence,Google Custom Search,N/A,icegate: Home,https://www.icegate.gov.in/,icegate.gov.in,N/A,4 hours ago Indian Customs National Trade Portal 2.0. 21 January 2026 |4:00PM. Top Header Menu. Help. 24x7 Helpdesk-1800-3010-1000. SiteMap. Accessibility Tools.
2026-01-21 23:10:16,Market Intelligence,Google Custom Search,N/A,press releases,https://cbi.gov.in/press-releases,cbi.gov.in,N/A,"8 hours ago News Date:18/01/2026. 5, News Heading:CBI Arrests Proclaimed Offender in a Bank Fraud Case, News Date:17/01/2026. 6, News Heading:CBI Court Convicts and"
2026-01-21 23:10:16,Market Intelligence,Google Custom Search,N/A,Inside Today's Payment Fraud Operations: Five Trends Dominating ...,https://www.sisainfosec.com/blogs/inside-todays-payment-fraud-operations-five-trends-dominating-the-landscape/,sisainfosec.com,N/A,18 hours ago The commonly observed techniques are: Call-session Injection: Attackers hijack or merge into legitimate voice calls between approver and bank/processor to
2026-01-21 23:10:16,Market Intelligence,Google Custom Search,N/A,Documents Required for Payment Gateway Onboarding in India,https://wonderpaytec.com/blog/documents-required-for-payment-gateway-onboarding-in-india/,wonderpaytec.com,N/A,"6 hours ago Both methods are legally recognized and serve the same goal in order to provide identity and reduce fraud, but they differ in speed, user experience"
2026-01-21 23:10:16,Market Intelligence,Google Custom Search,N/A,National Rifle Association of India,http://www.thenrai.in/,thenrai.in,N/A,12 hours ago Notification NRAI Election 2025 NEWS LETTER Shooting League of India PREVENTION OF AGE FRAUD POSH Act Complaint Committee RTI Archieves Contact. About Us.
2026-01-21 23:10:16,Market Intelligence,Google Custom Search,N/A,NSE - National Stock Exchange of India Ltd: Live Share/Stock ...,https://www.nseindia.com/,nseindia.com,N/A,"7 hours ago NSE India (National Stock Exchange of India Ltd) – LIVE Share/Stock Market Updates Today. Get all latest share market news, live charts, analysis, ipo,"
2026-01-21 23:10:16,Market Intelligence,Google Custom Search,N/A,News and events,https://www.thenrai.in/news_events_details.aspx,thenrai.in,N/A,"7 hours ago IMPORTANT NOTICE TO ALL SHOOTERS XXXIV ALL INDIA G.V. MAVALANKAR SHOOTING CHAMPIONSHIP (PISTOL EVENTS). NRAI 26 Oct 2025 , Only State/Unit Managers are"
2026-01-21 23:10:16,Market Intelligence,Google Custom Search,N/A,"PNB Complaint, File Complaint PNB, Punjab National Bank ...",https://pnb.bank.in/CcsrmsFormComplaint.aspx,pnb.bank.in,N/A,"3 hours ago Submit your complaint easily and efficiently with our step-by-step guide. Learn how to articulate your concerns, gather necessary documentation,"
2026-01-21 23:10:16,Market Intelligence,Google Custom Search,N/A,The Paypers | Global Payments & Fintech Industry News,https://thepaypers.com/,thepaypers.com,N/A,"11 hours ago Our coverage spans payments infrastructure, ecommerce, Open Banking, Embedded Finance, B2B payments, BaaS, crypto, and fraud and financial crime prevention."
2026-01-21 23:10:16,Market Intelligence,Google Custom Search,N/A,Police Commissionerate Jodhpur,https://jodhpurpolice.rajasthan.gov.in/,jodhpurpolice.rajasthan.gov.in,N/A,"9 hours ago Welcome to the official website of Jodhpur police to help you report a crime, get reliable advice, and access latest news and initiatives of the Police"
2026-01-21 23:10:16,Market Intelligence,Google Custom Search,N/A,How to Stop Unwanted Calls | Consumer Advice,https://consumer.ftc.gov/features/how-stop-unwanted-calls,consumer.ftc.gov,N/A,"16 hours ago Robocalls. If you answer the phone and hear a recorded message instead of a live person, it's a robocall. If you're getting a lot of"
2026-01-21 23:10:16,Market Intelligence,Google Custom Search,N/A,Lawyers in Telangana | Loan Settlement & Trademark Experts ...,https://www.amalegalsolutions.com/locations/telangana,amalegalsolutions.com,N/A,"20 hours ago If a third party opposes your mark, or if you need to oppose a copycat Harassment by recovery agents is illegal. You can file a police complaint"
2026-01-21 23:10:16,Market Intelligence,Google Custom Search,N/A,FRAUD AND ABUSE—D. Nev.: AKS claims... | VitalLaw.com,https://www.vitallaw.com/news/fraud-and-abuse-d-nev-aks-claims-can-proceed-against-compounding-pharmacy-accused-of-kickbacks/hld01f3fcd79f93964c40b9034d45ef496366,vitallaw.com,N/A,"20 hours ago The federal government complained of alleged kickback schemes between marketers, physicians, and a compounding pharmacy. The government said the pharmacy paid"
2026-01-21 23:10:16,Market Intelligence,Google Custom Search,N/A,Privacy Meets Recovery: Rethinking Debt And Invoice Collection ...,https://www.mondaq.com/india/data-protection/1733696/privacy-meets-recovery-rethinking-debt-and-invoice-collection-under-indias-dpdp-act,mondaq.com,N/A,5 hours ago allegations of opaque or unfair data use. Third-Party Collection Agencies and Data Fiduciary Liability. A. Allocation of Roles. In most recovery structures
2026-01-21 23:10:16,Market Intelligence,Google Custom Search,N/A,UK failure to prevent fraud offence: What do you need to do now ...,https://www.nortonrosefulbright.com/en-gb/knowledge/publications/1997870f/uk-failure-to-prevent-fraud-offence-what-do-you-need-to-do-now,nortonrosefulbright.com,N/A,23 hours ago This forms part of broader reforms of UK corporate criminal liability (which also replace the “directing mind and will” test for corporate criminal liability
2026-01-21 23:10:16,Market Intelligence,Google Custom Search,N/A,GROUP HEALTH INSURANCE Policy Wording - KEN.cdr,https://content.sbigeneral.in/uploads/GROUP_HEALTH_INSURANCE_Policy_Wording_KEN_505f0ad0e0.pdf,content.sbigeneral.in,N/A,11 hours ago “Medical Expenses” means those expenses that an Insured Person has necessarily and actually incurred for medical treatment on account of Illness or Accident on
2026-01-21 23:10:16,Market Intelligence,Google Custom Search,N/A,OCI Office of the Commissioner of Insurance,https://oci.wi.gov/,oci.wi.gov,N/A,"10 hours ago Look up and view details for an agent/agency, company, or public adjuster. Health Insurance. Find free health insurance help or search for rates and insurers"
2026-01-21 23:10:16,Market Intelligence,Google Custom Search,N/A,MAN-000-DQ-0106 Code of conduct PX Group (EN),https://pxgroup.com/wp-content/uploads/2026/01/MAN-000-DQ-0106-Code-of-conduct-PX-Group-EN-Ed2-ID-9450.pdf,pxgroup.com,N/A,22 hours ago Combating harassment and abuse Suppliers must ensure that any third-party employment agencies they use comply with the terms of this Code.
2026-01-21 23:10:16,Market Intelligence,Google Custom Search,N/A,Idaho Supreme Court Civil Opinions | Supreme Court,https://isc.idaho.gov/appeals-court/isc_civil,isc.idaho.gov,N/A,23 hours ago West Publishing Company publishes all cited opinions in the Pacific Reporter and Idaho Reports volumes. The Summary constitutes no part of the opinion of the
2026-01-21 23:10:16,Market Intelligence,Google Custom Search,N/A,Search DHS | Department of Human Services | Commonwealth of ...,https://www.pa.gov/agencies/dhs/dhs-search,pa.gov,N/A,3 hours ago Pennsylvania's Child Protective Services Law (CPSL) requires certain individuals to obtain child abuse clearances to work or volunteer
2026-01-21 23:10:16,Market Intelligence,Google Custom Search,N/A,Current Opportunities,https://bankofbaroda.bank.in/career/current-opportunities,bankofbaroda.bank.in,N/A,"10 hours ago Credit Card. Bank of Baroda offers various types of personal banking cards such as Credit, Debit, Prepaid, Business & Travel Cards. Choose the one best suited"
2026-01-21 23:10:16,Market Intelligence,Google Custom Search,N/A,"Consulate General of India - Melbourne, Australia",https://cgimelbourne.gov.in/,cgimelbourne.gov.in,N/A,"18 hours ago All aspiring Indian visa applicants are advised to be careful, and not deal with websites that do not belong to the Government of India. Advisory for Indian"
2026-01-21 23:10:16,Market Intelligence,Google Custom Search,N/A,224349 Hdfc Outsourced Job Vacancies In January 2026 - Naukri.com,https://www.naukri.com/hdfc-outsourced-jobs,naukri.com,N/A,7 hours ago Relationship Management · Authorization · Banking Operations · Cross Selling · Teller Authorizer · Retail Branch Banking · Personal Banking
2026-01-21 23:10:16,Market Intelligence,Google Custom Search,N/A,Administrative Procurement,https://www.worldbank.org/en/about/corporate-procurement/business-opportunities/administrative-procurement,worldbank.org,N/A,"18 hours ago Solicitation Title, Number, Issue Date, Closing Date. RFxNow 2019359 - ""Assessing Government-to-Person (G2P) Payments for Adaptive Social Protection in"
2026-01-21 23:10:16,Market Intelligence,Google Custom Search,N/A,LIC Tenders - Stay Informed About Current Opportunities and Bids ...,https://licindia.in/tenders,licindia.in,N/A,9 hours ago Explore LIC Tenders for current opportunities and bids. Stay informed about the latest tender listings and participate in the bidding process for business
2026-01-21 23:10:16,Market Intelligence,Google Custom Search,N/A,ESAF Small Finance Bank replaces FIS' Profile with Oracle Flexcube ...,https://www.fintechfutures.com/challenger-banks/esaf-small-finance-bank-replaces-fis-profile-with-oracle-flexcube-as-new-banking-core,fintechfutures.com,N/A,"3 hours ago ESAF Small Finance Bank, which specialises in banking services for India's underserved communities, has transitioned to Flexcube by Oracle FS as its new core"
2026-01-21 23:10:16,Market Intelligence,Google Custom Search,N/A,"Blick Rothenberg | Tax, Accounting and Business Advisory Firm",https://www.blickrothenberg.com/,blickrothenberg.com,N/A,"7 hours ago Blick Rothenberg are a leading tax, accounting and business advisory firm founded on personal integrity and technical expertise. For us, being an advisor is"
2026-01-21 23:10:16,Market Intelligence,Google Custom Search,N/A,Homepage | The Administration of Union Territory of Ladakh ...,https://ladakh.gov.in/,ladakh.gov.in,N/A,"3 hours ago 05-I&C (UTL) of 2026:- Tentative Seniority list of Handloom (I&C) Department, UT Ladakh as it stood on 01.01.2026; invitation for objections thereof. 19/01/2026."
2026-01-21 23:10:16,Market Intelligence,Google Custom Search,N/A,Performance Improvement Consulting: A Smart Path to Better ...,https://www.cac.net.in/blog/performance-improvement-consulting-a-smart-path-to-better-results/,cac.net.in,N/A,"13 hours ago The other performance enhancement consulting service is employee performance management where organizations are assisted in formulating clear KPIs, training"
2026-01-21 23:10:16,Market Intelligence,Google Custom Search,N/A,DPDP Act Compliance For Physical And Digital Lending NBFCs - India,https://www.mondaq.com/india/privacy-protection/1733676/dpdp-act-compliance-for-physical-and-digital-lending-nbfcs,mondaq.com,N/A,"5 hours ago Activities such as debt recovery, servicing, fraud prevention, and legal claims may sometimes be justified as ""legitimate uses."" However, NBFCs should treat"
2026-01-21 23:10:16,Market Intelligence,Google Custom Search,N/A,ICRA An Affiliate of Moody's,https://www.icra.in/,icra.in,N/A,"3 hours ago ICRA rates debt instruments issued by corporate entities, commercial banks, non-banking finance companies, financial institutions, public sector"
2026-01-21 23:10:16,Market Intelligence,Google Custom Search,N/A,Brickwork Ratings - Credit Rating Agency in India,https://www.brickworkratings.com/,brickworkratings.com,N/A,"16 hours ago Brickwork Ratings, a SEBI registered Credit Rating Agency, has also been accredited by RBI, with presence in Bengaluru, Mumbai, New Delhi, Chennai and other"
2026-01-21 23:10:16,Market Intelligence,Google Custom Search,N/A,All Research Reports,https://www.icra.in/Research/AllResearchReports?isSpecialComments=False,icra.in,N/A,"5 hours ago Credit Perspective Reports (CPRs) offer detailed rating analyses of over 1,500 investment-grade entities, covering both listed and unlisted companies. These"
2026-01-21 23:10:16,Market Intelligence,Google Custom Search,N/A,India Ratings and Research: Credit Rating and Research Agency ...,https://www.indiaratings.co.in/pressrelease/81179,indiaratings.co.in,N/A,"20 hours ago As part of its analysis, the agency considers historical data of the originator's portfolio to determine the base values of key variables that would"
2026-01-21 23:10:16,Market Intelligence,Google Custom Search,N/A,Indian Institute of Banking & Finance (IIBF),https://www.iibf.org.in/,iibf.org.in,N/A,7 hours ago The Institute has decided to conduct additional examinations for the 'Certificate Course in Foreign Exchange Operations' and 'Certified Credit Professional' in
2026-01-21 23:10:16,Market Intelligence,Google Custom Search,N/A,India Ratings and Research: Credit Rating and Research Agency ...,https://www.indiaratings.co.in/pressrelease/81185,indiaratings.co.in,N/A,"4 hours ago Analytical Approach. As part of its analysis, the agency considers historical data of the originator's portfolio to determine the base values of key variables"
2026-01-21 23:10:16,Market Intelligence,Google Custom Search,N/A,KBRA | Credit Rating Analysis Agency | Bond Rating Agency,https://www.kbra.com/,kbra.com,N/A,2 hours ago KBRA is a leading Nationally Recognized Statistical Ratings Organization. Find the most relevant and up-to-date credit ratings research here! Learn more!
2026-01-21 23:10:16,Market Intelligence,Google Custom Search,N/A,Official Website of Department of Food and Public Distribution ...,https://dfpd.gov.in/en,dfpd.gov.in,N/A,"6 hours ago Official Website of Department of Food and Public Distribution, Ministry of Consumer Affairs, Food and Public Distribution, Government of India."
2026-01-21 23:10:16,Market Intelligence,Google Custom Search,N/A,"Enterprise Cybersecurity Solutions, Services & Training | Proofpoint ...",https://www.proofpoint.com/us,proofpoint.com,N/A,"17 hours ago Proofpoint helps protect people, data and brands against cyber attacks. Offering compliance and cybersecurity solutions for email, web, cloud, and more."
2026-01-21 23:10:16,Market Intelligence,Google Custom Search,N/A,Press Releases — FBI,https://www.fbi.gov/news/press-releases,fbi.gov,N/A,7 hours ago Official websites use .gov. A .gov website belongs to an official government organization in the United States. Secure .gov websites use HTTPS. A lock ()
2026-01-21 23:10:16,Market Intelligence,Google Custom Search,N/A,"ICLG: Legal Guides, Business Reports and Events",https://iclg.com/,iclg.com,N/A,5 hours ago The International Comparative Legal Guides provide current and practical comparative legal information on several jurisdictions in a Q&A format.
2026-01-21 23:10:16,Market Intelligence,Google Custom Search,N/A,"MoneyLaundering.com :: Changes in Bank Regulations, Financial ...",https://www.moneylaundering.com/,moneylaundering.com,N/A,"8 hours ago Trusted source for anti-money laundering (AML) news, compliance tools, and regulatory updates."
2026-01-21 23:10:16,Market Intelligence,Google Custom Search,N/A,Aaquil Jameel News | Senior Correspondent- NDTV.com,https://www.ndtv.com/authors/aaquil-jameel-8811,ndtv.com,N/A,"14 hours ago fraud syndicate with international links, arresting eight fraudsters across four states. organised crime. Tuesday January 13, 2026; India News; Reported"
2026-01-21 23:10:16,Market Intelligence,Google Custom Search,N/A,Shinzo Abe - Wikipedia,https://en.wikipedia.org/wiki/Shinzo_Abe,en.wikipedia.org,N/A,3 hours ago ^ The Nippon Kaigi is not a political party but a non-government organization and lobbying group. Memorial monument for Shinzo Abe at Osaka Gokoku Shrine in
2026-01-21 23:10:16,Market Intelligence,Google Custom Search,N/A,"The Associated Press | Video, Photo, Text, Audio & Data News Agency",https://www.ap.org/,ap.org,N/A,"3 hours ago Discover a world of unbiased journalism, in-depth analysis, and real-time updates from every corner of the globe."
2026-01-21 23:10:16,Market Intelligence,Google Custom Search,N/A,Pune's Biggest Cyber Fraud: 85-Year-Old Retired Entrepreneur ...,https://the420.in/pune-cyber-fraud-22cr-senior-scam-probe/,the420.in,N/A,1 hour ago A senior official said the scale and spread of the accounts strongly indicate the involvement of a well-organised cyber crime syndicate operating across
2026-01-21 23:10:16,Market Intelligence,Google Custom Search,N/A,Press Releases - Schoenherr Attorneys at Law,https://www.schoenherr.eu/news/press-releases,schoenherr.eu,N/A,"4 hours ago loan to INVL Renewable Energy Fund I (""INVL"") to finance the construction of 71 MW solar power plants in Dolj county, Romania. This is the second loan"
2026-01-21 23:10:16,Market Intelligence,Google Custom Search,N/A,Countercurrents | Educate | Organize | Agitate,https://countercurrents.org/,countercurrents.org,N/A,"10 hours ago countercurrents.org provides news, views & analysis on key issues that threaten the very existence of humanity and other species on our planet."
2026-01-21 23:10:16,Market Intelligence,Google Custom Search,N/A,Pharmally boss Lin Weixiong entangled in Asia Pacific crime web ...,https://www.mexc.co/en-IN/news/524518,mexc.co,N/A,4 hours ago Done in partnership with the Organized Crime and Corruption Reporting Project. Before the Philippines' 20th Congress went on recess to give way to the
2026-01-21 23:10:16,Market Intelligence,Google Custom Search,N/A,UN Human Rights Office,https://www.ohchr.org/en/ohchr_homepage,ohchr.org,N/A,"6 hours ago Protecting family unity through safe, regular migration builds stronger, more cohesive societies.Read the story."
2026-01-21 23:10:16,Market Intelligence,Google Custom Search,N/A,Brookings - Quality. Independence. Impact.,https://www.brookings.edu/,brookings.edu,N/A,"4 hours ago The Brookings Institution is a nonprofit public policy organization based in Washington, DC. Our mission is to conduct in-depth research that leads to new"
2026-01-21 23:10:16,Market Intelligence,Google Custom Search,N/A,Vasantrao Naik Marathwada Krishi Vidyapeeth Parbhani ...,https://www.vnmkv.ac.in/,vnmkv.ac.in,N/A,"2 hours ago To undertake and guide extension education programmes, first line transfer of technology, extend services of training, conduct demonstrations and develop"
2026-01-21 23:10:16,Market Intelligence,Google Custom Search,N/A,The Diplomat – Asia-Pacific Current Affairs Magazine,https://thediplomat.com/,thediplomat.com,N/A,"3 hours ago In-depth analysis and commentary on events across the Asia-Pacific region, with a focus on geopolitics, defense, economics, social, and environmental"
2026-01-21 23:10:16,Market Intelligence,Google Custom Search,N/A,Welcome the stranger. Protect the refugee.,https://hias.org/,hias.org,N/A,"3 hours ago HIAS is the global Jewish humanitarian organization that stands for a world in which refugees find welcome, safety, and opportunity."
2026-01-21 23:10:16,Market Intelligence,Google Custom Search,N/A,The Boeing Company Official Website,https://www.boeing.com/,boeing.com,N/A,"4 hours ago Welcome to the official corporate site for the world's largest aerospace company and leading manufacturer of commercial jetliners and defense,"
2026-01-21 23:10:16,Market Intelligence,Google Custom Search,N/A,COVID-19 lockdowns - Wikipedia,https://en.wikipedia.org/wiki/COVID-19_lockdowns,en.wikipedia.org,N/A,"4 hours ago In addition to the health effects of lockdown restrictions, researchers had found the lockdowns may have reduced crime and violence by armed non-state actors,"
2026-01-21 23:10:16,Market Intelligence,Google Custom Search,N/A,Global Investigative Journalism Network,https://gijn.org/,gijn.org,N/A,"6 hours ago One of India's most renowned investigative reporters, Sarin has reported and edited stories digging into security, corruption, and money laundering."
2026-01-21 23:10:16,Market Intelligence,Google Custom Search,N/A,Reuters | Breaking International News & Views,https://www.reuters.com/,reuters.com,N/A,"2 hours ago Find latest news from every corner of the globe at Reuters.com, your online source for breaking international news coverage."
2026-01-21 23:10:16,Market Intelligence,Google Custom Search,N/A,Publications - Sustainable Futures Collaborative,https://www.sustainablefutures.org/publications/,sustainablefutures.org,N/A,3 hours ago Books and book chapters. Adaptation and Resilience. Environmental Governance and Policy. Synergistic Impact of Air Pollution and Heat on Health and Economy in
2026-01-21 23:10:16,Market Intelligence,Google Custom Search,N/A,Brown University,https://www.brown.edu/,brown.edu,N/A,"6 hours ago Brown is a leading research university, home to world-renowned faculty and also an innovative educational institution where the curiosity, creativity and"
2026-01-21 23:10:16,Market Intelligence,Google Custom Search,N/A,Current vacancies | UN Women – Headquarters,https://www.unwomen.org/en/jobs/undp,unwomen.org,N/A,"3 hours ago Current vacancies ; Country EGYPT; City Cairo, Egypt; Closing Date 21-01-2026 ; National Consultant- Development of Female Career Path Policy for the"
2026-01-21 23:10:16,Market Intelligence,Google Custom Search,N/A,"European Union: Your gateway to the EU, News, Highlights",https://european-union.europa.eu/index_en,european-union.europa.eu,N/A,"7 hours ago The EU has put forward a new strategy to combat racism in all its forms. In particular, it looks to ensure proper enforcement of existing EU anti-discrimination"
2026-01-21 23:10:16,Market Intelligence,Google Custom Search,N/A,Current Vacancies | UN Women – Headquarters,https://www.unwomen.org/en/jobs/unwomen,unwomen.org,N/A,2 hours ago Important notice for applicants: Please note that application deadlines are based on the time zone of your current location. Late applications will not be
2026-01-21 23:10:16,Market Intelligence,Google Custom Search,N/A,Food and Agriculture Organization of the United Nations: Home,https://www.fao.org/home/en,fao.org,N/A,"4 hours ago The FAO Data Lab for Statistical Innovation modernizes the statistical business process, with a specific focus on emergency contexts, when having access to"
2026-01-21 23:10:16,Market Intelligence,Google Custom Search,N/A,AO Spine,https://www.aofoundation.org/spine,aofoundation.org,N/A,"10 hours ago The leading global academic community for innovative education and research in spine care, inspiring lifelong learning and improving patients' lives."
2026-01-21 23:10:16,Market Intelligence,Google Custom Search,N/A,Rio Tinto | Global,https://www.riotinto.com/,riotinto.com,N/A,"3 hours ago Rio Tinto is a leading global mining group that focuses on finding, mining and processing the Earth's mineral resources. Discover more about Rio Tinto's"
2026-01-21 23:10:16,Market Intelligence,Google Custom Search,N/A,Global Cyber Alliance: Home - GCA,https://globalcyberalliance.org/,globalcyberalliance.org,N/A,"6 hours ago Which GCA resources are right for you? Select the appropriate category, and start improving cybersecurity for yourself, your business, or the organization you"
2026-01-21 23:10:16,Market Intelligence,Google Custom Search,N/A,HIMSS: Healthcare Information and Management Systems Society,https://www.himss.org/,himss.org,N/A,"20 hours ago HIMSS is your partner in healthcare innovation, management & technology. Join our community to explore resources, events & courses to transform global"
2026-01-21 23:10:16,Market Intelligence,Google Custom Search,N/A,HR & Workplace News & Trends | SHRM,https://www.shrm.org/topics-tools/news,shrm.org,N/A,"6 hours ago Flagship Content Designed for Business Leaders, HR Professionals, and Executives. Examine the complexities of today's business landscape and shape the narrative"
2026-01-21 23:10:16,Market Intelligence,Google Custom Search,N/A,Procurement News - SBI In the News,https://sbi.bank.in/web/sbi-in-the-news/procurement-news,sbi.bank.in,N/A,"3 hours ago Location, Tender Description, Start Date, End Date. LHO, LUCKNOW, RBO-III SHAHJAHANPUR: NOTICE FOR HIRING OF PREMISES FOR STATE BANK OF INDIA ,RAUSAR BRANCH"
2026-01-21 23:10:16,Market Intelligence,Google Custom Search,N/A,PNB Car Financing Scheme for Government Employees | Easy Auto ...,https://pnb.bank.in/scheme-for-financing-purchase-of-car-to-government.html,pnb.bank.in,N/A,"6 hours ago Avail attractive car loan facilities from PNB exclusively for government employees. Competitive interest rates, quick approvals, and flexible repayment"
2026-01-21 23:10:16,Market Intelligence,Google Custom Search,N/A,Sarfaesi And Others - SBI In the News,https://sbi.bank.in/web/sbi-in-the-news/auction-notices/sarfaesi-and-others,sbi.bank.in,N/A,"7 hours ago Description, Auction Date, Documents. AUCTION NOTICE FOR SALE OF PROPERTIES - SARB PATNA (05176), 18.02.2026. 1. S K TRADING ND CO, (PARTNERS: MS SONI"
2026-01-21 23:10:16,Market Intelligence,Google Custom Search,N/A,KCC Eligibility Calculator,https://pnb.bank.in/kcc-eligibility-calculator.aspx,pnb.bank.in,N/A,"7 hours ago Disclaimer · This is an approximate value. · PMFBY premium for notified crops of district is 1.5% of loan amount for Rabi Crops , 2% of loan amount for Kharif"
2026-01-21 23:10:16,Market Intelligence,Google Custom Search,N/A,Chanakya National Law University,https://www.cnlu.ac.in/,cnlu.ac.in,N/A,"6 hours ago Welcome to CNLU. In the State of Bihar, where the seeds of the earliest republic were sown and the crop of democracy cultivated, a need was felt by the"
2026-01-21 23:10:16,Market Intelligence,Google Custom Search,N/A,"Minimum Salary Changes Announced | Fragomen, Del Rey ...",https://www.fragomen.com/insights/minimum-salary-changes-announced.html,fragomen.com,N/A,2 hours ago Partner Aaron Blumberg explains how heightened government scrutiny affecting students from countries such as Venezuela is shaping travel guidance for those
2026-01-21 23:10:16,Market Intelligence,Google Custom Search,N/A,UP-based rural bank issues loan recovery notices to farmers a day ...,https://www.nationalheraldindia.com/india/up-based-rural-bank-issues-loan-recovery-notices-to-farmers-a-day-after-covid-19-lockdown-was-announced,nationalheraldindia.com,N/A,"12 hours ago Farmers were not only warned of stern action by bank in case of non-compliance, but also being deprived of other benefits announced by the government."
2026-01-21 23:10:16,Market Intelligence,Google Custom Search,N/A,T4058: Non-Residents and Income Tax 2024 - Canada.ca,https://www.canada.ca/en/revenue-agency/services/forms-publications/publications/t4058/non-residents-income-tax.html,canada.ca,N/A,"23 hours ago If you are outside Canada and the United States, call 613-940-8495. The CRA only accepts collect calls made through a telephone operator. After your call is"
2026-01-21 23:10:16,Market Intelligence,Google Custom Search,N/A,Idaho Supreme Court Civil Opinions | Supreme Court,https://isc.idaho.gov/appeals-court/isc_civil,isc.idaho.gov,N/A,"23 hours ago § 6-904B(5); attorney fees; 42 U.S.C. § 1988(b). February 7, 2025. 52625, Bennett v. Idaho State Bar, Unpublished Opinion"
2026-01-21 23:10:16,Market Intelligence,Google Custom Search,N/A,GOVERNMENT OF INDIA MINISTRY OF CULTURE,https://asi.nic.in/admin/tender/download/820,asi.nic.in,N/A,"6 hours ago The Superintending Archaeologist, Archaeological Survey of India, Hampi Circle,. Hosapete, Vijaynagar District, Karnataka – 583 201 on behalf of the"
2026-01-21 23:10:16,Market Intelligence,Google Custom Search,N/A,PNB Tenders | View Latest Tender Notices – Punjab National Bank,https://pnb.bank.in/tender.aspx,pnb.bank.in,N/A,"9 hours ago Browse the latest tender notices from Punjab National Bank. Access procurement opportunities, bid details, submission deadlines, and vendor guidelines"
2026-01-21 23:10:16,Market Intelligence,Google Custom Search,N/A,Weekly agenda | News | European Parliament,https://www.europarl.europa.eu/news/en/agenda/weekly-agenda,europarl.europa.eu,N/A,3 hours ago Weekly agenda. The week ahead 19 - 25 January 2026.
2026-01-21 23:10:16,Market Intelligence,Google Custom Search,N/A,365 WINS IN 365 DAYS: President Trump's Return Marks New Era ...,https://www.whitehouse.gov/articles/2026/01/365-wins-in-365-days-president-trumps-return-marks-new-era-of-success-prosperity/,whitehouse.gov,N/A,"24 hours ago 365 WINS IN 365 DAYS: President Trump's Return Marks New Era of Success, Prosperity. The White House. January 20, 2026. One year ago today, President"
2026-01-21 23:10:16,Market Intelligence,Google Custom Search,N/A,Salary Account Package for Central Government Employees (SAPCG),https://www.uco.bank.in/salary-account-package-for-central-government-employees-sapcg,uco.bank.in,N/A,9 hours ago FESTIVE BONANZA OFFER ENJOY 100% WAIVER OF PROCESSING & DOCUMENATION CHARGES ON HOME LOANS AND CAR LOANS © 2026 All Rights Reserved. Powered by PECS on
2026-01-21 23:10:16,Market Intelligence,Google Custom Search,N/A,Yenepoya University: Best Universities in Karnataka,https://www.yenepoya.edu.in/,yenepoya.edu.in,N/A,"5 hours ago Super Speciality Notification 2025-2026 || MBBS & BDS Notification 2025-2026 India, and Yenepoya (Deemed to be University). View more. 16 May 2025."
2026-01-21 23:10:16,Market Intelligence,Google Custom Search,N/A,Bond-Market Backlash Triggers Reality Check for Japan Leader ...,https://www.wsj.com/world/bond-market-backlash-triggers-reality-check-for-japan-leader-ahead-of-election-4dcf07d8,wsj.com,N/A,"6 hours ago Ahead of a snap election, Japanese Prime Minister Sanae Takaichi pledged to waive a sales tax on groceries for two years. Rodrigo Reyes Marin/Reuters"
2026-01-21 23:10:16,Market Intelligence,Google Custom Search,N/A,"live.house.gov, U.S. House of Representatives",https://live.house.gov/,live.house.gov,N/A,9 hours ago Your dashboard for legislative activity. Watch the U.S. House of Representatives live and follow all the action on any device.
2026-01-21 23:10:16,Market Intelligence,Google Custom Search,N/A,Idaho Supreme Court Civil Opinions | Supreme Court,https://isc.idaho.gov/appeals-court/isc_civil,isc.idaho.gov,N/A,"23 hours ago 120 (i)(1) and (i)(7)); temporary custody orders on remand. January 9, 2026, 52069, Ridgeline Medical, LLC v. Lyon, Opinion · Summary, Idaho Patient Act; First"
2026-01-21 23:10:16,Market Intelligence,Google Custom Search,N/A,"India Budget 2026: Latest News, Updates, Key highlights and ...",https://m.economictimes.com/budget,m.economictimes.com,N/A,"6 hours ago The general hope is that Budget 2026 will likely accelerate infrastructure, MSME financing and rural development frameworks, which are seen as engines of"
2026-01-21 23:10:16,Market Intelligence,Google Custom Search,N/A,Advanced BioFuels USA – Truly Sustainable Renewable Future,https://advancedbiofuelsusa.info/,advancedbiofuelsusa.info,N/A,18 hours ago (AGQM/Biobased Diesel Daily) Germany's biodiesel quality management association (AGQM) announced Jan. 15 that it is launching the 2026 no-harm testing round to
2026-01-21 23:10:16,Market Intelligence,Google Custom Search,N/A,Surat Cobra Venom Racket Busted | Rs 5.85 Crore Seized; 7 Arrested,https://www.bhaskarenglish.in/amp/local/gujarat/surat/news/surat-cobra-venom-racket-rs-5-85-crore-arrests-137001949.html,bhaskarenglish.in,N/A,"13 hours ago Ghanshyam Soni had lent ₹10 lakh to Prashant Shah and his associate Makarand to start a business. When the business failed and the loan could not be repaid, the"
2026-01-21 23:10:16,Market Intelligence,Google Custom Search,N/A,"Kanpur News: Latest Headlines, Breaking News & Live Updates ...",https://timesofindia.indiatimes.com/city/kanpur/17,timesofindia.indiatimes.com,N/A,"12 hours ago Kanpur news: TOI brings you the latest headlines, breaking news, and live updates on Kanpur crime, politics, education, and real estate."
2026-01-21 23:10:16,Market Intelligence,Google Custom Search,N/A,Read all stories from Abhishek Sharan | Hindustan Times,https://www.hindustantimes.com/author/abhishek-sharan-101691652809132,hindustantimes.com,N/A,"3 hours ago Abhishek Sharan · ED probe flags ₹30-crore illegal sand mining racket in Nagpur, Bhandara · ED attaches assets worth ₹35.22 crore in ₹137-crore embezzlement case."
2026-01-21 23:10:16,Market Intelligence,Google Custom Search,N/A,"Cyber Fraud: Get Latest News, Photos and Videos along with latest ...",https://www.hindustantimes.com/topic/cyber-fraud,hindustantimes.com,N/A,3 hours ago Cambodia-based cyber fraud racket busted; 6 held in Rajasthan's Jodhpur · Police said SIM cards issued in India were used for the fraud. (Getty Images · india
2026-01-21 23:10:16,Market Intelligence,Google Custom Search,N/A,Hoover Daily Report | Hoover Institution,https://www.hoover.org/publications/daily-report,hoover.org,N/A,"17 hours ago Applications are now open for the 2026 Hoover Institution International Seminar. The deadline is February 1, 2026. February 1, 2026 via undefined via Hoover"
2026-01-21 23:10:16,Market Intelligence,Google Custom Search,N/A,Mumbai Samachar,https://bombaysamachar.com/topics/Breaking,bombaysamachar.com,N/A,15 hours ago India · Stock Market · Muhurat Trading 2025 · NSE · BSE · Indian Economy · Equity Market · AI Photo App India · AI-based photo sharing · Global Photo Sharing
2026-01-21 23:10:16,Market Intelligence,Google Custom Search,N/A,"Smithsonian Magazine: Explore History, Science, Arts & Culture",https://www.smithsonianmag.com/,smithsonianmag.com,N/A,"1 hour ago Discover the latest stories in history, archaeology, science, arts and culture from one of the top news magazines. Smithsonian Magazine brings you"
2026-01-21 23:10:16,Market Intelligence,Google Custom Search,N/A,Fake call centre that extorted over Rs 25 lakh daily from US citizens ...,https://www.taxtmi.com/news?id=44651,taxtmi.com,N/A,"8 hours ago A fake call centre in Pune was busted for extorting over Rs 25 lakh daily from US citizens through digital arrest scams. The operation, run by Magnetel BPS"
2026-01-21 23:10:16,Market Intelligence,Google Custom Search,N/A,Delhi News | Latest and Breaking Delhi News – NDTV.com,https://www.ndtv.com/delhi-news,ndtv.com,N/A,"13 hours ago Today's Delhi News: Get all the Latest and Breaking Delhi News on NDTV. Live local Delhi news coverage and updates on Politics, Election, Weather,"
2026-01-21 23:10:16,Market Intelligence,Google Custom Search,N/A,What To Do if You Were Scammed | Consumer Advice,https://consumer.ftc.gov/articles/what-do-if-you-were-scammed,consumer.ftc.gov,N/A,12 hours ago If You Paid a Scammer · If You Gave a Scammer Your Personal Information · If a Scammer Has Access to Your Computer or Phone · Report a Scam to the FTC
2026-01-21 23:10:16,Market Intelligence,Google Custom Search,N/A,Coronavirus Response | Coronavirus Fraud News | United States ...,https://www.justice.gov/coronavirus/news,justice.gov,N/A,"13 hours ago Jury Convicts Bellair Man for COVID Loan Fraud Scheme Using Deceased Former Business Partner's Identity. January 20, 2026. Press Release. New Jersey Woman"
2026-01-21 23:10:16,Market Intelligence,Google Custom Search,N/A,How to Stop Unwanted Calls | Consumer Advice,https://consumer.ftc.gov/features/how-stop-unwanted-calls,consumer.ftc.gov,N/A,"16 hours ago Why are you getting so many calls? Often, it's scammers calling. Here's what to know about blocking unwanted calls, dealing with robocalls, avoiding phone scams"
2026-01-21 23:10:16,Market Intelligence,Google Custom Search,N/A,Beyond the Numbers: A Modern Guide to Detecting and Preventing ...,https://www.tookitaki.com/compliance-hub/a-comprehensive-guide-to-financial-fraud-detection-and-prevention,tookitaki.com,N/A,"24 hours ago From phishing scams to identity theft, fraud is surging at every level Criminals may use this stolen identity to open fraudulent accounts, secure loans, or"
2026-01-21 23:10:16,Market Intelligence,Google Custom Search,N/A,How To Tell The Difference Between Identity Fraud and Identity Theft?,https://www.mcafee.com/blogs/privacy-identity-protection/whats-the-difference-between-identity-fraud-and-identity-theft/,mcafee.com,N/A,7 hours ago Examples: A criminal uses your personal information to open a new line of credit at a retailer under your name and then makes purchases against
2026-01-21 23:10:16,Market Intelligence,Google Custom Search,N/A,Cyber scams and how to avoid them,https://support.norton.com/sp/en/hk/home/current/solutions/v105274822,support.norton.com,N/A,"9 hours ago The main purpose of these types of scams can range from credit card theft to capturing user login and password credentials, and even identity theft. Here"
2026-01-21 23:10:16,Market Intelligence,Google Custom Search,N/A,Press Releases — FBI,https://www.fbi.gov/news/press-releases,fbi.gov,N/A,"7 hours ago New York Man Sentenced to Prison for Bank Fraud and Identity Theft in Connection with Stolen $810,000 Tax Refund Check. 01.15.2026. Former Steuben County"
2026-01-21 23:10:16,Market Intelligence,Google Custom Search,N/A,Protect Your CIF Number: Security Risks Explained,https://paytm.com/blog/credit-score/the-security-risks-of-sharing-your-cif-number-and-how-to-protect-it/,paytm.com,N/A,"4 hours ago Sharing this number can put your financial security at serious risk, opening the door to fraud and identity theft. new accounts, take out loans, or make"
2026-01-21 23:10:16,Market Intelligence,Google Custom Search,N/A,India AI Impact Summit 2026,https://impact.indiaai.gov.in/home/pre-summit-events,impact.indiaai.gov.in,N/A,"4 hours ago identity theft, and AI-driven fraud. Emphasizing a human-centric approach Speakers highlighted the use of AI for credit assessment, fraud detection"
2026-01-21 23:10:16,Market Intelligence,Google Custom Search,N/A,CIF Number Safety: Understanding Risks & Protection,https://paytm.com/blog/credit-score/cif-number-safety-understanding-sharing-risks-and-protection-tips/,paytm.com,N/A,"3 hours ago This guide explains what it is, why it's sensitive, and the serious risks of sharing it, such as fraud and identity theft. Learn simple, practical steps to"
2026-01-21 23:10:16,Market Intelligence,Google Custom Search,N/A,Government removes Debenture Redemption Reserve requirement ...,https://www.taxtmi.com/news?id=21896,taxtmi.com,N/A,"24 hours ago a) removing the requirement for creation of a DRR of 25% of the value of outstanding debentures in respect of listed companies, NBFCs registered with RBI and"
2026-01-21 23:10:16,Market Intelligence,Google Custom Search,N/A,FAQ on Systemically Important Core Investment Companies (CICs ...,https://www.taxtmi.com/news?id=13929,taxtmi.com,N/A,"23 hours ago The Reserve Bank of India (RBI) regulates Non-Banking Financial Companies (NBFCs), including Systemically Important Core Investment Companies (CICs-ND-SI)."
2026-01-21 23:10:16,Market Intelligence,Google Custom Search,N/A,"GST fraud: ED raids in Jharkhand, West Bengal",https://www.taxtmi.com/news?id=43203,taxtmi.com,N/A,7 hours ago 14325 crore. The operation aims to gather evidence and assets related to ineligible input tax credit claims under the Prevention of Money Laundering Act.
2026-01-21 23:10:16,Market Intelligence,Google Custom Search,N/A,"ED arrests former MP transport dept constable, 2 linked persons in ...",https://www.taxtmi.com/news?id=33609,taxtmi.com,N/A,6 hours ago The Enforcement Directorate arrested a former Madhya Pradesh transport department constable and two associates in a money laundering case involving
2026-01-21 23:10:16,Market Intelligence,Google Custom Search,N/A,Income Tax Department conducts searches in Delhi-NCR on ...,https://www.taxtmi.com/news?id=25277,taxtmi.com,N/A,13 hours ago These contain records of on-money transactions where cash was being received in lieu of sale of units in their various real estate projects across Delhi. In the
2026-01-21 23:10:16,Market Intelligence,Google Custom Search,N/A,Purchase/ sale of any goods or services (including jewellery / bullion ...,https://www.taxtmi.com/news?id=15341,taxtmi.com,N/A,20 hours ago One of the recommendations of the Special Investigation Team (SIT) on Black Money was that quoting of PAN should be made mandatory for all sales and purchases
2026-01-21 23:10:16,Market Intelligence,Google Custom Search,N/A,With Aim to Build a Diverse Financial Wellness Platform ...,https://www.taxtmi.com/news?id=57280,taxtmi.com,N/A,23 hours ago The Paisabazaar would now facilitate comparing and choosing Fixed Deposits and Corporate Bonds. This move comes on the back of Paisabazaar launching PB Money –
2026-01-21 23:10:16,Market Intelligence,Google Custom Search,N/A,Cybercrime Magazine - Page One For The Cybersecurity Industry,https://cybersecurityventures.com/,cybersecurityventures.com,N/A,"3 hours ago Cybercrime Magazine by Cybersecurity Ventures provides research and reports on cybercrime costs, cybersecurity market size and spending forecasts,"
2026-01-21 23:10:16,Market Intelligence,Google Custom Search,N/A,ManiBhavnam Home Finance India Pvt. Ltd.: Rating reaffirmed,https://www.icra.in/Rating/RatingDetails?CompanyId=27981&CompanyName=ManiBhavnam%20Home%20Finance%20India%20Pvt.%20Ltd.,icra.in,N/A,12 hours ago About Us · Ratings · ICRA Research · About Credit Perspective Reports · Media & Events · Rating Rationales · Credit Perspective Reports · Sector Research.
2026-01-21 23:10:16,Market Intelligence,Google Custom Search,N/A,"ICLG: Legal Guides, Business Reports and Events",https://iclg.com/,iclg.com,N/A,5 hours ago The International Comparative Legal Guides provide current and practical comparative legal information on several jurisdictions in a Q&A format.
2026-01-21 23:10:16,Market Intelligence,Google Custom Search,N/A,The World Economic Forum,https://www.weforum.org/,weforum.org,N/A,"1 hour ago World leaders from government, business, civil society and academia will convene in Davos to engage in forward-looking discussions to address global issues and"
2026-01-21 23:10:16,Market Intelligence,Google Custom Search,N/A,Latest News | AIA,https://www.aiaworldwide.com/news/news/,aiaworldwide.com,N/A,20 hours ago As a leading global professional body for accountants and finance professionals AIA provides the latest industry news and insights.
2026-01-21 23:10:16,Market Intelligence,Google Custom Search,N/A,List Screening Strategy & Solutions for Businesses | EY - India,https://www.ey.com/en_in/industries/banking-capital-markets/list-screening,ey.com,N/A,7 hours ago What EY can do for you. Screening is a critical part of anti-money laundering (AML) compliance programs and the fight against financial crime. Banks must vet
2026-01-21 23:10:16,Market Intelligence,Google Custom Search,N/A,Institute of Risk Management (IRM),https://www.theirm.org/,theirm.org,N/A,"10 hours ago IRM is the leading body for professional risk management. We provide globally recognised qualifications and training, publish research and guidance and set"
2026-01-21 23:10:16,Market Intelligence,Google Custom Search,N/A,Experienced professionals | EY - India,https://www.ey.com/en_in/careers/job-search,ey.com,N/A,"6 hours ago Job search · Experienced professionals · Careers in EY-Parthenon: Strategy, Transactions and Corporate Finance."
2026-01-21 23:10:16,Market Intelligence,Google Custom Search,N/A,NITI AAYOG,https://niti.gov.in/sites/default/files/2026-01/Vacancy_Circular_for_various_post_under_Flexi_posts.pdf,niti.gov.in,N/A,"3 hours ago a) Desirable Educational Qualification: i) Master's degree in Economics, International Economics, Applied Econometrics, Finance, or related fields from a"
2026-01-21 23:10:16,Market Intelligence,Google Custom Search,N/A,Google News,https://news.google.co.in/,news.google.co.in,N/A,"7 hours ago Read full articles, watch videos, browse thousands of titles and more on the 'Home page' topic with Google News."
2026-01-21 23:10:16,Market Intelligence,Google Custom Search,N/A,press releases,https://cbi.gov.in/press-releases,cbi.gov.in,N/A,"8 hours ago PRESS RELEASES ; 5, News Heading:CBI Arrests Proclaimed Offender in a Bank Fraud Case, News Date:17/01/2026 ; 6, News Heading:CBI Court Convicts and Sentences"
2026-01-21 23:10:16,Market Intelligence,Google Custom Search,N/A,Indian Institute of Banking & Finance (IIBF),https://www.iibf.org.in/,iibf.org.in,N/A,"7 hours ago IIBF, formerly known as The Indian Institute of Bankers (IIB), is a professional body of Banks, Financial Institutions, and their employees in India."
2026-01-21 23:10:16,Market Intelligence,Google Custom Search,N/A,Ref. No.:HO:IRC:SVM:2025-26:385 Date: 21.01.2026 Scrip Code ...,https://bankofindia.bank.in/documents/20121/27898054/Q3FY26Results.pdf/,bankofindia.bank.in,N/A,"3 hours ago 3. Further, we enclose the following: > Unaudited (Reviewed) Standalone, Consolidated Financial Results and Limited Review. Report of the Auditors;."
2026-01-21 23:10:16,Market Intelligence,Google Custom Search,N/A,ICRA An Affiliate of Moody's,https://www.icra.in/,icra.in,N/A,"3 hours ago ICRA rates debt instruments issued by corporate entities, commercial banks, non-banking finance companies, financial institutions, public sector"
2026-01-21 23:10:16,Market Intelligence,Google Custom Search,N/A,Job Search | HSBC Group,https://mycareer.hsbc.com/,mycareer.hsbc.com,N/A,3 hours ago Payroll and Benefit Manager. HSBC Bank. Bermuda. Human Resources. Permanent - Full Time. Hybrid Working. 21-Jan-2026 - 03-Feb-2026.
2026-01-21 23:10:16,Market Intelligence,Google Custom Search,N/A,"PNB Complaint, File Complaint PNB, Punjab National Bank ...",https://pnb.bank.in/CcsrmsFormComplaint.aspx,pnb.bank.in,N/A,3 hours ago शिकायत फॉर्म/ Complaint Form · टिप्पणियां/ Remarks* (Do not share Debit/Credit card number in the remarks field) · इमेज में दिखने वाला कोड दर्ज करें/ Enter the code as shown in image
2026-01-21 23:10:16,Market Intelligence,Google Custom Search,N/A,Pondicherry University,https://www.pondiuni.edu.in/,pondiuni.edu.in,N/A,"4 hours ago The University takes great pride in having established strong, industry-focused teaching programmes and cutting-edge research. We offer our students a research-"
2026-01-21 23:10:16,Market Intelligence,Google Custom Search,N/A,Home | Directorate of Enforcement,https://enforcementdirectorate.gov.in/,enforcementdirectorate.gov.in,N/A,"2 hours ago in India. ED has been given the responsibility to conduct investigation into suspected contraventions of foreign exchange laws and regulations, to"
2026-01-21 23:10:16,Market Intelligence,Google Custom Search,N/A,Current Opportunities,https://bankofbaroda.bank.in/career/current-opportunities,bankofbaroda.bank.in,N/A,10 hours ago bob World Internet (Net Banking) India · Baroda Connect (Net Banking) IN BANK OF BARODA BOB/HRM/REC/ADVT/2026/02. Advt. No. BOB/HRM/REC/ADVT/2026
2026-01-21 23:10:16,Market Intelligence,Google Custom Search,N/A,Administrative Procurement,https://www.worldbank.org/en/about/corporate-procurement/business-opportunities/administrative-procurement,worldbank.org,N/A,"18 hours ago Solicitation Title, Number, Issue Date, Closing Date. RFxNow 2019359 - ""Assessing Government-to-Person (G2P) Payments for Adaptive Social Protection in"
2026-01-21 23:10:16,Market Intelligence,Google Custom Search,N/A,"Gujarat govt disburses Rs 9,466 crore to 32 lakh farmers hit by ...",https://www.thehansindia.com/news/national/gujarat-govt-disburses-rs-9466-crore-to-32-lakh-farmers-hit-by-unseasonal-rains-1041225,thehansindia.com,N/A,5 hours ago Tags. Gujaratfarmer reliefunseasonal rainsRs 9466 crore disbursedcrop damage compensation © 2024 Hyderabad Media House Limited / The Hans India. All
2026-01-21 23:10:16,Market Intelligence,Google Custom Search,N/A,"Gujarat govt disburses Rs 9,466 crore to 32 lakh farmers hit by ...",https://www.thehawk.in/news/india/gujarat-govt-disburses-rs-9466-crore-to-32-lakh-farmers-hit-by-unseasonal-rains,thehawk.in,N/A,"11 hours ago Gujarat government disburses over ₹9466 crore to over 32 lakh farmers affected by unseasonal rainfall, providing comprehensive relief."
2026-01-21 23:10:16,Market Intelligence,Google Custom Search,N/A,Guj govt to buy crops worth Rs 15k cr from farmers at MSP,https://www.msn.com/en-in/news/India/guj-govt-to-buy-crops-worth-rs-15k-cr-from-farmers-at-msp/ar-AA1PStYU?apiversion=v2&domshim=1&noservercache=1&noservertelemetry=1&batchservertelemetry=1&renderwebcomponents=1&wcseo=1,msn.com,N/A,"9 hours ago When questioned about crop losses due to unseasonal rainfall, Vaghani said the damage survey is ongoing and that the government will compensate farmers in"
2026-01-21 23:10:16,Market Intelligence,Google Custom Search,N/A,Fikrokhabar News | English News Portal,https://english.fikrokhabar.com/,english.fikrokhabar.com,N/A,"18 hours ago State news · LPG Cylinder Explosion Damages Home in Karkala, Loss Estimated at Rs 2 Lakh · Unseasonal Rains Hit Karnataka Farmers Hard, Damaging Key Crops."
2026-01-21 23:10:16,Market Intelligence,Google Custom Search,N/A,Big Relief for Maharashtra Farmers: Loan Modification Approved for ...,https://www.cmv360.com/tractors/news/big-relief-for-maharashtra-farmers-loan-modification-approved-for-17-29-lakh-crop-loss-affected-farmers,cmv360.com,N/A,11 hours ago The benefit of this decision will be available only to verified farmers whose crops were damaged due to: Heavy rainfall. Floods. Unseasonal rainfall. The
2026-01-21 23:10:16,Market Intelligence,Google Custom Search,N/A,"Gujarat govt disburses ₹9,400 crore as compensation for loss due ...",https://www.thehindubusinessline.com/news/national/gujarat-govt-disburses-9400-crore-as-compensation-for-loss-due-to-unseasonal-rains/article70533333.ece,thehindubusinessline.com,N/A,6 hours ago Gujarat government allocates ₹9400 crore in compensation to 32 lakh farmers affected by unseasonal rains.
2026-01-21 23:10:16,Market Intelligence,Google Custom Search,N/A,RALLIS INDIA LTD (RALLIS.NS) Q3 25/26 earnings call transcript,https://finance.yahoo.com/quote/RALLIS.NS/earnings/RALLIS.NS-Q3-2026-earnings_call-399617.html/,finance.yahoo.com,N/A,"12 hours ago unseasonal October rains and higher than normal reported crop damage. For Q3, fiscal year 2026 revenues stood at INR 623 crore versus INR 522 crore of Q3"
2026-01-21 23:10:16,Market Intelligence,Google Custom Search,N/A,Heavy Weather Forecasts Raise Alerts in North India,https://www.epsiranking.com/news/education/current-affairs/geography/heavy-weather-forecasts-raise-alerts-in-north-india,epsiranking.com,N/A,"23 hours ago India are expected to receive light to moderate rainfall Sudden cold stress and unseasonal rain can affect crop growth, irrigation schedules, and harvesting"
2026-01-21 23:10:16,Market Intelligence,Google Custom Search,N/A,"Latest India News, National News Headlines Today - The ...",https://www.thehindubusinessline.com/news/national/,thehindubusinessline.com,N/A,"1 hour ago Today's Business News: Get all the latest business news, IPO, BSE Gujarat govt disburses ₹9,400 crore as compensation for loss due to unseasonal rains."
2026-01-21 23:10:16,Market Intelligence,Google Custom Search,N/A,Gujarat's Bold Move: Financial Aid and Kharif Crop Success in 2025 ...,https://www.devdiscourse.com/article/headlines/3778018-gujarats-bold-move-financial-aid-and-kharif-crop-success-in-2025,devdiscourse.com,N/A,"2 hours ago The Gujarat government has allocated Rs 9466 crore to over 32 lakh farmers affected by unseasonal rains in 2025. The aid, part of a relief package,"
2026-01-21 23:10:16,Market Intelligence,Google Custom Search,N/A,Climate change and food security in Ethiopia | Population and ...,https://link.springer.com/article/10.1007/s11111-025-00516-4,link.springer.com,N/A,"16 hours ago The lack of attention to temperature exposures is notable given the above-cited consequences of warming for agriculture and health in these contexts, as well as"
2026-01-21 23:10:16,Market Intelligence,Google Custom Search,N/A,"Policy Circle - Economy, Policy, Sustainable Development",https://www.policycircle.org/,policycircle.org,N/A,"11 hours ago India unemployment data shows resilience, but fails to capture insecurity, low wages, and distress employment across India."
2026-01-21 23:10:16,Market Intelligence,Google Custom Search,N/A,(PDF) A Century of Drought Research (1900–2023): Scientific ...,https://www.researchgate.net/publication/399858994_A_Century_of_Drought_Research_1900-2023_Scientific_Developments_Methodological_Innovations_and_Emerging_Frontiers,researchgate.net,N/A,"10 hours ago widespread indebtedness left rural farming communities in deep economic distress (Charlesworth, 2002; The 2002 drought, driven by a 21.5% monsoon deficit,."
2026-01-21 23:10:16,Market Intelligence,Google Custom Search,N/A,Daily UPSC Current Affairs | Shankar IAS Parliament,https://www.shankariasparliament.com/index.php/current-affairs,shankariasparliament.com,N/A,"9 hours ago Child trafficking is a grave issue in India, in K.P. Kiran Kumar v. State, the Supreme Court issued strict guidelines to curb such crimes, declaring that"
2026-01-21 23:10:16,Market Intelligence,Google Custom Search,N/A,India fertiliser imports on track to hit all-time high of $18 billion this ...,https://m.economictimes.com/news/economy/foreign-trade/india-fertiliser-imports-on-track-to-hit-all-time-high-of-18-billion-this-fiscal-year/articleshow/126949249.cms,m.economictimes.com,N/A,"10 hours ago Fertiliser consumption is expected to rise by ‌at least 5% this year from a year earlier, as ample monsoon rainfall encouraged farmers to increase planting,"
2026-01-21 23:10:16,Market Intelligence,Google Custom Search,N/A,December,https://www.drishtiias.com/images/pdf/Monthly%20MCQs%20consolidation%20(16-31%20December)%20Part-2.pdf,drishtiias.com,N/A,4 hours ago There is no overall FDI cap on private banks in. India. D. RBI does not regulate foreign investment in Indian banks. 30. A depreciation of the Indian rupee is
2026-01-21 23:10:16,Market Intelligence,Google Custom Search,N/A,India's Data Embassy Vision in the UAE: Cybersecurity and Digital ...,https://www.vajiraoinstitute.com/upsc-ias-current-affairs/indias-data-embassy-uae-digital-sovereignty.aspx,vajiraoinstitute.com,N/A,3 hours ago Such a high level of economic interdependence provides a reliable anchorage of collaborative efforts in extremely sensitive fields such as digital sovereignty.
2026-01-21 23:10:16,Market Intelligence,Google Custom Search,N/A,Talks - Oxford Talks,https://talks.ox.ac.uk/talks/,talks.ox.ac.uk,N/A,"10 hours ago The lecture is chaired by Ngaire Woods, Dean of the Blavatnik School of Government and Professor of Global Economic Governance at Oxford University. Anne's"
2026-01-21 23:10:16,Market Intelligence,Google Custom Search,N/A,"What is LBSNAA- Full Form, History, Facilities, Training & Location",https://www.vajiraoinstitute.com/upsc-ias-current-affairs/lbsnaa.aspx,vajiraoinstitute.com,N/A,"7 hours ago Founded in 1959, the Lal Bahadur Shastri National Academy of Administration (LBSNAA) is India's premier training institute for civil servants,"
2026-01-21 23:10:16,Market Intelligence,Google Custom Search,N/A,A living lab approach to co-designing climate adaptation strategies,https://journal-buildingscities.org/articles/626/files/6970a21403b6f.pdf,journal-buildingscities.org,N/A,"6 hours ago A living lab used a participatory modelling framework to co-design adaptation strategies with farmers in Sadivayal, India. Through mind mapping, sketching and"
2026-01-21 23:10:16,Market Intelligence,Google Custom Search,N/A,IRI – International Research Institute for Climate and Society ...,https://iri.columbia.edu/our-expertise/climate/forecasts/enso/current/,iri.columbia.edu,N/A,"15 hours ago ENSO Forecast. January 2026 Quick Look. Published: January 20, 2026. A monthly summary of the status of El Niño, La Niña, and the Southern Oscillation,"
2026-01-21 23:10:16,Market Intelligence,Google Custom Search,N/A,Southern hemisphere monitoring,https://www.bom.gov.au/climate/enso/,bom.gov.au,N/A,"8 hours ago Latest climate indicators for Australia in the Pacific, Indian and Southern ocean regions, including sea surface temperature, ENSO, Indian Ocean Dipole,"
2026-01-21 23:10:16,Market Intelligence,Google Custom Search,N/A,CarbonCopy | Tracking Climate & Energy News in India,https://carboncopy.info/,carboncopy.info,N/A,"7 hours ago Your knowledge platform for India's climate and energy landscape. Explore original content, expert insights, and deeply researched news from the Global"
2026-01-21 23:10:16,Market Intelligence,Google Custom Search,N/A,AgWeb: Agriculture news and commodity markets,https://www.agweb.com/,agweb.com,N/A,"4 hours ago Today's agriculture news, commodity prices, and ag market insights serving farmers, ranchers, and producers."
2026-01-21 23:10:16,Market Intelligence,Google Custom Search,N/A,What are Microatolls?,https://www.pmfias.com/microatolls/,pmfias.com,N/A,20 hours ago ☆ Download Prelims Magnum 2026 — Yearly Prelims Cracker 2026 Climate signals: Growth interruptions correspond with El Niño & negative Indian Ocean Dipole
2026-01-21 23:10:16,Market Intelligence,Google Custom Search,N/A,"Latest Agricultural News, Crop Prices, Farming, Agri Business News ...",https://www.thehindubusinessline.com/economy/agri-business/,thehindubusinessline.com,N/A,"3 hours ago Agri Business News : Get the latest agriculture news from The World Of Agriculture & Farming related to Crop Prices, Farm Equipment in Agri Business News."
2026-01-21 23:10:16,Market Intelligence,Google Custom Search,N/A,Dengue,https://www.pmfias.com/dengue/,pmfias.com,N/A,"3 hours ago impact of El-Nino. It is a Vector-Borne Disease (VBD) caused by the dengue Indian Army Day 2026: Historical Background & Significance. January 15, 2026. ITSAR"
2026-01-21 23:10:16,Market Intelligence,Google Custom Search,N/A,Express Premium - Page 468 - The Indian Express,https://indianexpress.com/about/express-premium/page/468/?_gl=1%2Anrzvb1%2A_ga%2AczhtRGlmTl9uT1B4YzBDOGZBdHFoNTl3Y3ViRGRyQXdnYTdwVE43aEpaMG4xdXdpbHNuMFFoOXp2N3dxVFVRMQ..&ref=premium-page,indianexpress.com,N/A,"19 hours ago What exactly are El Nino and La Nina events, and why does the Pacific Ocean witness them? And why do events over far-away Pacific influence rainfall over India?"
2026-01-21 23:10:16,Market Intelligence,Google Custom Search,N/A,Estimating Technical Efficiency of Rice Farming in Indonesia in Pre ...,https://arccjournals.com/journal/agricultural-science-digest/DF-767,arccjournals.com,N/A,"5 hours ago Result: The results suggest that all input variables have positive and significant effects on rice production, with granulated organic fertilizers and informal"
2026-01-21 23:10:16,Market Intelligence,Google Custom Search,N/A,BG - Home,https://www.biogeosciences.net/,biogeosciences.net,N/A,"17 hours ago We refrain from displaying the journal metrics prominently on the landing page since citation metrics used in isolation do not describe importance, impact, or"
2026-01-21 23:10:16,Market Intelligence,Google Custom Search,N/A,"Welcome to Embassy of India, Berlin(Germany)",https://indianembassyberlin.gov.in/Yogadayvidplay?id=eyJpdiI6InZNXC9MdFhBQllLSjFNT3dET0tMclwvdz09IiwidmFsdWUiOiJLUkFyVHlnVmdabVNBOWowOTNMdWhRPT0iLCJtYWMiOiIyZjQ3NmZjZjU4YjQ3MThmYjcxY2RlODkyNThhMGI5ODY2ZjdmN2VlODA3NWI5YzFmNDY3YjkxMmUyYzQxYWQ0In0=,indianembassyberlin.gov.in,N/A,22 hours ago Yog Deep with Gayathri Ramesh - Adho Mukha Svanasana Asanas Unravelled - EP # 10 Powered by: Ardhas Technology India Private Limited. Copy right policy
2026-01-21 23:10:16,Market Intelligence,Google Custom Search,N/A,Food and Agriculture Organization of the United Nations: Home,https://www.fao.org/home/en,fao.org,N/A,"4 hours ago Explore how this new global initiative will bring together cultures, innovation and knowledge to highlight the power of agrifood systems in advancing"
2026-01-21 23:10:16,Market Intelligence,Google Custom Search,N/A,2026 Climate and Catastrophe Insight,https://www.aon.com/en/insights/reports/climate-and-catastrophe-report,aon.com,N/A,5 hours ago Even though the cost of overall damage was lower than in recent years Severe flood-related losses across South and Southeast Asia revealed
2026-01-21 23:10:16,Market Intelligence,Google Custom Search,N/A,"Air India crash plane had record of safety defects, campaigners claim",https://www.bbc.com/news/articles/czx1p47x589o,bbc.com,N/A,"18 hours ago The failures included electronics and software faults, circuit breakers tripping repeatedly, damage to wiring, short circuits, loss of electrical current, and"
2026-01-21 23:10:16,Market Intelligence,Google Custom Search,N/A,Private Car Package Policy,https://bandhan.bank.in/sites/default/files/2026-01/Brochure-Bajaj-General-Car-Insurance.pdf,bandhan.bank.in,N/A,5 hours ago We will cover your legal liability arising out of bodily injury to and/or property damage of third parties caused due to an accident involving your car. Section
2026-01-21 23:10:16,Market Intelligence,Google Custom Search,N/A,Reconstruction efforts underway to restore bridges and roads ...,https://ddnews.gov.in/en/reconstruction-efforts-underway-to-restore-bridges-and-roads-damaged-by-floods-and-landslides-in-nepal/,ddnews.gov.in,N/A,"8 hours ago Recent floods and landslides in Nepal caused extensive damage to major highways and roads, with 55 bridges destroyed or severely impacted."
2026-01-21 23:10:16,Market Intelligence,Google Custom Search,N/A,NHESS - Recent,https://nhess.copernicus.org/,nhess.copernicus.org,N/A,10 hours ago This study estimates flood direct damage to businesses in Italy using 812 damage records from five riverine flood case studies. A multiple regression model
2026-01-21 23:10:16,Market Intelligence,Google Custom Search,N/A,eProcurement System Government of Himachal Pradesh,https://hptenders.gov.in/nicgep/app?component=%24DirectLink&page=FrontEndTendersByOrganisation&service=direct,hptenders.gov.in,N/A,"14 hours ago S.No, e-Published Date, Closing Date, Opening Date, Title and Ref.No./Tender ID, Organisation Chain. 1, 21-Jan-2026 09:00 AM, 27-Jan-2026 09:00 AM"
2026-01-21 23:10:16,Market Intelligence,Google Custom Search,N/A,APAC: 2025 economic losses from natural disasters reach $76bn,https://www.asiainsurancereview.com/News/ViewNewsLetterArticle/id/94201/Type/eDaily/APAC-2025-economic-losses-from-natural-disasters-reach-76bn,asiainsurancereview.com,N/A,"18 hours ago Most of the damage was driven by the Myanmar earthquake last March, flooding Significant flooding in India and Pakistan at the end of August resulted"
2026-01-21 23:10:16,Market Intelligence,Google Custom Search,N/A,Group Business Travel (International) Insurance - CIS - KEN,https://content.sbigeneral.in/uploads/Group_Business_Travel_International_Insurance_CIS_436b7a3835.pdf,content.sbigeneral.in,N/A,11 hours ago Home Burglary Insurance-Covers loss of or damage to contents of the Insured Person's home in India. SBI General Insurance Company Limited | Group Business
2026-01-21 23:10:16,Market Intelligence,Google Custom Search,N/A,Publications - Sustainable Futures Collaborative,https://www.sustainablefutures.org/publications/,sustainablefutures.org,N/A,3 hours ago Synergistic Impact of Air Pollution and Heat on Health and Economy in India The authors found strong evidence of heatwave impacts on daily mortality.
2026-01-21 23:10:16,Market Intelligence,Google Custom Search,N/A,A Review of Heat Wave Impacts on the Food–Energy–Water Nexus ...,https://www.mdpi.com/2225-1154/14/1/27,mdpi.com,N/A,8 hours ago Hatfield (2015) discussed how heat stress affects not only crop yields but also irrigation water demand as well as energy requirements for cooling and
2026-01-21 23:10:16,Market Intelligence,Google Custom Search,N/A,National Current Conditions | Drought.gov,https://www.drought.gov/current-conditions,drought.gov,N/A,"12 hours ago Get the latest U.S. drought conditions. View current precipitation, temperature, and drought maps, as well as streamflow and soil moisture conditions."
2026-01-21 23:10:16,Market Intelligence,Google Custom Search,N/A,NHESS - Recent,https://nhess.copernicus.org/,nhess.copernicus.org,N/A,"10 hours ago The following lists the recent preprints posted on EGUsphere with NHESS-related topics, the recent preprints posted in NHESS's discussion forum, as well as"
2026-01-21 23:10:16,Market Intelligence,Google Custom Search,N/A,Aparna Roy- Read all stories from Aparna Roy | Hindustan Times,https://www.hindustantimes.com/author/aparna-roy-101647956656861,hindustantimes.com,N/A,"2 hours ago Treat heatwaves as a health emergency · The health consequences of heatwaves are widespread, affecting both urban and rural populations As India prepares"
2026-01-21 23:10:16,Market Intelligence,Google Custom Search,N/A,Integrated assessment of environmental infrastructural and social ...,https://www.nature.com/articles/s41598-026-35822-w,nature.com,N/A,"8 hours ago Please note there may be errors present which affect the content, and all legal disclaimers apply. Abstract. Urban public safety is shaped by the interaction of"
2026-01-21 23:10:16,Market Intelligence,Google Custom Search,N/A,ABC (Australian Broadcasting Corporation),https://www.abc.net.au/,abc.net.au,N/A,"3 hours ago Stay informed and entertained with ABC Australia. Access live events, news, audio and on-demand video streaming from the nation's most trusted broadcaster."
2026-01-21 23:10:16,Market Intelligence,Google Custom Search,N/A,Economy of Iran - Wikipedia,https://en.wikipedia.org/wiki/Economy_of_Iran,en.wikipedia.org,N/A,"16 hours ago Rural households: IRR 10 million, monthly (FY 2013). Gross savings, 41.758% of GDP (2022). Main industries. petroleum, petrochemicals, fertilizers"
2026-01-21 23:10:16,Market Intelligence,Google Custom Search,N/A,Water Governance for Climate Resilience in Hungary | OECD,https://www.oecd.org/en/publications/water-governance-for-climate-resilience-in-hungary_1d2657fc-en/full-report/component-6.html,oecd.org,N/A,"1 hour ago In 2025, a Drought Protection Task Force was established to prepare and co-ordinate government measures for mitigating drought impacts and monitoring their"
2026-01-21 23:10:16,Market Intelligence,Google Custom Search,N/A,India's Data Embassy Vision in the UAE: Cybersecurity and Digital ...,https://www.vajiraoinstitute.com/upsc-ias-current-affairs/indias-data-embassy-uae-digital-sovereignty.aspx,vajiraoinstitute.com,N/A,"3 hours ago Broader Implications for India. In addition to making India more resilient, the initiative strengthens digital diplomacy in India and makes it a participant in"
2026-01-21 23:10:16,Market Intelligence,Google Custom Search,N/A,"Cyclone Montha weakens after landfall in Andhra Pradesh, heavy ...",https://ddnews.gov.in/en/cyclone-montha-weakens-after-landfall-in-andhra-pradesh-heavy-rains-lash-eastern-states/,ddnews.gov.in,N/A,"5 hours ago cyclonic storm to a cyclonic storm over coastal Andhra Pradesh, the India Meteorological Department (IMD) said on Wednesday. The system is expected to"
2026-01-21 23:10:16,Market Intelligence,Google Custom Search,N/A,Global Water Cycle: Significance & Global Impact,https://www.pmfias.com/global-water-cycle/,pmfias.com,N/A,"14 hours ago E.g., IMD data shows frequent droughts affecting ~50% of India's net sown area. Coastal Risks: Cyclones bring storm surge and floods. E.g., Cyclone Amphan (2020)"
2026-01-21 23:10:16,Market Intelligence,Google Custom Search,N/A,The Indo-Pacific Oceans Initiative: Towards a Coherent Indo-Pacific ...,https://www.orfonline.org/research/the-indo-pacific-oceans-initiative-towards-a-coherent-indo-pacific-policy-for-india,orfonline.org,N/A,"13 hours ago The Indo-Pacific region is increasingly being viewed as a global centre of gravity, both for its economic and demographic potential, and the security"
2026-01-21 23:10:16,Market Intelligence,Google Custom Search,N/A,Publications - Sustainable Futures Collaborative,https://www.sustainablefutures.org/publications/,sustainablefutures.org,N/A,"3 hours ago Adaptation and Resilience. Environmental Governance and Policy. Synergistic Impact of Air Pollution and Heat on Health and Economy in India. Abinaya Sekar,"
2026-01-21 23:10:16,Market Intelligence,Google Custom Search,N/A,ICT investment and carbon emission efficiency in regional port ...,https://www.nature.com/articles/s41599-026-06509-4,nature.com,N/A,"24 hours ago Jin X, Li M, Lei X (2024b) The impact of digitalization on the green development of the marine economy: evidence from China's coastal regions. Front Mar Sci"
2026-01-21 23:10:16,Market Intelligence,Google Custom Search,N/A,The environmental costs of replacing mangroves with a road,https://india.mongabay.com/2026/01/the-environmental-costs-of-replacing-mangroves-with-a-road/,india.mongabay.com,N/A,"7 hours ago affect more than 45,000 mangrove trees along Mumbai's western coast. The coast of India, will cause massive social, economic, and ecological damage."
2026-01-21 23:10:16,Market Intelligence,Google Custom Search,N/A,NHESS - Recent,https://nhess.copernicus.org/,nhess.copernicus.org,N/A,"10 hours ago The following lists the recent preprints posted on EGUsphere with NHESS-related topics, the recent preprints posted in NHESS's discussion forum, as well as"
2026-01-21 23:10:16,Market Intelligence,Google Custom Search,N/A,Centre for Science and Environment,https://www.cseindia.org/,cseindia.org,N/A,2 hours ago School of Environmental Communications · Industry · School of circular economy · School of circular economy · School of sustainable urbanization and air pollution.
2026-01-21 23:10:16,Market Intelligence,Google Custom Search,N/A,Climate Prediction Center - Global Tropical Hazards Outlook,https://www.cpc.ncep.noaa.gov/products/precip/CWlink/ghaz/index.php,cpc.ncep.noaa.gov,N/A,"8 hours ago For week-1 tropical cylone information and forecasts, please visit the National Hurricane Center and the Joint Typhoon Warning Center."
2026-01-21 23:10:16,Market Intelligence,Google Custom Search,N/A,Frontiers in Marine Science,https://www.frontiersin.org/journals/marine-science,frontiersin.org,N/A,"11 hours ago Impact Factor · 5.8. CiteScore · 190,714. Citations · Submit. Explores ocean-based solutions for emerging global challenges. Explore open access research on"
2026-01-21 23:10:16,Market Intelligence,Google Custom Search,N/A,National Current Conditions | Drought.gov,https://www.drought.gov/current-conditions,drought.gov,N/A,"12 hours ago Get the latest U.S. drought conditions. View current precipitation, temperature, and drought maps, as well as streamflow and soil moisture conditions."
2026-01-21 23:10:16,Market Intelligence,Google Custom Search,N/A,Untitled,https://cdnbbsr.s3waas.gov.in/s371e09b16e21f7b6919bbfc43f6a5b2f0/uploads/2026/01/202601211423214377.pdf,cdnbbsr.s3waas.gov.in,N/A,3 hours ago India; a pandemic; or an event declared as an event of force majeure by Government of India for whole of India or a State Government for whole of State where
2026-01-21 23:10:16,Market Intelligence,Google Custom Search,N/A,Weather Forecast: Weather Warning:,https://mausam.imd.gov.in/shimla/mcdata/press-release.pdf,mausam.imd.gov.in,N/A,14 hours ago Few spells of light to moderate rainfall/snowfall with one or two intense spells very likely over most of the tourist destinations in the state including
2026-01-21 23:10:16,Market Intelligence,Google Custom Search,N/A,"Chief Minister's Office, Government of West Bengal",https://cm.wb.gov.in/ncmo/Public/News.aspx,cm.wb.gov.in,N/A,2 hours ago Hon'ble Chief Minister Mamata Banerjee paid humble tribute on the birth anniversary of Swami Vivekananda. The day is celebrated as Youth Day across the state as
2026-01-21 23:10:16,Market Intelligence,Google Custom Search,N/A,Seasonal Forecast | India Meteorological Department,https://mausam.imd.gov.in/responsive/seasonal_forecast.php,mausam.imd.gov.in,N/A,11 hours ago हिन्दी वेबसाईट. EMBLEM. India Meteorological Department. Ministry of Earth Sciences. Government of India. IMD_LOGO ESSO IMD_150 IYC 2025. ESSO IMD_150.
2026-01-21 23:10:16,Market Intelligence,Google Custom Search,N/A,Southern hemisphere monitoring,https://www.bom.gov.au/climate/enso/,bom.gov.au,N/A,"8 hours ago The Bureau's model indicates that SSTs in the tropical Pacific are likely to return to a neutral El Niño–Southern Oscillation (ENSO) state in late summer,"
2026-01-21 23:10:16,Market Intelligence,Google Custom Search,N/A,Muslim Brotherhood - Wikipedia,https://en.wikipedia.org/wiki/Muslim_Brotherhood,en.wikipedia.org,N/A,"6 hours ago The group spread to other Muslim countries but still has one of its largest organizations in Egypt, despite a succession of government crackdowns since 1948. It"
2026-01-21 23:10:16,Market Intelligence,Google Custom Search,N/A,Water Governance for Climate Resilience in Hungary | OECD,https://www.oecd.org/en/publications/water-governance-for-climate-resilience-in-hungary_1d2657fc-en/full-report/component-6.html,oecd.org,N/A,1 hour ago government measures for mitigating drought impacts and monitoring their implementation. The administrative state secretary of the Prime Minister's Office and
2026-01-21 23:10:16,Market Intelligence,Google Custom Search,N/A,A Review of Heat Wave Impacts on the Food–Energy–Water Nexus ...,https://www.mdpi.com/2225-1154/14/1/27,mdpi.com,N/A,"8 hours ago The links between previous and subsequent themes (e.g., climate change—heat waves; sustainability—adaptation; drought—agriculture) reveal how the original"
2026-01-21 23:10:16,Market Intelligence,Google Custom Search,N/A,Heat and drought,https://www.dw.com/en/heat-and-drought/t-19024671,dw.com,N/A,"3 hours ago Extreme heat, droughts and wildfires are becoming increasingly common as global temperatures rise and rain and snowmelt decline."
2026-01-21 23:10:16,Market Intelligence,Google Custom Search,N/A,APEDA: Home,https://apeda.gov.in/,apeda.gov.in,N/A,7 hours ago Agricultural and Processed Food Products Export Development Authority APEDA.
2026-01-21 23:10:16,Market Intelligence,Google Custom Search,N/A,"Uneven rains, water-intensive crops: Kharif worries mount for UP ...",https://www.nationalheraldindia.com/national/uneven-rains-water-intensive-crops-concerns-over-kharif-yield-mount-for-up-farmers,nationalheraldindia.com,N/A,"14 hours ago Also Read: Northwest India to experience heavy rainfall in September, says IMD. Gautam Buddh Nagar, Amroha, Fatehpur and Jaunpur have also faced significant"
2026-01-21 23:10:16,Market Intelligence,Google Custom Search,N/A,"Polytechnic in Agriculture, Dhari",https://www.jau.in/polytechnic-in-agriculture-dhari,jau.in,N/A,"6 hours ago 3.4, Crop Production Technology-I (Kharif Crops), 2, 1. 5, Agron. 3.5, Practical Crop Production-I (Kharif Crops) India. +91-285-2672080-90 (O). Developed and"
2026-01-21 23:10:16,Market Intelligence,Google Custom Search,N/A,"Latest Agricultural News, Crop Prices, Farming, Agri Business News ...",https://www.thehindubusinessline.com/economy/agri-business/,thehindubusinessline.com,N/A,"3 hours ago Agri Business News : Get the latest agriculture news from The World Of Agriculture & Farming related to Crop Prices, Farm Equipment in Agri Business News."
2026-01-21 23:10:16,Market Intelligence,Google Custom Search,N/A,"Polytechnic in Agriculture, Amreli",https://www.jau.in/polytechnic-in-agriculture-amreli,jau.in,N/A,"6 hours ago Crop Production Technology-I (Kharif Crops), 2, 1. 5, Agron. 3.5, Practical Crop India. +91-285-2672080-90 (O). Developed and maintained by the"
2026-01-21 23:10:16,Market Intelligence,Google Custom Search,N/A,UP govt sets July 31 deadline for kharif crop insurance; farmers must ...,https://www.taxtmi.com/news?id=49047,taxtmi.com,N/A,"3 hours ago ""The scheme, designed to offer financial protection against crop damage caused by drought, floods, storms, hailstorms, pest outbreaks, diseases, and even failed"
2026-01-21 23:10:16,Market Intelligence,Google Custom Search,N/A,Release of zero-interest subsidy sought,https://www.thehansindia.com/andhra-pradesh/release-of-zero-interest-subsidy-sought-1040990,thehansindia.com,N/A,"16 hours ago Even farmers holding Crop Cultivator Rights Cards (CCRCs) have received loans only partially, and the non-release of interest subsidy on these loans has"
2026-01-21 23:10:16,Market Intelligence,Google Custom Search,N/A,Guj govt to buy crops worth Rs 15k cr from farmers at MSP,https://www.msn.com/en-in/news/India/guj-govt-to-buy-crops-worth-rs-15k-cr-from-farmers-at-msp/ar-AA1PStYU?apiversion=v2&domshim=1&noservercache=1&noservertelemetry=1&batchservertelemetry=1&renderwebcomponents=1&wcseo=1,msn.com,N/A,"9 hours ago When questioned about crop losses due to unseasonal rainfall, Vaghani said the damage survey is ongoing and that the government will compensate farmers in"
2026-01-21 23:10:16,Market Intelligence,Google Custom Search,N/A,RALLIS INDIA LTD (RALLIS.NS) Q3 25/26 earnings call transcript,https://finance.yahoo.com/quote/RALLIS.NS/earnings/RALLIS.NS-Q3-2026-earnings_call-399617.html/,finance.yahoo.com,N/A,"12 hours ago Crop care revenue stood at INR 1,991 crore, reflecting 8% growth year-on-year, driven by volume expansion despite price softening. Bhaskar Swaminathan. CFO. 0:"
2026-01-21 23:10:16,Market Intelligence,Google Custom Search,N/A,Official Website of Department of Food and Public Distribution ...,https://dfpd.gov.in/en,dfpd.gov.in,N/A,"6 hours ago Official Website of Department of Food and Public Distribution, Ministry of Consumer Affairs, Food and Public Distribution, Government of India."
2026-01-21 23:10:16,Market Intelligence,Google Custom Search,N/A,Pulse Pod - Pulses Market News,https://pulsepod.globalpulses.com/,pulsepod.globalpulses.com,N/A,21 hours ago From our region-specific webinar series: join industry experts as they zoom in on a market segment and share key insights and data.
2026-01-21 23:10:16,Market Intelligence,Google Custom Search,N/A,Australia's leading Grains News - Grain Central,https://www.graincentral.com/news/,graincentral.com,N/A,"18 hours ago ABARES cuts summer crop outlook on lowered cotton, rice · ABARES lifts India's rabi-crop plantings expected to increase · ABARES lifts forecasts for"
2026-01-21 23:10:16,Market Intelligence,Google Custom Search,N/A,Agro Advisory Bulletin for the state of Maharashtra,https://mausam.imd.gov.in/chandigarh/mcdata/agromet_pun.pdf,mausam.imd.gov.in,N/A,"22 hours ago ➢ WHEAT (Tillering): Farmers are advised to withheld irrigation during next 4-5 days due to possible rainfall. For wheat crop, apply 55 kg DAP or 155 kg single"
2026-01-21 23:10:16,Market Intelligence,Google Custom Search,N/A,Igrain Posts,https://www.igrain.in/posts/no-likelihood-of-a-sharp-increase-in-pulse,igrain.in,N/A,"10 hours ago The Meteorological Department has forecast rainfall in northwestern India Sowing of this key crop has been completed, and harvesting preparations for early-"
2026-01-21 23:10:16,Market Intelligence,Google Custom Search,N/A,Iraq's dream of wheat self-sufficiency is fading - Grain Brokers ...,https://www.grainbrokers.com.au/weekly-commentary/iraqs-dream-of-wheat-self-sufficiency-is-fading/,grainbrokers.com.au,N/A,"11 hours ago However, this forecast is based on the USDA's current wheat production crop harvest earlier this year, planting of India's 2026 rabi crops,… Read"
2026-01-21 23:10:16,Market Intelligence,Google Custom Search,N/A,Global Agriculture: Latest Global Agriculture News and Market Insights,https://www.global-agriculture.com/,global-agriculture.com,N/A,"13 hours ago Global Agriculture brings you the latest agriculture news, agribusiness news and insights on agrochemicals, biologicals, seeds, fertilizers, tractors and"
2026-01-21 23:10:16,Market Intelligence,Google Custom Search,N/A,Bumper Aman Rice Production in Khulna | Farmers' Success Story,https://gfmdhaka.com/news/amans-bumper-production-brings-smiles-to-farmers-faces-in-khulna,gfmdhaka.com,N/A,10 hours ago Hedayet Ullah of Gazirhat village said he had completed harvesting and threshing and was now preparing his land for cultivating pulses and other Rabi crops.
2026-01-21 23:10:16,Market Intelligence,Google Custom Search,N/A,Grains - Commodities Control,https://commoditiescontrol.com/eagritrader/revamp/commodity.php?cid=8,commoditiescontrol.com,N/A,"20 hours ago India Non Basmati Rice Market Prices 20 Jan 2026. News Image. India Basmati Wheat Prices Steady to Weak as FCI Sales, Stock Limits Cap Upside; Gujarat Harvest"
2026-01-21 23:10:16,Market Intelligence,Google Custom Search,N/A,RALLIS INDIA LTD (RALLIS.NS) Q3 25/26 earnings call transcript,https://finance.yahoo.com/quote/RALLIS.NS/earnings/RALLIS.NS-Q3-2026-earnings_call-399617.html/,finance.yahoo.com,N/A,"12 hours ago Crop care revenue stood at INR 1,991 crore, reflecting 8% growth year-on-year, driven by volume expansion despite price softening. Bhaskar Swaminathan. CFO. 0:"
2026-01-21 23:10:16,Market Intelligence,Google Custom Search,N/A,Expectations of Excellent Wheat Production on the Back of Record ...,https://igrain.in/posts/expectations-of-excellent-wheat-production-on-the-back,igrain.in,N/A,"8 hours ago New Delhi. Farmers across India have shown strong enthusiasm for cultivating wheat, the most important food grain of the rabi season, resulting in the sown"
2026-01-21 23:10:16,Market Intelligence,Google Custom Search,N/A,India 10-Year Government Bond Yield - Quote - Chart - Historical ...,https://tradingeconomics.com/india/government-bond-yield,tradingeconomics.com,N/A,"4 hours ago The yield on India's 10-year G-Sec held around 6.66%, trading in a tight range, as investors weighed expectations of higher government borrowing in FY 2027."
2026-01-21 23:10:16,Market Intelligence,Google Custom Search,N/A,Income Tax Union Budget 2026 Expectations Live: Higher ...,https://m.economictimes.com/wealth/tax/income-tax-budget-2026-expectations-fm-nirmala-sitharaman-announcement-tax-slab-fy-26-27-changes-standard-deduction-rebate-ltcg-stcg-news/liveblog/126767210.cms,m.economictimes.com,N/A,5 hours ago Indian taxpayers are hopeful that Budget 2026 will bring further relief through rationalisation of income tax slabs under the new tax regime. Key expectations
2026-01-21 23:10:16,Market Intelligence,Google Custom Search,N/A,Economy of Iran - Wikipedia,https://en.wikipedia.org/wiki/Economy_of_Iran,en.wikipedia.org,N/A,"16 hours ago Since the 1979 Islamic revolution, Iran's economy has experienced slower economic growth, high inflation, and recurring crises. The Iran–Iraq War (1980–1988),"
2026-01-21 23:10:16,Market Intelligence,Google Custom Search,N/A,Bank of Canada,https://www.bankofcanada.ca/,bankofcanada.ca,N/A,"6 hours ago Governor Tiff Macklem discusses the Bank of Canada's role in ensuring the stability of money in all its forms, from currency to digital payments. He also"
2026-01-21 23:10:16,Market Intelligence,Google Custom Search,N/A,Strategy for Assuring Financial Empowerment (SAFE) Report,https://www.mymoney.gov/system/files/2026-01/FY-2025-FLEC-Annual-Report-to-Congress.pdf,mymoney.gov,N/A,"19 hours ago The Enterprises delivered pre- and post-purchase housing education and counseling services to over 448,200 potential and current borrowers, helping them achieve"
2026-01-21 23:10:16,Market Intelligence,Google Custom Search,N/A,Ideas and Forecasts on Stocks — India — TradingView — India India,https://in.tradingview.com/markets/stocks-india/ideas/,in.tradingview.com,N/A,7 hours ago TradingView India. Check out the ideas and forecasts on stocks from top authors of our community. They share predictions and technical outlook of the market
2026-01-21 23:10:16,Market Intelligence,Google Custom Search,N/A,Corporates | S&P Global,https://www.spglobal.com/ratings/en/research/sectors/corporates,spglobal.com,N/A,20 hours ago Digital Infrastructure. Explore our coverage and criteria to understand the credit implications of the data center boom. Learn More.
2026-01-21 23:10:16,Market Intelligence,Google Custom Search,N/A,Bank of Tanzania,https://www.bot.go.tz/,bot.go.tz,N/A,"5 hours ago Inflation Rate. 3.6% December 2025. GDP Growth. 6.3% 2nd Quarter 2025. 7-Day IBCM Rate. 6.71 20 January, 2026. Central Bank Rate. 5.75% 1st Quarter 2026. Re"
2026-01-21 23:10:16,Market Intelligence,Google Custom Search,N/A,"(21 Jan, 2026)",https://www.drishtiias.com/current-affairs-news-analysis-editorials/news-analysis/21-01-2026,drishtiias.com,N/A,4 hours ago How are India-UAE Bilateral Relations? Economic & Commercial Ties: Bilateral trade has surged from USD 180 million in the
2026-01-21 23:10:16,Market Intelligence,Google Custom Search,N/A,"India Consumer Price Index CPI Growth, 1958 – 2025 | CEIC Data",https://www.ceicdata.com/en/indicator/india/consumer-price-index-cpi-growth,ceicdata.com,N/A,"14 hours ago India Consumer Price Index (CPI) growth was measured at 0.3 % YoY in Oct 2025, compared with a rate of 1.4 % in the previous month."
2026-01-21 23:10:16,Market Intelligence,Google Custom Search,N/A,Apply for Car Loan Online – Get up to 100% Funding on New Car ...,https://pnb.bank.in/vehicle.aspx,pnb.bank.in,N/A,"3 hours ago Apply for a car loan online with PNB and get up to 100% funding on your new car loan. Enjoy quick approvals, competitive interest rates, and hassle-free"
2026-01-21 23:10:16,Market Intelligence,Google Custom Search,N/A,Gold Loan eligibility calculator | Bank of Baroda,https://bankofbaroda.bank.in/calculators/gold-loan-calculator,bankofbaroda.bank.in,N/A,"4 hours ago Use our Gold Loan Calculator online to check your eligibility, calculate EMI & interest rates. Get instant results with our gold loan calculator for your"
2026-01-21 23:10:16,Market Intelligence,Google Custom Search,N/A,"PNB E-Auction, Punjab National Bank Auction, Property Auction ...",https://pnb.bank.in/EAuction.aspx,pnb.bank.in,N/A,"4 hours ago S.No. Office, E-Auction Detail. 1, ZO DELHI. RKI India Limited Sale Notice. Publish Date : 20"
2026-01-21 23:10:16,Market Intelligence,Google Custom Search,N/A,Business Loan Calculator - Business Loan EMI Calculator | Axis Bank,https://www.axis.bank.in/calculators/business-loan-calculator,axis.bank.in,N/A,"3 hours ago Business Loan Calculator - Calculate your EMI for a business loan, interest rates and eligibility by using Axis Bank business loan EMI Calculator."
2026-01-21 23:10:16,Market Intelligence,Google Custom Search,N/A,PNB Car Financing Scheme for Government Employees | Easy Auto ...,https://pnb.bank.in/scheme-for-financing-purchase-of-car-to-government.html,pnb.bank.in,N/A,"6 hours ago Avail attractive car loan facilities from PNB exclusively for government employees. Competitive interest rates, quick approvals, and flexible repayment"
2026-01-21 23:10:16,Market Intelligence,Google Custom Search,N/A,Procurement News - SBI In the News,https://sbi.bank.in/web/sbi-in-the-news/procurement-news,sbi.bank.in,N/A,"3 hours ago Location, Tender Description, Start Date, End Date. LHO, LUCKNOW, RBO-III SHAHJAHANPUR: NOTICE FOR HIRING OF PREMISES FOR STATE BANK OF INDIA ,RAUSAR BRANCH"
2026-01-21 23:10:16,Market Intelligence,Google Custom Search,N/A,Canara Bank Forex Card Rates | Real-Time Currency Exchange Rates,https://canarabank.bank.in/pages/forex-card-rates,canarabank.bank.in,N/A,9 hours ago Access Canara Bank real-time Forex Card Rates for accurate currency exchange information. Plan your foreign transactions with confidence.
2026-01-21 23:10:16,Market Intelligence,Google Custom Search,N/A,ICRA Public Finance Ratings,https://www.icra.in/Rating/RatingCategory?RatingType=CR&RatingCategoryId=4,icra.in,N/A,"5 hours ago ICRA's Public Finance Ratings cover sovereign and sub-sovereign entities, State governments,and local bodies like municipal corporations, municipal councils"
2026-01-21 23:10:16,Market Intelligence,Google Custom Search,N/A,Insurance - Best Insurance Plans Online in India | Axis Bank,https://www.axis.bank.in/insurance,axis.bank.in,N/A,6 hours ago Check out life insurance and general insurance policies and get financial security for yourself and your loved ones. Visit Axis Bank to know more in detail.
2026-01-21 23:10:16,Market Intelligence,Google Custom Search,N/A,"Circulars | Employee's State Insurance Corporation, Ministry of ...",https://esic.gov.in/circulars,esic.gov.in,N/A,"4 hours ago Circular / Instn. / O.O. No. Dated, Subject, Publish Date, Console Sl. No. 1, Finance and Accounts.II, 21-01-"
2026-01-21 23:10:16,Market Intelligence,Google Custom Search,N/A,Apply for Car Loan Online – Get up to 100% Funding on New Car ...,https://pnb.bank.in/vehicle.aspx,pnb.bank.in,N/A,3 hours ago PNB Gen-Next Housing Finance Scheme For Public. PNB Power Ride – Scheme for financing two wheelers to Women. For purchase of new Two wheelers viz.: Scooter(s)
2026-01-21 23:10:16,Market Intelligence,Google Custom Search,N/A,Insurance - Best Insurance Plans Online in India | Axis Bank,https://www.axis.bank.in/insurance,axis.bank.in,N/A,"6 hours ago General Insurance. Safeguard your prized possessions - car, two-wheeler, home, and business - and enjoy hassle-free travel with our"
2026-01-21 23:10:16,Market Intelligence,Google Custom Search,N/A,KCC Eligibility Calculator,https://pnb.bank.in/kcc-eligibility-calculator.aspx,pnb.bank.in,N/A,"7 hours ago Disclaimer · This is an approximate value. · PMFBY premium for notified crops of district is 1.5% of loan amount for Rabi Crops , 2% of loan amount for Kharif"
2026-01-21 23:10:16,Market Intelligence,Google Custom Search,N/A,Check Two Wheeler Loans Eligibility Criteria Online | Axis Bank,https://www.axis.bank.in/loans/two-wheeler-loans/eligibility,axis.bank.in,N/A,5 hours ago Two Wheeler Loan EMI Calculator. Axis Bank's Two-Wheeler loans offer up to 100%* funding and minimal documentation with tenures ranging Read More.
2026-01-21 23:10:16,Market Intelligence,Google Custom Search,N/A,Sarfaesi And Others - SBI In the News,https://sbi.bank.in/web/sbi-in-the-news/auction-notices/sarfaesi-and-others,sbi.bank.in,N/A,"7 hours ago 2. M/S. INTEGRATED ENGINEERING SOLUTIONS PVT LTD. AUCTION NOTICE FOR SALE OF PROPERTIES - SAMB-II KOLKATA (18192), 28/"
2026-01-21 23:10:16,Market Intelligence,Google Custom Search,N/A,Two Wheeler Loan Documents Check Documents Required To Buy ...,https://www.axis.bank.in/loans/two-wheeler-loans/documents,axis.bank.in,N/A,3 hours ago Two Wheeler Loan Documentation - Get detailed information on documents required to buy a bike on EMI from Axis Bank. Check 2 Wheeler Loan Document online
2026-01-21 23:10:16,Market Intelligence,Google Custom Search,N/A,EOI & Tender / Notifications | Official Website of Jammu and Kashmir ...,https://jkb.bank.in/tenderNotice,jkb.bank.in,N/A,"15 hours ago Engage with J&K Bank's latest EOI, tenders, and notifications for seamless and transparent business opportunities. Explore our trusted tendering process and"
2026-01-21 23:10:16,Market Intelligence,Google Custom Search,N/A,Latest Retail Property & Asset Auction Notices for Buyers | Axis Bank,https://www.axis.bank.in/auction-notices-retail,axis.bank.in,N/A,"3 hours ago Sr. No. Details of auction, Last date for submission of BID, Date of auction. 1, VENUGOPALA KAIKAMBA - KANDAVARA VILLAGE OF MANGALURU TALUK,"
2026-01-21 23:10:16,Market Intelligence,Google Custom Search,N/A,CreditAccess Grameen Limited,https://www.creditaccessgrameen.in/wp-content/uploads/2026/01/CreditAccess-Grameen_Investor-Presentation_Q3_FY-2025-26.pdf,creditaccessgrameen.in,N/A,"10 hours ago EAD: Exposure at default = on-balance sheet loan principal + interest. Early Loan, Two-Wheeler. Loan, Secured Business. Loan & Affordable. Housing Loan."
2026-01-21 23:10:16,Market Intelligence,Google Custom Search,N/A,Business Loan Calculator - Business Loan EMI Calculator | Axis Bank,https://www.axis.bank.in/calculators/business-loan-calculator,axis.bank.in,N/A,"3 hours ago Business Loan Calculator - Calculate your EMI for a business loan, interest rates and eligibility by using Axis Bank business loan EMI Calculator."
2026-01-21 23:10:16,Market Intelligence,Google Custom Search,N/A,ICRA An Affiliate of Moody's,https://www.icra.in/,icra.in,N/A,"3 hours ago ICRA rates debt instruments issued by corporate entities, commercial banks, non-banking finance companies, financial institutions, public sector"
2026-01-21 23:10:16,Market Intelligence,Google Custom Search,N/A,The Economic Times B2B: Latest Business News,https://b2b.economictimes.indiatimes.com/,b2b.economictimes.indiatimes.com,N/A,12 hours ago Find the latest Business News & Articles from all top sources for the Indian Finance industry on Economictimes B2B.
2026-01-21 23:10:16,Market Intelligence,Google Custom Search,N/A,Truck and Bus Builder: News and statistical analysis about the world ...,https://truckandbusbuilder.com/,truckandbusbuilder.com,N/A,7 hours ago Truck & Bus Builder is a specialist publishing company providing news and statistics about the world commercial vehicle manufacturing industry.
2026-01-21 23:10:16,Market Intelligence,Google Custom Search,N/A,Top Massey Ferguson Tractor Dealers in Akluj - Best Massey ...,https://www.justdial.com/Solapur/Tractor-Dealers-Massey-Ferguson-in-Akluj/nct-10803887,justdial.com,N/A,"21 hours ago They have established a strong reputation in the farming community, making them a preferred choice for many. Here are some reasons why Massey Ferguson tractors"
2026-01-21 23:10:16,Market Intelligence,Google Custom Search,N/A,Harley-Davidson - Wikipedia,https://en.wikipedia.org/wiki/Harley-Davidson,en.wikipedia.org,N/A,"7 hours ago Harley-Davidson, Inc. (H-D, or simply Harley) is an American motorcycle manufacturer and lifestyle brand headquartered in Milwaukee, Wisconsin."
2026-01-21 23:10:16,Market Intelligence,Google Custom Search,N/A,Insurance - Best Insurance Plans Online in India | Axis Bank,https://www.axis.bank.in/insurance,axis.bank.in,N/A,6 hours ago Check out life insurance and general insurance policies and get financial security for yourself and your loved ones. Visit Axis Bank to know more in detail.
2026-01-21 23:10:16,Market Intelligence,Google Custom Search,N/A,Liebherr - international Group & family-run company - Liebherr,https://www.liebherr.com/,liebherr.com,N/A,2 hours ago The Liebherr Group is one of the largest construction machine manufacturers in the world. It is also among the leading providers of technology in many.
2026-01-21 23:10:16,Market Intelligence,Google Custom Search,N/A,China's Agritech Industry - Opportunities for Foreign Investors,https://www.china-briefing.com/news/chinas-agritech-industry-opportunities/,china-briefing.com,N/A,"7 hours ago According to data from the NBS cited by the China Industry News Network (CINN), in the first half of 2025, overall tractor production and sales declined, with"
2026-01-21 23:10:16,Market Intelligence,Google Custom Search,N/A,Latest Massey Ferguson 6028 MaxPro Narrow Track Price In India ...,https://www.tractorjunction.com/massey-ferguson-tractor/6028-maxpro-narrow-track/,tractorjunction.com,N/A,"8 hours ago Massey Ferguson 6028 MaxPro Narrow Track is a power-packed 4WD tractor with 28 Hp. Explore Massey Ferguson 6028 MaxPro Narrow Track price, features,"
2026-01-21 23:10:16,Market Intelligence,Google Custom Search,N/A,SANY America | Industrial & Construction Equipment,https://www.sanyamerica.com/,sanyamerica.com,N/A,"16 hours ago SANY excavators, wheel loaders, cranes, port equipment and other machines are globally recognized for their value and durability. SANY is made for America."
2026-01-21 23:10:16,Market Intelligence,Google Custom Search,N/A,360 ONE Prime Limited: [ICRA]AA (Stable) assigned to NCD ...,https://www.icra.in/Rating/RatingDetails?CompanyId=21312&CompanyName=360%20One%20Prime%20Limited,icra.in,N/A,18 hours ago Long term principal protected market linked debenture programme [ICRA]AA PP-MLD (Stable) · Non-Convertible Debenture [ICRA]AA (Stable) · Commercial Paper(IPO
2026-01-21 23:10:16,Market Intelligence,Google Custom Search,N/A,Economic Scenario | PNB,https://pnb.bank.in/Economic-Scenario.html,pnb.bank.in,N/A,"6 hours ago Discover the latest economic scenario and trends with PNB. Stay informed about market insights, financial updates, and expert analysis to make confident"
2026-01-21 23:10:16,Market Intelligence,Google Custom Search,N/A,Nido Home Finance Limited: [ICRA]A+ (Stable) assigned to retail ...,https://www.icra.in/Rating/RatingDetails?CompanyId=17454&CompanyName=Nido%20Home%20Finance%20Limited,icra.in,N/A,22 hours ago ICRA Ratings Coverage ICRA Limited is an Independent and professional investment information and Credit Rating Agency read more. +91 9354738909 · business.
2026-01-21 23:10:16,Market Intelligence,Google Custom Search,N/A,Business Loan Calculator - Business Loan EMI Calculator | Axis Bank,https://www.axis.bank.in/calculators/business-loan-calculator,axis.bank.in,N/A,"3 hours ago Business Loan Calculator - Calculate your EMI for a business loan, interest rates and eligibility by using Axis Bank business loan EMI Calculator."
2026-01-21 23:10:16,Market Intelligence,Google Custom Search,N/A,Industry Research,https://www.careratings.com/industry-research,careratings.com,N/A,17 hours ago Overview · Updates · CareEdge FORESIGHTS - January 2026 · Indian Apparel Retail Market to Touch Rs 16 Lakh Crore · Life Insurance New Business Premium Growth Hits
2026-01-21 23:10:16,Market Intelligence,Google Custom Search,N/A,Latest Retail Property & Asset Auction Notices for Buyers | Axis Bank,https://www.axis.bank.in/auction-notices-retail,axis.bank.in,N/A,"3 hours ago Find all the latest corporate auction announcements, property listings, and bidding schedules. Stay informed and invest smartly with Axis Bank."
2026-01-21 23:10:16,Market Intelligence,Google Custom Search,N/A,"India Non Performing Loans Ratio, 1998 – 2025 | CEIC Data",https://www.ceicdata.com/en/indicator/india/non-performing-loans-ratio,ceicdata.com,N/A,"8 hours ago India Non Performing Loans Ratio stood at 2.2 % in Mar 2025, compared with the ratio of 2.8 % in the previous year."
2026-01-21 23:10:16,Market Intelligence,Google Custom Search,N/A,Insurance - Best Insurance Plans Online in India | Axis Bank,https://www.axis.bank.in/insurance,axis.bank.in,N/A,"3 hours ago General Insurance. Safeguard your prized possessions - car, two-wheeler, home, and business - and enjoy hassle-free travel with our"
2026-01-21 23:10:16,Market Intelligence,Google Custom Search,N/A,20th January 2026 Q3'FY26 Earnings presentation,https://www.au.bank.in/QR_Investor-Presentation_Quarter_3-2025-26-Q3FY26-IR-ppt_20th-Jan-v1.pdf,au.bank.in,N/A,"22 hours ago This presentation has been prepared by AU SMALL FINANCE BANK LIMITED (the “Bank”) solely for information purposes, without regard to any specific objectives"
2026-01-21 23:10:16,Market Intelligence,Google Custom Search,N/A,AU Small Finance Bank | ADD,https://bsmedia.business-standard.com/_media/bs/data/market-reports/equity-brokertips/2026-01/17689781840.78912900.pdf,bsmedia.business-standard.com,N/A,"11 hours ago Loan growth continues to be led by secured retail assets, especially vehicle finance, mortgages, and gold loans, with southern market expansion acting as a key"
2026-01-21 23:10:16,Market Intelligence,Google Custom Search,N/A,India Budget 2026: Impact on Luxury Auto Industry,https://www.motozite.com/blog/india-budget-impact-luxury-auto-industry/,motozite.com,N/A,"6 hours ago According to Santosh Iyer, MD & CEO of Mercedes-Benz India, the market is currently battling currency volatility and “entry-level slowdown.” However, the demand"
2026-01-21 23:10:16,Market Intelligence,Google Custom Search,N/A,Indian Car Sales Analysis for CY2025,https://www.autopunditz.com/post/indian-car-sales-analysis-for-cy2025,autopunditz.com,N/A,"9 hours ago The economic growth slowdown has started reflecting in passenger car demand, as overall sentiment was subdued. Despite the slowdown in retail demand"
2026-01-21 23:10:16,Market Intelligence,Google Custom Search,N/A,TrucksDekho Editorial Team - Ketan Birla | Commercial News In India,https://trucks.cardekho.com/en/authors/ketan-birla-11.html,trucks.cardekho.com,N/A,8 hours ago Ketan Birla's journey revolved around machines and automobiles. Ketan's interest in commercial vehicles came from the family transportation business.
2026-01-21 23:10:16,Market Intelligence,Google Custom Search,N/A,"Get Latest trucks News, Reviews, Videos and more at TrucksDekho.",https://trucks.cardekho.com/en/news.html,trucks.cardekho.com,N/A,"12 hours ago FADA highlighted the top-selling 15 brands in the Indian 3-wheeler market from Bajaj Auto to Vani Electric Vehicles in its December 2025 sales report, reporting"
2026-01-21 23:10:16,Market Intelligence,Google Custom Search,N/A,MG Windsor Takes Poll Position As Best Selling EV For 4 Months In ...,https://motoring-trends.com/passenger-vehicles/mg-windsor-takes-poll-position-as-best-selling-ev-for-4-months-in-a-row-crosses-15000-production-milestone-too,motoring-trends.com,N/A,"14 hours ago India.” Sabari Manohar, Executive Vice President, Sales–Service–Used Car Business & Profit Enhancement, Toyota Kirloskar Motor, said, “The All-Electric"
2026-01-21 23:10:16,Market Intelligence,Google Custom Search,N/A,News - Just Auto,https://www.just-auto.com/news/,just-auto.com,N/A,7 hours ago Samsung to supply OLED displays to China's Zeekr · GAC Group expands into New Zealand · Malaysia vehicle sales rise by 11% in December · Mercedes begins electric
2026-01-21 23:10:16,Market Intelligence,Google Custom Search,N/A,"Continental Automotive's R&D Optimisation Drive To See 3,000 Job ...",https://motoring-trends.com/auto-components/continental-automotives-rd-optimisation-drive-to-see-3000-job-cuts-globally-by-2026,motoring-trends.com,N/A,"8 hours ago One of the factors, which seems to have influenced the move is the automotive slowdown being witnessed in several markets including Germany. Continental stated"
2026-01-21 23:10:16,Market Intelligence,Google Custom Search,N/A,Automotive News | Latest Car & Auto Stories | Reuters,https://www.reuters.com/business/autos-transportation/,reuters.com,N/A,"3 hours ago Autos & Transportation · Top News · Behind The News · Reuters Events Logo · Talking Points · Latest Stories · Industry Insight · ADAS, AV & Safety · Mobility &"
2026-01-21 23:10:16,Market Intelligence,Google Custom Search,N/A,Budget 2026: The next phase of India's growth depends on ...,https://m.economictimes.com/news/economy/indicators/budget-2026-expectations-urban-consumption-rural-economy-india-demand-revival-inflation-gdp-growth-depends-on-resolving-a-critical-imbalance/articleshow/126937824.cms,m.economictimes.com,N/A,"11 hours ago Urban consumers drive discretionary spending, from cars and appliances to housing upgrades and lifestyle services. When they delay purchases, entire value"
2026-01-21 23:10:16,Market Intelligence,Google Custom Search,N/A,Surat Municipal Corporation,https://www.suratmunicipal.gov.in/,suratmunicipal.gov.in,N/A,3 hours ago Surat Municipal Corporation (SMC) is the Urban Local Government (ULB) for the city of Surat.
2026-01-21 23:10:16,Market Intelligence,Google Custom Search,N/A,Publications - Sustainable Futures Collaborative,https://www.sustainablefutures.org/publications/,sustainablefutures.org,N/A,3 hours ago Books and book chapters. Adaptation and Resilience. Environmental Governance and Policy. Synergistic Impact of Air Pollution and Heat on Health and Economy in
2026-01-21 23:10:16,Market Intelligence,Google Custom Search,N/A,Budget 2026 Expectations: Top 11 Expectations from Union Budget,https://cleartax.in/s/budget-2026-expectations,cleartax.in,N/A,"4 hours ago Indirect Tax. i. GST Reforms. As GST 2.0 was introduced during the financial year 2025-26, improving tax revenue and tax"
2026-01-21 23:10:16,Market Intelligence,Google Custom Search,N/A,Center for Global Development | Ideas to Action,https://www.cgdev.org/,cgdev.org,N/A,6 hours ago The Center for Global Development works to reduce global poverty and improve lives through innovative economic research that drives better policy
2026-01-21 23:10:16,Market Intelligence,Google Custom Search,N/A,PNB Tenders | View Latest Tender Notices – Punjab National Bank,https://pnb.bank.in/tender.aspx,pnb.bank.in,N/A,"9 hours ago Browse the latest tender notices from Punjab National Bank. Access procurement opportunities, bid details, submission deadlines, and vendor guidelines"
2026-01-21 23:10:16,Market Intelligence,Google Custom Search,N/A,"""India's demand for steel scrap To increase sharply on capacity ...",https://www.constructionweekonline.in/business/indias-demand-for-steel-scrap-to-increase-sharply-on-capacity-expansion,constructionweekonline.in,N/A,11 hours ago vehicles and construction and demolition waste are expected to accelerate formal scrap recycling. financial returns and environmental impact. Recycling today
2026-01-21 23:10:16,Market Intelligence,Google Custom Search,N/A,Tender | AIRPORTS AUTHORITY OF INDIA,https://www.aai.aero/en/tender/tender-search,aai.aero,N/A,8 hours ago CSR Policy · CSR - DPE Common theme · CSR Annual Plan · Case Stories · CSR Programmes · CSR Photo · CSR Contact Us · Impact Assessment Reports. +; AAI Airports.
2026-01-21 23:10:16,Market Intelligence,Google Custom Search,N/A,Active Tenders | NALCO (National Aluminium Company Limited) | A ...,https://nalcoindia.com/tenders/active-tenders/,nalcoindia.com,N/A,"19 hours ago Discover the latest active tenders in India on NALCO's official website. Explore a comprehensive list of current tender opportunities, including project"
2026-01-21 23:10:16,Market Intelligence,Google Custom Search,N/A,"Business News: Latest Business News, Share Market Today, Gold ...",https://indianexpress.com/section/business/,indianexpress.com,N/A,7 hours ago Business. Economy & Policy; Banking & Finance; New Economy & AI; Companies & Markets; Data Corner; In Focus
2026-01-21 23:10:16,Market Intelligence,Google Custom Search,N/A,Mathematics | An Open Access Journal from MDPI,https://www.mdpi.com/journal/mathematics,mdpi.com,N/A,"6 hours ago Manual pill identification is often inefficient and error-prone due to the large variety of medications and frequent visual similarity among pills,"
2026-01-21 23:10:16,Market Intelligence,Google Custom Search,N/A,Cummins | A Global Power Technology Leader,https://www.cummins.com/,cummins.com,N/A,"3 hours ago Cummins specializes in diesel and alternative fuel engines and generators, and related components and technology. Learn more at cummins.com."
2026-01-21 23:10:16,Market Intelligence,Google Custom Search,N/A,The Better India: Media for Good News and Positive Stories,https://thebetterindia.com/,thebetterindia.com,N/A,"2 hours ago World's largest positive & solutions-based content driven impact platform for stories of change, inspiration, hope, resilience & more."
2026-01-21 23:10:16,Market Intelligence,Google Custom Search,N/A,Government eProcurement System,https://etenders.gov.in/eprocure/app?component=%24DirectLink&page=FrontEndTendersByOrganisation&service=direct&sp=SpUU0rj42FI3UoCfR2Ztdaw%3D%3D,etenders.gov.in,N/A,"3 hours ago India] [AAI/CHQ/ENGG-E/ER/PBB/2025][2025_AAI_254182_1], Airports Authority of India||Northern Region - AAI||RHQ-NR - AAI||ENGG ELECT-NR - AAI. 143, 12-Nov-2025"
2026-01-21 23:10:16,Market Intelligence,Google Custom Search,N/A,Top Electric Car Dealers in Margao - Best Battery Operated Car ...,https://www.justdial.com/Goa/Electric-Car-Dealers-in-Margao/nct-10892309,justdial.com,N/A,9 hours ago Emphasizing the benefits of electric vehicles and ensuring easy access to EV chargers and charging stations will undoubtedly enhance the overall sales process.
2026-01-21 23:10:16,Market Intelligence,Google Custom Search,N/A,Electric Vehicle News and Discussion,https://www.reddit.com/r/electricvehicles/new/,reddit.com,N/A,2 hours ago r/electricvehicles: The future of sustainable transportation is here! This is the Reddit community for EV owners and enthusiasts. Join and Discuss evolving
2026-01-21 23:10:16,Market Intelligence,Google Custom Search,N/A,Daily Editorial Analysis 21 January 2026,https://vajiramandravi.com/current-affairs/daily-editorial-analysis-21-january-2026/,vajiramandravi.com,N/A,13 hours ago Daily Editorial Analysis 21 January 2025 by Vajiram & Ravi covers key editorials from The Hindu & Indian Express with UPSC-focused insights and relevance.
2026-01-21 23:10:16,Market Intelligence,Google Custom Search,N/A,Tender | Page 2 | AIRPORTS AUTHORITY OF INDIA,https://www.aai.aero/en/tender/tender-search?field_region_tid=All&field_airport_tid=All&term_node_tid_depth=All&field_tender_status_value=0&field_tender_last_sale_date_value[value][date]=&combine=&page=1,aai.aero,N/A,"18 hours ago Repair and maintenance contract for civil works at Rewa Airport, Rewa for the year FY 2026 - 27. Region / Airport : /Bhopal. Last Sale Date : 27-Jan-"
2026-01-21 23:10:16,Market Intelligence,Google Custom Search,N/A,Electronics & Controls Power Systems Pvt. Ltd|Electronics ...,https://www.eandcpower.com/,eandcpower.com,N/A,"7 hours ago Electronics & Controls, one of Indiaâ€™s leading manufacturer of Online UPS Systems. E&C is one of India's most reputed and oldest manufacturer of Online"
2026-01-21 23:10:16,Market Intelligence,Google Custom Search,N/A,Tender | AIRPORTS AUTHORITY OF INDIA,https://www.aai.aero/en/tender/tender-search,aai.aero,N/A,"8 hours ago Impact Assessment Reports. + Training Centres. CATC, Allahabad · Indian Aviation Academy(link is external) · AAI Fire Training Institute, New Delhi Centre"
2026-01-21 23:10:16,Market Intelligence,Google Custom Search,N/A,Samsung - Wikipedia,https://en.wikipedia.org/wiki/Samsung,en.wikipedia.org,N/A,3 hours ago Samsung Group is a South Korean multinational manufacturing conglomerate headquartered in the Samsung Town office complex in Seoul. The group consists of
2026-01-21 23:10:16,Market Intelligence,Google Custom Search,N/A,International Organization of Motor Vehicle Manufacturers: Home,https://oica.net/,oica.net,N/A,"7 hours ago Indian Auto Industry continued with the sales momentum in November 2025. SIAM · December 2, 2025. OICA News. New Zealand's Motor Industry Association goes"
2026-01-21 23:10:16,Market Intelligence,Google Custom Search,N/A,Mahindra Press Releases – Stay Informed with Our Latest News,https://www.mahindra.com/newsroom/press-release,mahindra.com,N/A,"3 hours ago Mahindra Auto clocks 50,946 SUVs and 86,090 total vehicle sales in December 2025 Mahindra & Mahindra Ltd., one of India's leading automotive companies, today"
2026-01-21 23:10:16,Market Intelligence,Google Custom Search,N/A,Sarfaesi And Others - SBI In the News,https://sbi.bank.in/web/sbi-in-the-news/auction-notices/sarfaesi-and-others,sbi.bank.in,N/A,7 hours ago M/S SHRI SIDHBALI SALES. AUCTION NOTICE FOR SALE OF PROPERTIES - SARB M/S 21 AUTO INDIA PVT LTD. AUCTION NOTICE FOR SALE OF PROPERTIES - SARB THANE
2026-01-21 23:10:16,Market Intelligence,Google Custom Search,N/A,"Autocar Professional: Latest Auto industry News, Insights, Updates ...",https://www.autocarpro.in/,autocarpro.in,N/A,"4 hours ago Latest Auto industry News, Insights, Updates and Reports from India's leading automobile industry magazine."
2026-01-21 23:10:16,Market Intelligence,Google Custom Search,N/A,3M Company (MMM),https://investors.3m.com/,investors.3m.com,N/A,12 hours ago An auto factory worker inspecting car production line. Investor Relations. Investors. open-nav close-nav. Investors. Overview; News & Events. close-nav News &
2026-01-21 23:10:16,Market Intelligence,Google Custom Search,N/A,The Economic Times B2B: Latest Business News,https://b2b.economictimes.indiatimes.com/,b2b.economictimes.indiatimes.com,N/A,12 hours ago Find the latest Business News & Articles from all top sources for the Indian Finance industry on Economictimes B2B.
2026-01-21 23:10:16,Market Intelligence,Google Custom Search,N/A,Indian Car Sales Analysis for CY2025,https://www.autopunditz.com/post/indian-car-sales-analysis-for-cy2025,autopunditz.com,N/A,"9 hours ago 3% to 13% GST reduction across various PV categories in September 2025 is the major growth driver in 2025. 4,66,318 vehicle sales made October 2025 the best"
2026-01-21 23:10:16,Market Intelligence,Google Custom Search,N/A,"Maruti shares tumble 4% despite impressive October sales, decent ...",https://upstox.com/news/market-news/stocks/maruti-suzuki-shares-fall-3-after-impressive-october-sales-decent-q2-numbers-is-there-any-concern/article-183947/,upstox.com,N/A,"21 hours ago Maruti Suzuki India share price: On Saturday, November 1, Maruti Suzuki India reported a 7% growth in total sales at 2,20894 units as compared to 2,06434"
2026-01-21 23:10:16,Market Intelligence,Google Custom Search,N/A,exotic india Cotton Zipper Closure Tote Bag with Pair of Elephant ...,https://www.microcomenviro.com/?m=page-80697258,microcomenviro.com,N/A,24 hours ago Home & Garden / Exotic India / exotic india Cotton Zipper Closure Tote Bag with Pair of Elephant Motifs from Kutch Flash Sales.
2026-01-21 23:10:16,Market Intelligence,Google Custom Search,N/A,Automotive News | Latest Car & Auto Stories | Reuters,https://www.reuters.com/business/autos-transportation/,reuters.com,N/A,"3 hours ago Find latest autos news from every corner of the globe at Reuters.com, your online source for breaking international news coverage."
2026-01-21 23:10:16,Market Intelligence,Google Custom Search,N/A,Notices - Calcutta High Court,https://www.calcuttahighcourt.gov.in/Notices/All,calcuttahighcourt.gov.in,N/A,3 hours ago Notice dated 21.01.2026 regarding Assignment of cases NEW IMP Uploaded:21-Jan-2026 19:40:05 · Daily Cause List dated 22.01.2026 - Circuit Bench at Port
2026-01-21 23:10:16,Market Intelligence,Google Custom Search,N/A,Punjab Wheel-Jam Strike Disrupts Transport Over E-Fines,https://sgabl.com.pk/news/punjab-wheel-jam-strike/,sgabl.com.pk,N/A,"8 hours ago Public Transport Off the Roads. Buses, wagons, and other shared vehicles remained parked at depots, sharply reducing traffic flow across the city. Impact on"
2026-01-21 23:10:16,Market Intelligence,Google Custom Search,N/A,Bill No. HB 433 (2026) Amendment No. 353073 - h0433-strike.docx,https://www.flsenate.gov/Session/Bill/2026/433/Amendment/353073/PDF,flsenate.gov,N/A,23 hours ago Veterinary Medicine Loan Repayment Program. The purpose of the. 794 program Transportation of non-Emergency Food Assistance Program. 1055 fresh food
2026-01-21 23:10:16,Market Intelligence,Google Custom Search,N/A,Introduced Bills,https://www.azleg.gov/bills/,azleg.gov,N/A,17 hours ago House Bills HB2101 to HB2150 ; agricultural property; inspections; notice · transportation tax; deposit; county board · SNAP benefits; purchases; waiver · unlawful
2026-01-21 23:10:16,Market Intelligence,Google Custom Search,N/A,Ratings.Moodys.com/,https://ratings.moodys.com/,ratings.moodys.com,N/A,"7 hours ago Loan Program), Series 2026A (Non-AMT); outlook stable. Oklahoma HFA-Homeownership Loan Program-2018 Indenture. Oklahoma Housing Finance Agency. 20 Jan 2026. UTC"
2026-01-21 23:10:16,Market Intelligence,Google Custom Search,N/A,Top Agriculture Loans in Bhubaneshwar - Best Loan On Agriculture ...,https://www.justdial.com/Bhubaneshwar/Agricultural-Loans/nct-11109801,justdial.com,N/A,"5 hours ago Value for money agricultural loans strike a balance between By understanding repayment options, managing crop loans wisely, being aware of consequences"
2026-01-21 23:10:16,Market Intelligence,Google Custom Search,N/A,Computer Science,https://arxiv.org/list/cs/new,arxiv.org,N/A,13 hours ago This study examines the financial and operational impact of log retention window selection from a cost-aware perspective. Using synthetic log datasets designed
2026-01-21 23:10:16,Market Intelligence,Google Custom Search,N/A,Court of Appeal of Tanzania – TanzLII,https://tanzlii.org/judgments/TZCA/,tanzlii.org,N/A,11 hours ago The Court hears appeals on both point of law and facts for cases originating from the High Court of Tanzania and Magistrates with extended jurisdiction.
2026-01-21 23:10:16,Market Intelligence,Google Custom Search,N/A,Educational Loans in Nagpur - Compare Student Loan Providers ...,https://www.justdial.com/Nagpur/Educational-Loans/nct-10928042,justdial.com,N/A,"8 hours ago Value-for-money educational loans strike a balance between cost and benefits. Factors such as income, loan type, and repayment history can impact eligibility"
2026-01-21 23:10:16,Market Intelligence,Google Custom Search,N/A,Dassault Rafale - Wikipedia,https://en.wikipedia.org/wiki/Dassault_Rafale,en.wikipedia.org,N/A,"6 hours ago Introduced in 2001, the Rafale is being produced for both the French Air Force and for carrier-based operations in the French Navy. It has been marketed for"
2026-01-21 23:10:16,Market Intelligence,Google Custom Search,N/A,Electric Two-Wheeler Subsidy 2025 – State-Wise EV Grant List and ...,https://www.swastikpowersupply.co.in/electric-scooter-subsidy-2025-india/,swastikpowersupply.co.in,N/A,12 hours ago Support India's mission toward a greener economy. Central Government EV Subsidy (FAME-II). The FAME-II scheme (Faster Adoption and Manufacturing of Hybrid and
2026-01-21 23:10:16,Market Intelligence,Google Custom Search,N/A,Highlights,https://www.energy.ca.gov/newsroom/highlights,energy.ca.gov,N/A,6 hours ago Clean Energy Hall of Fame · Clean Energy Serving California · Data Exploration Tools · Electric Program Investment Charge Program · 1 · 2 · Next››. Newsroom.
2026-01-21 23:10:16,Market Intelligence,Google Custom Search,N/A,Directly Integrating Ni–NiO Nanoparticles Into Silicalite‐1 to Boost ...,https://advanced.onlinelibrary.wiley.com/doi/10.1002/adfm.202525870?af=R,advanced.onlinelibrary.wiley.com,N/A,6 hours ago This study pioneers the use of zeolite-based catalysts in photothermal applications and offers an effective synthesis strategy for fabricating metal-containing
2026-01-21 23:10:16,Market Intelligence,Google Custom Search,N/A,Tariff for EV Charging in Chandigarh Set at ₹4/kWh,https://mercomindia.com/tariff-ev-charging-chandigarh-4-kwh,mercomindia.com,N/A,"23 hours ago In October 2018, Mercom reported that EV adoption under the government's FAME (Faster Adoption and Manufacturing of Electric Vehicles) program was lagging in"
2026-01-21 23:10:16,Market Intelligence,Google Custom Search,N/A,Advanced BioFuels USA – Truly Sustainable Renewable Future,https://advancedbiofuelsusa.info/,advancedbiofuelsusa.info,N/A,18 hours ago 15 that it is launching the 2026 no-harm testing round to test oxidation stabilizers and cold-flow improvers for biodiesel. Additive manufacturers are invited
2026-01-21 23:10:16,Market Intelligence,Google Custom Search,N/A,Scooty Price Hero Electric Scooter Showroom Electric Bike Shop ...,https://darmizananak.com/shop/manufacturer-site?&transition=top37827983042000,darmizananak.com,N/A,"6 hours ago FAME II subsidy hike, ETAuto, electric photon Black Friday New Arrivals. Manufacturer name, -, Brand name, -. remarks, [About returns] We cannot accept returns"
2026-01-21 23:10:16,Market Intelligence,Google Custom Search,N/A,CME Group: Futures & Options Trading for Risk Management,https://www.cmegroup.com/,cmegroup.com,N/A,17 hours ago CME Group is the world's leading and most diverse derivatives marketplace offering the widest range of futures and options products for risk management.
2026-01-21 23:10:16,Market Intelligence,Google Custom Search,N/A,Reuters | Breaking International News & Views,https://www.reuters.com/,reuters.com,N/A,"3 hours ago Find latest news from every corner of the globe at Reuters.com, your online source for breaking international news coverage."
2026-01-21 23:10:16,Market Intelligence,Google Custom Search,N/A,Harley-Davidson - Wikipedia,https://en.wikipedia.org/wiki/Harley-Davidson,en.wikipedia.org,N/A,"7 hours ago Harley-Davidson, Inc. (H-D, or simply Harley) is an American motorcycle manufacturer and lifestyle brand headquartered in Milwaukee, Wisconsin."
2026-01-21 23:10:16,Market Intelligence,Google Custom Search,N/A,"Electric Vehicle HVAC Market to Reach $11.7 Billion by 2032,",https://www.openpr.com/news/4357048/electric-vehicle-hvac-market-to-reach-11-7-billion-by-2032,openpr.com,N/A,"11 hours ago For instance, the Indian government has implemented Faster Adoption and Manufacturing of (Hybrid &) Electric Vehicles (FAME) scheme and Production Linked"
2026-01-21 23:10:16,Market Intelligence,Google Custom Search,N/A,Latest Retail Property & Asset Auction Notices for Buyers | Axis Bank,https://www.axis.bank.in/auction-notices-retail,axis.bank.in,N/A,"3 hours ago Find all the latest corporate auction announcements, property listings, and bidding schedules. Stay informed and invest smartly with Axis Bank."
2026-01-21 23:10:16,Market Intelligence,Google Custom Search,N/A,Untitled,https://bankofbaroda.bank.in/tenders/zonal-regional-offices,bankofbaroda.bank.in,N/A,4 hours ago Getting an education loan is an easy way to finance your dreams. A student loan can help you get into the university of your choice. Bank of Baroda is here to
2026-01-21 23:10:16,Market Intelligence,Google Custom Search,N/A,Economic Scenario | PNB,https://pnb.bank.in/Economic-Scenario.html,pnb.bank.in,N/A,"6 hours ago Discover the latest economic scenario and trends with PNB. Stay informed about market insights, financial updates, and expert analysis to make confident"
2026-01-21 23:10:16,Market Intelligence,Google Custom Search,N/A,Bank of Tanzania,https://www.bot.go.tz/,bot.go.tz,N/A,"5 hours ago Banking and Financial ; 7-Day IBCM Rate. 6.71 20 January, 2026 ; Central Bank Rate. 5.75% 1st Quarter 2026."
2026-01-21 23:10:16,Market Intelligence,Google Custom Search,N/A,The Singareni Collieries Company Limited (A Government Company),https://scclmines.com/,scclmines.com,N/A,9 hours ago Latest happenings. STPP Annual Tariff PetitionNotice. Mission. To retain our sccl e- Auction. sccl Employees. sccl VENDORS. In The News. www.scclmines.com
2026-01-21 23:10:16,Market Intelligence,Google Custom Search,N/A,MSTC Limited - A Govt. of India Enterprise,https://www.mstcindia.co.in/,mstcindia.co.in,N/A,"20 hours ago MSTC Limited is a Miniratna Category - I PSU under the administrative control of Ministry of Steel, Govt. of India."
2026-01-21 23:10:16,Market Intelligence,Google Custom Search,N/A,IGU,https://igu.ac.in/,igu.ac.in,N/A,"4 hours ago It is with deep gratitude and a profound sense of responsibility that I address you as the Vice-Chancellor of Indira Gandhi University, Meerpur Rewari. I am"
2026-01-21 23:10:16,Market Intelligence,Google Custom Search,N/A,Weekly fixed income commentary | 01/20/2026 | Nuveen,https://www.nuveen.com/en-us/insights/investment-outlook/fixed-income-weekly-commentary,nuveen.com,N/A,"10 hours ago Treasuries, mortgages, taxable municipals and investment grade corporates retreated. Preferreds, high yield corporates, senior loans and emerging markets"
2026-01-21 23:10:16,Market Intelligence,Google Custom Search,N/A,Economic Calendar,https://tradingeconomics.com/calendar,tradingeconomics.com,N/A,4 hours ago 07:45 AM · 08:00 AM · 09:30 AM ; FR · ES · ZA ; Consumer Confidence JAN · Unemployment Rate Q4 · Weekly Bond Auction.
2026-01-21 23:10:16,Market Intelligence,Google Custom Search,N/A,Public Notices,https://www.app.com/public-notices,app.com,N/A,9 hours ago BERGEN COUNTY UTILITIES AUTHORITY INDUSTRIAL PRETREATMENT PROGRAM PUBLIC NOTICE PLEAST TAKE NOTICE that an Industrial Wastewater Discharge Permit (the
2026-01-21 23:10:16,Market Intelligence,Google Custom Search,N/A,Gold Loan in Pune - Apply Loan Against Gold at Low Interest Rate,https://www.iifl.com/gold-loans/gold-loan-in-pune,iifl.com,N/A,11 hours ago Sapna aapka. Gold loan humaara. Interest Rates 11.88% p.a*; Flexible Repayment Options; LTV upto 75%. SEEDHI BAAT ‌‌
2026-01-21 23:10:16,Market Intelligence,Google Custom Search,N/A,Bank of England: Home,https://www.bankofengland.co.uk/,bankofengland.co.uk,N/A,3 hours ago The Bank of England (BoE) is the UK's central bank. Our mission is to deliver monetary and financial stability for the people of the United Kingdom.
2026-01-21 23:10:16,Market Intelligence,Google Custom Search,N/A,Apply Online for Bajaj Finserv Gold Loan in India | Upto 2 Crore | 20 ...,https://www.bajajfinservmarkets.in/gold-loan/bajaj-finserv-gold-loan,bajajfinservmarkets.in,N/A,21 hours ago Apply for a Bajaj Finserv Gold Loan on Bajaj Markets at interest rates starting from 9.50% p.a.* with flexible repayment options. Starting Interest Rate 9.50%.
2026-01-21 23:10:16,Market Intelligence,Google Custom Search,N/A,Computer Science,https://arxiv.org/list/cs/new,arxiv.org,N/A,"13 hours ago The analysis focuses on three metrics: storage cost, operationally useful log ratio, and cost per useful log. Operational usefulness is defined as log data"
2026-01-21 23:10:16,Market Intelligence,Google Custom Search,N/A,Waves Audio Plugin Bundles,https://www.waves.com/bundles,waves.com,N/A,3 hours ago The go-to plugins for modern production: From R-Vox to R-Bass and beyond. 4.8. (429). Subscribe. orbuy perpetual license for $6999Price $69.99. Compare.
2026-01-21 23:10:16,Market Intelligence,Google Custom Search,N/A,Investopedia,https://www.investopedia.com/,investopedia.com,N/A,"19 hours ago Investopedia is the world's leading source of financial content on the web, ranging from market news to retirement strategies, investing education to"
2026-01-21 23:10:16,Market Intelligence,Google Custom Search,N/A,Equity erosion from COVID-era relief leads to spike in foreclosures ...,https://www.scotsmanguide.com/news/equity-erosion-from-covid-era-relief-leads-to-spike-in-foreclosures/,scotsmanguide.com,N/A,17 hours ago The average loan-to-value (LTV) ratio of properties brought to foreclosure Mortgage rate locks drop amid economic uncertainty · Mortgage rate locks
2026-01-21 23:10:16,Market Intelligence,Google Custom Search,N/A,Daily UPSC Current Affairs | Shankar IAS Parliament,https://www.shankariasparliament.com/current-affairs,shankariasparliament.com,N/A,"6 hours ago Low conviction rate – The conviction rate for such offences between 2018 and 2022 was only 4.8%. POCSO Courts – India registered 80,320 new POCSO cases in 2025,"
2026-01-21 23:10:16,Market Intelligence,Google Custom Search,N/A,"Apply for Gold Loan services in Kadiri, Anantapur, Andhra Pradesh ...",https://branches.muthootfincorp.com/muthoot-fincorp-gold-loan-kadiri-loan-agency-kadiri-anantapur-117759/Home,branches.muthootfincorp.com,N/A,8 hours ago Muthoot FinCorp Gold Loan. Lowest Gold Loan Interest Rate. Convenience and Flexibility of repayments; Affordable Interest Rates; Best Value of Your Gold. Get
2026-01-21 23:10:16,Market Intelligence,Google Custom Search,N/A,29 Conversion Metrics Smart eCommerce Founders Track in 2026,https://www.convertcart.com/blog/cro-metrics,convertcart.com,N/A,10 hours ago fall off in a puddle. How to improve this CRO metric in 2026: LTV-Adjusted Bidding: Stop paying the same price for every lead. Use predictive modeling to
2026-01-21 23:10:16,Market Intelligence,Google Custom Search,N/A,Gold Loan eligibility calculator | Bank of Baroda,https://bankofbaroda.bank.in/calculators/gold-loan-calculator,bankofbaroda.bank.in,N/A,"4 hours ago This gold loan calculator gives you an instant answer before you apply for a gold loan. Simply add the number of gold ornaments you are willing to pledge,"
2026-01-21 23:10:16,Market Intelligence,Google Custom Search,N/A,Gold Loan in Pune - Apply Loan Against Gold at Low Interest Rate,https://www.iifl.com/gold-loans/gold-loan-in-pune,iifl.com,N/A,11 hours ago Apply for a gold loan in Pune with IIFL Finance. Check the gold loan interest rate in Pune and get funds against your gold jewellery with minimal documents.
2026-01-21 23:10:16,Market Intelligence,Google Custom Search,N/A,Mangaluru: Fake stones in jewellery used to secure higher loans as ...,https://www.daijiworld.com/news/newsDisplay?newsID=1304236,daijiworld.com,N/A,13 hours ago cheating cooperative societies and banks by pledging gold jewellery embedded with fake stones to obtain higher loan amounts. This racket has come to light
2026-01-21 23:10:16,Market Intelligence,Google Custom Search,N/A,Latest Retail Property & Asset Auction Notices for Buyers | Axis Bank,https://www.axis.bank.in/auction-notices-retail,axis.bank.in,N/A,"3 hours ago Find all the latest corporate auction announcements, property listings, and bidding schedules. Stay informed and invest smartly with Axis Bank."
2026-01-21 23:10:16,Market Intelligence,Google Custom Search,N/A,Oro Money: Tension-Free Gold Loan At Highest Per Gram Rate,https://www.oromoney.in/,oromoney.in,N/A,12 hours ago Oro Facilitates TensionFree Instant Gold Loan with Flexible Repayment Option | Instant Approval | No Credit Score Required | No Hidden Charges | Flat
2026-01-21 23:10:16,Market Intelligence,Google Custom Search,N/A,One-Stop Financial Services | Retail Broking & Investment Banking ...,https://www.mnclgroup.com/,mnclgroup.com,N/A,"6 hours ago MNCL offer a diverse range of comprehensive financial solutions, including Retail Broking, Institutional Equities, Investment Banking, Fund Management"
2026-01-21 23:10:16,Market Intelligence,Google Custom Search,N/A,Thangamayil Jewellery Share Price Today - THANGAMAYL Live ...,https://dhan.co/stocks/thangamayil-jewellery-ltd-share-price/,dhan.co,N/A,"5 hours ago That's why we're building Dhan - to help you trade, to help you invest, and to help you participate in India's growth stock via the stock market with awesome"
2026-01-21 23:10:16,Market Intelligence,Google Custom Search,N/A,Fake stone gold loan scam surfaces in Mangaluru region | News ...,https://newskarnataka.com/mangaluru/fake-stone-gold-loan-scam-surfaces-in-mangaluru-region/21012026,newskarnataka.com,N/A,9 hours ago An organised gang is cheating cooperative societies in Mangaluru by pledging gold jewellery with heavy fake stones to obtain inflated loan amounts worth
2026-01-21 23:10:16,Market Intelligence,Google Custom Search,N/A,"SARFAESI ACT, 2002- Applicability, Objectives, Process ...",https://cleartax.in/s/sarfaesi-act-2002,cleartax.in,N/A,18 hours ago Who does the SARFAESI Act Apply to? · Must be registered with the Reserve Bank of India (RBI). · Can acquire financial assets from banks and issue security
2026-01-21 23:10:16,Market Intelligence,Google Custom Search,N/A,Corporate Filings Corporate Actions - NSE India - NSE,https://www.nseindia.com/companies-listing/corporate-filings-actions,nseindia.com,N/A,"8 hours ago Corporate Filings Corporate Actions- Get latest information about Corporate Filings Corporate Actions - Equity, SME, Debt, MF and more."
2026-01-21 23:10:16,Market Intelligence,Google Custom Search,N/A,Procurement News - SBI In the News,https://sbi.bank.in/web/sbi-in-the-news/procurement-news,sbi.bank.in,N/A,"4 hours ago Location, Tender Description, Start Date, End Date. LHO, LUCKNOW, RBO-III SHAHJAHANPUR: NOTICE FOR HIRING OF PREMISES FOR STATE BANK OF INDIA ,RAUSAR BRANCH"
2026-01-21 23:10:16,Market Intelligence,Google Custom Search,N/A,KCC Eligibility Calculator,https://pnb.bank.in/kcc-eligibility-calculator.aspx,pnb.bank.in,N/A,"7 hours ago Disclaimer · This is an approximate value. · PMFBY premium for notified crops of district is 1.5% of loan amount for Rabi Crops , 2% of loan amount for Kharif"
2026-01-21 23:10:16,Market Intelligence,Google Custom Search,N/A,Recent judgments,https://tanzlii.org/judgments/,tanzlii.org,N/A,10 hours ago The appellants sold a property not listed as security; court held it was not security and dismissed the appeal with costs. Land law — security for loan; written
2026-01-21 23:10:16,Market Intelligence,Google Custom Search,N/A,"The Baseline, Latest on stock market and finance in ... - Trendlyne Blog",https://trendlyne.com/pages/4481/THEBASELINE/the-baseline/,trendlyne.com,N/A,"6 hours ago Gold rose by 76% and silver surged by about 170% over the year, driven by global uncertainty, central bank buying, industrial demand for silver, and a weaker"
2026-01-21 23:10:16,Market Intelligence,Google Custom Search,N/A,Court of Appeal of Tanzania – TanzLII,https://tanzlii.org/judgments/TZCA/,tanzlii.org,N/A,11 hours ago The Court hears appeals on both point of law and facts for cases originating from the High Court of Tanzania and Magistrates with extended jurisdiction.
2026-01-21 23:10:16,Market Intelligence,Google Custom Search,N/A,Top Microfinance Services in Bangalore near me - Justdial,https://www.justdial.com/Bangalore/Microfinance-Services/nct-11576267,justdial.com,N/A,"17 hours ago 31 Microfinance Services in Bangalore. Find ✓Loans, ✓Finance Companies, ✓Home Loans, ✓Loan Against Gold, ✓Corporate Companies in Bangalore."
2026-01-21 23:10:16,Market Intelligence,Google Custom Search,N/A,JS Current Account | JS Bank,https://www.jsbl.com/personal/accounts/current-accounts/js-current-account/,jsbl.com,N/A,"7 hours ago JS Premier Raabta allows you to make the most of your banking relationship. Simply maintain an average balance of PKR 150000, and avail a host of"
2026-01-21 23:10:16,Market Intelligence,Google Custom Search,N/A,Find list of Equitas Small Finance Banks in Indore near me - Justdial,https://www.justdial.com/Indore/Equitas-Small-Finance-Banks/nct-12069857,justdial.com,N/A,5 hours ago Personal Loans; Zero Balance Accounts; Savings Accounts; Home Loans; Online Banking Services; Micro Finance Solutions demand. The focus on providing
2026-01-21 23:10:16,Market Intelligence,Google Custom Search,N/A,Bangladesh Bank's new master circular: Can revised ICMSME ...,https://www.tbsnews.net/thoughts/bangladesh-banks-new-master-circular-can-revised-icmsme-financing-boost-bangladeshs,tbsnews.net,N/A,"7 hours ago In the case of medium manufacturing enterprises, the maximum loan or investment limit has been set at Tk100 crore. Excluding land, factory, and replacement"
2026-01-21 23:10:16,Market Intelligence,Google Custom Search,N/A,Education Loan Process in India & Abroad: Online & Offline Procedure,https://propelld.com/site/blog/how-to-apply-for-education-loan-in-india,propelld.com,N/A,"3 hours ago Do education loans have processing fees? Some banks charge processing fees, while others waive them, particularly for collateral-free loans. It's advisable to"
2026-01-21 23:10:16,Market Intelligence,Google Custom Search,N/A,India Ratings Affirms Barbarian 11 2024 (Originated by IIFL Samasta ...,https://www.indiaratings.co.in/pressrelease/81179,indiaratings.co.in,N/A,20 hours ago The agency saw a cumulative prepayment of 19.70% and cumulative collection efficiency of 94.88% as of December 2025 payout. microfinance institution (NBFC-MFI)
2026-01-21 23:10:16,Market Intelligence,Google Custom Search,N/A,20th January 2026 Q3'FY26 Earnings presentation,https://www.au.bank.in/QR_Investor-Presentation_Quarter_3-2025-26-Q3FY26-IR-ppt_20th-Jan-v1.pdf,au.bank.in,N/A,"22 hours ago India (Issue of Capital and Disclosure Requirements) Regulations, 2009 MFI book and Non-OD Collection Efficiency (Non-OD CE) for this book is ~99.7"
2026-01-21 23:10:16,Market Intelligence,Google Custom Search,N/A,India Ratings Affirms Marble 2024 (Originated by Indifi Capital Pvt ...,https://www.indiaratings.co.in/pressrelease/81173,indiaratings.co.in,N/A,"20 hours ago The rating is based on the origination, servicing, collection and recovery capabilities of ICPL the legal and financial structure of the transaction, and the CE"
2026-01-21 23:10:16,Market Intelligence,Google Custom Search,N/A,AU Small Finance Bank,https://bsmedia.business-standard.com/_media/bs/data/market-reports/equity-brokertips/2026-01/17689781060.27575200.pdf,bsmedia.business-standard.com,N/A,11 hours ago Collection efficiency in non-overdue MFI loans improved to 99.3% in Dec from 98.9% in Sept and the SMA pool shrunk to 1.9%. Slippages in Cards portfolio.
2026-01-21 23:10:16,Market Intelligence,Google Custom Search,N/A,CreditAccess Grameen Ltd.,https://www.icicidirect.com/mailcontent/idirect_cag_q3fy26.pdf,icicidirect.com,N/A,"6 hours ago About the stock: CreditAccess Grameen is one of the largest microfinance companies in India, having over 3 decades of experience, over ₹ 26,566 crore AUM and a"
2026-01-21 23:10:16,Market Intelligence,Google Custom Search,N/A,ICRA An Affiliate of Moody's,https://www.icra.in/,icra.in,N/A,"3 hours ago ICRA rates debt instruments issued by corporate entities, commercial banks, non-banking finance companies, financial institutions, public sector"
2026-01-21 23:10:16,Market Intelligence,Google Custom Search,N/A,M2P Fintech Blog,https://m2pfintech.com/blog/,m2pfintech.com,N/A,"12 hours ago efficiency and reinforcing regulatory compliance. for financial institutions.In this blog, we decode how AI is revolutionizing fraud detection and why it's"
2026-01-21 23:10:16,Market Intelligence,Google Custom Search,N/A,ICRA Public Finance Ratings,https://www.icra.in/Rating/RatingCategory?RatingType=CR&RatingCategoryId=4,icra.in,N/A,"5 hours ago While the Rating assigned, are relative to that of the Union government, which is taken as highest safety, the performance of the State government concerned is"
2026-01-21 23:10:16,Market Intelligence,Google Custom Search,N/A,ICIS pricing services for gobal commodity markets | ICIS,https://www.icis.com/explore/services/pricing/,icis.com,N/A,3 hours ago Optimise efficiency and accuracy with ICIS data and analytics seamlessly integrated into your modelling and forecasting. Gauge the impact of capacity on
2026-01-21 23:10:16,Market Intelligence,Google Custom Search,N/A,Motilal Oswal Home Finance Limited,https://www.icra.in/Rating/RatingDetails?CompanyId=14486&CompanyName=Motilal%20Oswal%20Home%20Finance%20Limited,icra.in,N/A,23 hours ago Motilal Oswal Home Finance Limited. Motilal Oswal Home Finance Limited: Long-term rating upgraded to [ICRA]AA+ (Stable) and outlook revised to Stable;
2026-01-21 23:10:16,Market Intelligence,Google Custom Search,N/A,Indian Institute of Banking & Finance (IIBF),https://www.iibf.org.in/,iibf.org.in,N/A,"7 hours ago IIBF, formerly known as The Indian Institute of Bankers (IIB), is a professional body of Banks, Financial Institutions, and their employees in India."
2026-01-21 23:10:16,Market Intelligence,Google Custom Search,N/A,Requests for Proposals and Tenders,https://www.devnetjobsindia.org/rfp_assignments.aspx,devnetjobsindia.org,N/A,"9 hours ago Life Education and Development Support (LEADS) and Ghoghardiha Prakhand Swarajya Vikas Sangh (GPSVS). Location: Ranchi, Jharkhand, Bihar."
2026-01-21 23:10:16,Market Intelligence,Google Custom Search,N/A,Daily UPSC Current Affairs | Shankar IAS Parliament,https://www.shankariasparliament.com/current-affairs,shankariasparliament.com,N/A,"6 hours ago Constitutional values – The Court stressed that trafficking and exploitation violates children's dignity, bodily integrity, and constitutional protection."
2026-01-21 23:10:16,Market Intelligence,Google Custom Search,N/A,Telangana Bank Holidays 2026 in India | Full List of Bank Holidays ...,https://timesofindia.indiatimes.com/business/bank-holidays/telangana,timesofindia.indiatimes.com,N/A,"16 hours ago Get the full list of bank holidays in Telangana for 2026, including national and local holidays. Stay informed about all the holiday dates in Telangana."
2026-01-21 23:10:16,Market Intelligence,Google Custom Search,N/A,"Apply for Gold Loan services in KOVILPATTI, Thoothukudi, Tamil ...",https://branches.muthootfincorp.com/muthoot-fincorp-gold-loan-kovilpatti-loan-agency-kovilpatti-kovilpatti-115903/Home,branches.muthootfincorp.com,N/A,"4 hours ago Muthoot Fincorp Gold Loan in KOVILPATTI, Thoothukudi, offers quick cash against gold with competitive rates. Explore additional financial services,"
2026-01-21 23:10:16,Market Intelligence,Google Custom Search,N/A,"Online Jobs, Result and Shopping Of Books - GOVJOBS",https://www.govjobs.net.in/Operation-Parhar-Punjab-Police-Launches-Statewide-Crackdown-on-Organised-Gangster-Network-afid-2905,govjobs.net.in,N/A,"3 hours ago Operation Parhar Launched to Combat Organised Crime in Punjab. The Punjab Police has launched Operation Parhar , a large-scale, intelligence-driven crackdown"
2026-01-21 23:10:16,Market Intelligence,Google Custom Search,N/A,Online Personal Loan - Apply for Instant Digital Personal Loan up to ...,https://www.tvscredit.com/loans/online-personal-loans/,tvscredit.com,N/A,1 hour ago We offer instant personal loans with minimal documentation in a 100% paperless manner. Apply Now and get the loan amount required credited to your bank account.
2026-01-21 23:10:16,Market Intelligence,Google Custom Search,N/A,Latest News | AIA,https://www.aiaworldwide.com/news/news/,aiaworldwide.com,N/A,"20 hours ago Kate Hayward explores how accountants can close the small business financial skills gap, helping clients to build confidence, improve financial literacy &"
2026-01-21 23:10:16,Market Intelligence,Google Custom Search,N/A,Surat Municipal Corporation,https://www.suratmunicipal.gov.in/,suratmunicipal.gov.in,N/A,3 hours ago Surat Municipal Corporation (SMC) is the Urban Local Government (ULB) for the city of Surat.
2026-01-21 23:10:16,Market Intelligence,Google Custom Search,N/A,Apply Instant Personal Loan Online Upto Rs. 50 Lakh,https://pnb.bank.in/personal.aspx,pnb.bank.in,N/A,"4 hours ago Request Callback. Please fill in these details, so we can call you back and assist you."
2026-01-21 23:10:16,Market Intelligence,Google Custom Search,N/A,Sarfaesi And Others - SBI In the News,https://sbi.bank.in/web/sbi-in-the-news/auction-notices/sarfaesi-and-others,sbi.bank.in,N/A,"7 hours ago Description, Auction Date, Documents. AUCTION NOTICE FOR SALE OF PROPERTIES - SARB PATNA (05176), 18.02.2026. 1. S K TRADING ND CO, (PARTNERS: MS SONI"
2026-01-21 23:10:16,Market Intelligence,Google Custom Search,N/A,Achieving Efficiencies in MSME Sector through Convergence of ...,https://niti.gov.in/sites/default/files/2026-01/Achieving_Efficiencies_in_MSME_Sector_Through_Convergence_of_Schemes.pdf,niti.gov.in,N/A,"22 hours ago Administrative Staff College of India, Hyderabad has received financial assistance under the Research. Scheme of NITI Aayog to prepare the report. While."
2026-01-21 23:10:16,Market Intelligence,Google Custom Search,N/A,Home | icegate,https://www.icegate.gov.in/,icegate.gov.in,N/A,4 hours ago self help. Latest Updates. Attention Users :- WCCB Unified Application under SWIFT 2.0 is Now Live! WCCB NOC (for imports) can now be obtained through SWIFT
2026-01-21 23:10:16,Market Intelligence,Google Custom Search,N/A,Central Government Employees Salary Package | Canara Bank,https://canarabank.bank.in/pages/central-government-employees-salary-package,canarabank.bank.in,N/A,7 hours ago Scheme For Financing Through Self Help Groups (SHGs) · Fisheries Loan · Hi tech NRI NEWS BULLETINS. NRI News Bulletin. VIDEO CHAT SUPPORT. Video Chat
2026-01-21 23:10:16,Market Intelligence,Google Custom Search,N/A,Bureau of Consumer Protection | Federal Trade Commission,https://www.ftc.gov/about-ftc/bureaus-offices/bureau-consumer-protection,ftc.gov,N/A,2 hours ago Tips and Advice for Consumers. Want to order a copy of your free credit report? Or find out how to get a refund for a defective product? Maybe you
2026-01-21 23:10:16,Market Intelligence,Google Custom Search,N/A,The Singareni Collieries Company Limited (A Government Company),https://scclmines.com/,scclmines.com,N/A,"9 hours ago In The News. www.scclmines.com/apprenticeship web portal for ITI Trade apprentices (Batch-I) {In Service candidates, Employee Children and PAF/PDF lists} in"
2026-01-21 23:10:16,Market Intelligence,Google Custom Search,N/A,"SARFAESI ACT, 2002- Applicability, Objectives, Process ...",https://cleartax.in/s/sarfaesi-act-2002,cleartax.in,N/A,18 hours ago Borrowers have the right to appeal before the Debt Recovery Tribunal (DRT). Certain assets and loans are expressly excluded from the Act's scope. What is the
2026-01-21 23:10:16,Market Intelligence,Google Custom Search,N/A,20th January 2026 Q3'FY26 Earnings presentation,https://www.au.bank.in/QR_Investor-Presentation_Quarter_3-2025-26-Q3FY26-IR-ppt_20th-Jan-v1.pdf,au.bank.in,N/A,22 hours ago ▫ Supportive regulatory changes and Governmental reforms augur well for ❑ Compliance simplification by RBI for lower ticket gold loan provides.
2026-01-21 23:10:16,Market Intelligence,Google Custom Search,N/A,Forex Card Rate | Multi Currency Prepaid Card - BOI,https://bankofindia.bank.in/forexcard-rate,bankofindia.bank.in,N/A,2 hours ago Above card rates are for foreign currency conversion to INR. 3. Card rates mentioned above are indicative and are subject to change based on market volatility.
2026-01-21 23:10:16,Market Intelligence,Google Custom Search,N/A,Key reasons why RBI barred IIFL Finance from disbursing gold loans,https://upstox.com/news/business-news/financial-regulations/key-reasons-why-rbi-barred-iifl-finance-from-disbursing-gold-loans/article-72755/,upstox.com,N/A,"9 hours ago The regulator observed certain material supervisory concerns in the gold loan portfolio of the company, including the following: Serious deviations were found"
2026-01-21 23:10:16,Market Intelligence,Google Custom Search,N/A,NRI Services | NRI Banking and Services | Punjab National Bank,https://pnb.bank.in/NRI-Service.aspx,pnb.bank.in,N/A,2 hours ago Hassle free disbursals at your convenience. Housing Loan Car Loan Loan against FCNR. NRI Investments. Capital gain account.
2026-01-21 23:10:16,Market Intelligence,Google Custom Search,N/A,"SARFAESI ACT, 2002- Applicability, Objectives, Process ...",https://cleartax.in/s/sarfaesi-act-2002,cleartax.in,N/A,18 hours ago Borrowers have the right to appeal before the Debt Recovery Tribunal (DRT). Certain assets and loans are expressly excluded from the Act's scope. What is the
2026-01-21 23:10:16,Market Intelligence,Google Custom Search,N/A,Advertisement Tender for Furnishing of High Court Branch under ...,https://www.unionbankofindia.bank.in/en/viewtender,unionbankofindia.bank.in,N/A,"3 hours ago TENDER NOTICE FOR NEW BRANCH PREMISES REQUIRED ON LEASE FOR RAGHUNATHPUR LOCATION IN BHUBANESWAR NANDAN KANAN ROAD, DISTT.KHORDA,ODISHA."
2026-01-21 23:10:16,Market Intelligence,Google Custom Search,N/A,Canara Bank Forex Card Rates | Real-Time Currency Exchange Rates,https://canarabank.bank.in/pages/forex-card-rates,canarabank.bank.in,N/A,2 hours ago Card rates are firm upto US Dollars 5000 or equivalent. Exchange rates mentioned are indicative & are subject to change depending on market fluctuations.
2026-01-21 23:10:16,Market Intelligence,Google Custom Search,N/A,Credit Line On Upi | South Indian Bank,https://www.southindianbank.bank.in/personal/other-services/credit-line-on-upi,southindianbank.bank.in,N/A,"6 hours ago Feature. Type of Loan, A revolving credit line linked to your Fixed Deposit (FD). Who Can Apply, All resident and non-resident individuals aged 18 and above."
2026-01-21 23:10:16,Market Intelligence,Google Custom Search,N/A,Union Bank Of India,https://www.unionbankofindia.bank.in/en/TenderDetails/A217F1E8-F75B-EA5D-9E51-CD1C5FDB8926,unionbankofindia.bank.in,N/A,23 hours ago Advertisement Tender for Furnishing of High Court Branch under Nagpur Regional Office. Download Document. icon. EMD (₹). 0. icon. Doc. Cost (₹). 1000. icon.
2026-01-21 23:10:16,Market Intelligence,Google Custom Search,N/A,List Screening Strategy & Solutions for Businesses | EY - India,https://www.ey.com/en_in/industries/banking-capital-markets/list-screening,ey.com,N/A,"7 hours ago Thanks to increasing complexity, exploding data volumes and rising regulatory RBI gold loan guidelines 2025: Impact assessment and key changes. Read our"
2026-01-21 23:10:16,Market Intelligence,Google Custom Search,N/A,ICRA Public Finance Ratings,https://www.icra.in/Rating/RatingCategory?RatingType=CR&RatingCategoryId=4,icra.in,N/A,"5 hours ago ICRA's Public Finance Ratings cover sovereign and sub-sovereign entities, State governments,and local bodies like municipal corporations, municipal councils"
2026-01-21 23:10:16,Market Intelligence,Google Custom Search,N/A,Arman Financial Services Ltd share price | About Arman Financial ...,https://www.screener.in/company/ARMANFIN/consolidated/,screener.in,N/A,"2 hours ago 1) Microfinance: The company's WOS, Namra Finance Ltd, offers women small-ticket loans under the JLG model for income-generating activities like livestock,"
2026-01-21 23:10:16,Market Intelligence,Google Custom Search,N/A,Fusion Micro Finance - Fusion Finance Share Price,https://economictimes.indiatimes.com/fusion-finance-ltd/stocks/companyid-1997035.cms,economictimes.indiatimes.com,N/A,"17 hours ago Fusion Micro Finance Share Price Today - Get live NSE/BSE quotes of Fusion Micro Finance with latest news, headlines and quick analysis."
2026-01-21 23:10:16,Market Intelligence,Google Custom Search,N/A,Oswal Sunil & Company,https://www.oswalsunil.com/,oswalsunil.com,N/A,"6 hours ago The firm's core team has very senior chartered accountants having vast experience covering various industrial, commercial and business houses in the field of"
2026-01-21 23:10:16,Market Intelligence,Google Custom Search,N/A,Manappuram Finance Ltd - Share/Stock Price,https://www.moneycontrol.com/india/stockpricequote/finance-leasinghire-purchase/manappuramfinance/MGF01,moneycontrol.com,N/A,10 hours ago Manappuram Fin Share Price: Find the latest news on Manappuram Fin Stock Price. Get all the information on Manappuram Fin with historic price charts for NSE
2026-01-21 23:10:16,Market Intelligence,Google Custom Search,N/A,Indian Government Bonds Rise on Growing Expectations of RBI ...,https://scanx.trade/stock-market-news/stocks/indian-government-bonds-rise-on-growing-expectations-of-rbi-market-support/30518135,scanx.trade,N/A,"12 hours ago Interest Rate Movements. India's overnight index swap rates showed mixed NBFC-MFI On-lending, 10% of total PSL, Individual and group lending for"
2026-01-21 23:10:16,Market Intelligence,Google Custom Search,N/A,Dow Index Today: Check Dow Index Price & Trends | IIFL Capital,https://www.indiainfoline.com/markets/global-indices/dax,indiainfoline.com,N/A,"8 hours ago DAX NEWS · Sunteck Realty Plans First Tower Launch of ₹3,000 Crore Ultra Luxury Project in Goregaon West · Top Stocks for Today - 20th January 2026 · Top Stocks"
2026-01-21 23:10:16,Market Intelligence,Google Custom Search,N/A,GIFT City Regulator Proposes Comprehensive Rules to Ring-fence ...,https://scanx.trade/stock-market-news/stocks/gift-city-regulator-proposes-comprehensive-rules-to-ring-fence-algorithmic-trading/30514036,scanx.trade,N/A,13 hours ago interest. This mechanism would provide an additional layer of NBFC-MFI Arohan Financial Services has outlined ambitious plans to enter the capital
2026-01-21 23:10:16,Market Intelligence,Google Custom Search,N/A,Taiwan Weighted Index Share/Stock Price Today | IIFL Capital,https://www.indiainfoline.com/markets/global-indices/taiwan-weighted,indiainfoline.com,N/A,"2 hours ago Track Taiwan Weighted Index on IIFL Capital. Check Taiwan Weighted share price, stock index updates, today's performance, trends and Taiwan market"
2026-01-21 23:10:16,Market Intelligence,Google Custom Search,N/A,Anshika Kayastha: Read stories by Anshika Kayastha on Mint.,https://www.livemint.com/authors/anshika-kayastha,livemint.com,N/A,"13 hours ago Anshika writes on the banking and financial services space, and has 12 years of experience covering these sectors. With an eye for everything new and exciting."
2026-01-21 23:10:16,Market Intelligence,Google Custom Search,N/A,Federal Bank - Wikipedia,https://en.wikipedia.org/wiki/Federal_Bank,en.wikipedia.org,N/A,"21 hours ago Federal Bank is an Indian private sector bank headquartered in Aluva, Kerala. The bank has 1588+ banking outlets and, 2079+ ATMs/ CDMS spread across"
2026-01-21 23:10:16,Market Intelligence,Google Custom Search,N/A,Smart Pay Card - Apply for Smart Pay Prepaid Card | Axis Bank,https://www.axis.bank.in/cards/prepaid-card/smart-pay-card,axis.bank.in,N/A,3 hours ago With Prepaid Smart Pay Cards from Axis Bank now disburse your employees salaries in a more simpler and systematic manner. Click here to apply now at Axis
2026-01-21 23:10:16,Market Intelligence,Google Custom Search,N/A,"Todays Gold Rate in Kerala, 18, 22 & 24 Carat Gold Price on 21 ...",https://www.goodreturns.in/gold-rates/kerala.html,goodreturns.in,N/A,4 hours ago Gold rates and the rupee. The currency plays a very crucial role in the movement of gold prices. India imports almost all of the precious metal. This means to a
2026-01-21 23:10:16,Market Intelligence,Google Custom Search,N/A,Latest Retail Property & Asset Auction Notices for Buyers | Axis Bank,https://www.axis.bank.in/auction-notices-retail,axis.bank.in,N/A,"3 hours ago Find all the latest corporate auction announcements, property listings, and bidding schedules. Stay informed and invest smartly with Axis Bank."
2026-01-21 23:10:16,Market Intelligence,Google Custom Search,N/A,Apply Online for Bajaj Finserv Gold Loan in India | Upto 2 Crore | 20 ...,https://www.bajajfinservmarkets.in/gold-loan/bajaj-finserv-gold-loan,bajajfinservmarkets.in,N/A,21 hours ago Apply online for a Bajaj Finserv Gold Loan in India. Avail loan against gold ornaments or bank gold coins with minimal paperwork and low interest rates from
2026-01-21 23:10:16,Market Intelligence,Google Custom Search,N/A,Karnataka Bank Holidays 2026 in India | Full List of Bank Holidays ...,https://timesofindia.indiatimes.com/business/bank-holidays/karnataka,timesofindia.indiatimes.com,N/A,"5 hours ago Get the full list of bank holidays in Karnataka for 2026, including national and local holidays. Stay informed about all the holiday dates in Karnataka."
2026-01-21 23:10:16,Market Intelligence,Google Custom Search,N/A,"SC extends stay on revised Aravalli Hills definition, orders ban on ...",https://www.punjabnewsexpress.com/news/news/sc-extends-stay-on-revised-aravalli-hills-definition-orders-ban-on-illegal-mining-316916,punjabnewsexpress.com,N/A,"8 hours ago A three-judge Bench headed by Chief Justice of India (CJI) Surya ED raids rock Devaswom Board in Sabarimala gold heist case, CPI(M) on the defensive"
2026-01-21 23:10:16,Market Intelligence,Google Custom Search,N/A,Moneylife India | Financial Magazines online in India,https://www.moneylife.in/,moneylife.in,N/A,"12 hours ago Moneylife is an online resource for news and opinions on personal finance, banking, finance and industry sectors from India."
2026-01-21 23:10:16,Market Intelligence,Google Custom Search,N/A,Investopedia,https://www.investopedia.com/,investopedia.com,N/A,"19 hours ago Investopedia is the world's leading source of financial content on the web, ranging from market news to retirement strategies, investing education to"
2026-01-21 23:10:16,Market Intelligence,Google Custom Search,N/A,Wizely App: Bridging Tradition and Technology with Digital Gold,https://www.taxtmi.com/news?id=44952,taxtmi.com,N/A,"7 hours ago Pune, Maharashtra, India Gold has been a significant part of Indian tradition and is considered a prized investment with high liquidity."
2026-01-21 23:10:16,Market Intelligence,Google Custom Search,N/A,Digilogic Systems Ltd IPO - Bajaj Finserv,https://www.bajajfinserv.in/investments/digilogic-systems-limited-ipo,bajajfinserv.in,N/A,"10 hours ago penalties or fines being imposed by the competent regulatory authority. The Investments in securities market are subject to market risk, read all the related"
2026-01-21 23:10:16,Market Intelligence,Google Custom Search,N/A,A&M India,https://www.alvarezandmarsal.com/global-locations/india,alvarezandmarsal.com,N/A,"6 hours ago Leading companies, financial institutions and public entities turn to Alvarez & Marsal (A&M) to solve their operational, financial and regulatory challenges"
2026-01-21 23:10:16,Market Intelligence,Google Custom Search,N/A,Steamhouse India Limited IPO - Bajaj Finserv,https://www.bajajfinserv.in/investments/steamhouse-india-limited-ipo,bajajfinserv.in,N/A,"3 hours ago Investments in securities market are subject to market risk, read all the related documents carefully before investing. Brokerage will not exceed the SEBI"
2026-01-21 23:10:16,Market Intelligence,Google Custom Search,N/A,"RBA Board Clears ₹900 Cr Preferential Issue, Everstone Asia Exit",https://www.bajajbroking.in/share-market-news/rba-board-clears-rs900-cr-preferential-issue-everstone-asia-exit,bajajbroking.in,N/A,"13 hours ago DISCLOSURES UNDER THE PROVISIONS OF SEBI (RESEARCH ANALYSTS) REGULATIONS 2014 (REGULATIONS). Bajaj Financial Securities Limited (""Bajaj Broking"" or ""Research"
2026-01-21 23:10:16,Market Intelligence,Google Custom Search,N/A,Bank Of Baroda Today Live NSE/BSE,https://www.bajajfinserv.in/investments/bankbaroda-share-price,bajajfinserv.in,N/A,"16 hours ago *Disclaimer for Bajaj Finance Limited ('BFL'):. Stock trading business is carried by Bajaj Financial Securities Limited (""BFSL""), a broker and Depository"
2026-01-21 23:10:16,Market Intelligence,Google Custom Search,N/A,"Bajaj Housing Finance IPO: Key strengths, risks and business ...",https://upstox.com/news/market-news/ipo/bajaj-housing-finance-ipo-key-strengths-risks-business-strategies-rhp-to-consider-before-subscribing-check-allotment-listing-date-gmp/article-115857/,upstox.com,N/A,"23 hours ago It is subject to periodic inspection by the National Housing Bank, and non-compliance with observations could result in penalties and fines. The business"
2026-01-21 23:10:16,Market Intelligence,Google Custom Search,N/A,Is it okay to do fixed deposit in NBFC's like Bajaj Finance Mahindra ...,https://gurus.rediff.com/question/qdtl/money/okay-fixed-deposit-nbfc-039-s-bajaj-finance-mahindra-finance/5247206,gurus.rediff.com,N/A,"20 hours ago – Keep not more than 10% to 15% of your fixed income corpus in NBFC FDs. – Keep the balance in reputed bank FDs, debt mutual funds, or other regulated low-risk"
2026-01-21 23:10:16,Market Intelligence,Google Custom Search,N/A,Daily and Weekly Digest - Latest News and Updates on Digest at ...,https://groww.in/digest,groww.in,N/A,9 hours ago Get the latest market news with a round-up of all the financial landscape weekly updates only at Groww Digest. Be up to date with the best weekly & daily
2026-01-21 23:10:16,Market Intelligence,Google Custom Search,N/A,JIOFIN Share Price: Jio Financial Services Live,https://www.tickertape.in/stocks/jio-financial-services-JIO,tickertape.in,N/A,"7 hours ago JIOFIN stock price live today with intraday chart, market cap, 52-week range, earnings, dividends and latest market news & research updates."
2026-01-21 23:10:16,Market Intelligence,Google Custom Search,N/A,Prime Ratings - PrimeInvestor,https://primeinvestor.in/prime-ratings/,primeinvestor.in,N/A,"11 hours ago History, Present business and Background: PrimeInvestor Financial Research Private Limited is registered with SEBI as Research Analyst with registration no."
2026-01-21 23:10:16,Market Intelligence,Google Custom Search,N/A,Shriram Finance's Major Milestone: MUFG's 20% Stake & Potential ...,https://x.com/_Investor_Feed_/status/2013970750655639935/photo/2,x.com,N/A,"4 hours ago - Fitch Ratings places Shriram Finance's Long-Term IDRs ('BB+') and Short-Term IDR ('B') on Rating Watch Positive (RWP). - MUFG Bank, Ltd. to acquire a 20%"
2026-01-21 23:10:16,Market Intelligence,Google Custom Search,N/A,"Banking Finance - News, Articles, Statistics, Banking Exams ...",https://www.bankingfinance.in/,bankingfinance.in,N/A,"3 hours ago bankingfinance.in covers latest banking news, banking articles, finance news, finance articles, Nationalised banks, cooperative banks, Reserve Bank of India"
2026-01-21 23:10:16,Market Intelligence,Google Custom Search,N/A,"Shriram Finance Fitch Upgrades Ratings, Cites MUFG Stake ...",https://www.investywise.com/shriram-finance-ratings-upgrade-on-watch-positive/,investywise.com,N/A,"4 hours ago InvestyWise News. onJanuary 21, 2026 Fitch notes that the ratings could be downgraded if the operating environment weakens materially, if asset quality"
2026-01-21 23:10:16,Market Intelligence,Google Custom Search,N/A,ICICI Bank Ltd (ICICIBANK) Stock Price & News - Google Finance,https://www.google.com/finance/quote/ICICIBANK:NSE,google.com,N/A,"7 hours ago Seeking Alpha. ICICI Bank Stock: Good Asset Quality, But Earnings Disappointed (NYSE:IBN) Shriram Finance Ltd. ₹995.05. 0.76%. add_circle_outline. TECHM."
2026-01-21 23:10:16,Market Intelligence,Google Custom Search,N/A,Bank of India Reports Strong Q3FY26 Results with 7.47% Net Profit ...,https://scanx.trade/stock-market-news/earnings/bank-of-india-reports-strong-q3fy26-results-with-7-47-net-profit-growth/30540567,scanx.trade,N/A,6 hours ago The bank achieved significant milestones in both profitability and asset quality metrics during the quarter. Financial Performance Highlights. The bank's
2026-01-21 23:10:16,Market Intelligence,Google Custom Search,N/A,HDFC Bank Ltd. Share Price Today: Live updates,https://zerodha.com/markets/stocks/NSE/HDFCBANK/,zerodha.com,N/A,"7 hours ago Street View: Stable asset quality, healthy loan growth gives HDFC Bank an edge Shriram Finance is one of India's biggest retail non-banking financial"
2026-01-21 23:10:16,Market Intelligence,Google Custom Search,N/A,"Q3 Results Highlights: AU SFB's Asset Quality Improved, United ...",https://www.ndtvprofit.com/markets/q3-results-today-live-updates-canara-robeco-amc-au-sfb-itc-hotels-earnings-share-price-liveblog-10790303,ndtvprofit.com,N/A,"24 hours ago Important names on the list were Canara Robeco Asset Management Company, AU Small Finance Bank, ITC Hotels, Gujarat Gas, and Persistent Systems. With that, the"
2026-01-21 23:10:16,Market Intelligence,Google Custom Search,N/A,"Shriram Finance Key Financial Ratios, Shriram Finance Financial ...",https://www.moneycontrol.com/financials/shriramfinance/ratiosVI/stf,moneycontrol.com,N/A,"23 hours ago Financials ; Asset Turnover Ratio (%), 0.16, 0.16, 0.17, 0.14 ; Liquidity Ratios ; Current Ratio (X), 2.31, 2.44, 2.62, 2.92"
2026-01-21 23:10:16,Market Intelligence,Google Custom Search,N/A,Securities Finance Times: Securities finance news and commentary,https://www.securitiesfinancetimes.com/,securitiesfinancetimes.com,N/A,15 hours ago Repo · Shriram AMC launches Shriram Money Market Fund. 20 January 2026 India Reporter: Hansa Tote The fund will invest in a diversified portfolio of money
2026-01-21 23:10:16,Market Intelligence,Google Custom Search,N/A,DCM Shriram Limited: Ratings reaffirmed,https://www.icra.in/Rating/RatingDetails?CompanyId=12012&CompanyName=DCM%20Shriram%20Limited,icra.in,N/A,3 hours ago Instrument Ratings. Term Loans [ICRA]AA+ (Stable); Non-Fund Based Limits [ICRA]A1+; Fund-based-Cash Credit [ICRA]AA+ (Stable); Commercial Paper [ICRA]A1+
2026-01-21 23:10:16,Market Intelligence,Google Custom Search,N/A,Cholamandalam Investment and Finance Company Limited: Ratings ...,https://www.icra.in/Rating/RatingDetails?CompanyId=12224&CompanyName=Cholamandalam%20Investment%20and%20Finance%20Company%20Limited,icra.in,N/A,6 hours ago Instrument Ratings. Non-Convertible Debentures [ICRA]AA+ (Positive); Subordinated Debentures [ICRA]AA+ (Positive); Fund based Facilities from Banks
2026-01-21 23:10:16,Market Intelligence,Google Custom Search,N/A,"Chola Securities: Online Share Trading, Demat Account & IPO",https://www.cholasecurities.com/,cholasecurities.com,N/A,"3 hours ago Explore online trading, IPO investing, and maintaining a demat account with Chola Securities. Start your online share trading journey today!"
2026-01-21 23:10:16,Market Intelligence,Google Custom Search,N/A,ICRA An Affiliate of Moody's,https://www.icra.in/,icra.in,N/A,"3 hours ago ICRA rates debt instruments issued by corporate entities, commercial banks, non-banking finance companies, financial institutions, public sector"
2026-01-21 23:10:16,Market Intelligence,Google Custom Search,N/A,Chola Inv Finance - Cholamandalam Investment & Finance ...,https://economictimes.indiatimes.com/cholamandalam-investment-finance-company-ltd/stocks/companyid-12159.cms,economictimes.indiatimes.com,N/A,"16 hours ago Chola Inv Finance Share Price Today - Get live NSE/BSE quotes of Chola Inv Finance with latest news, headlines and quick analysis."
2026-01-21 23:10:16,Market Intelligence,Google Custom Search,N/A,Cholamandalam Investment and Finance Company Ltd Share Price ...,https://www.livemint.com/market/market-stats/stocks-cholamandalam-investment-and-finance-company-ltd-share-price-nse-bse-s0003157,livemint.com,N/A,3 hours ago Loan against property segment provides loans to customers against immovable property. The Home Loans segment includes loans given for acquisition/construction
2026-01-21 23:10:16,Market Intelligence,Google Custom Search,N/A,Cholamandalam Investment & Finance Company Ltd Hits Intra...,https://www.marketsmojo.com/news/stocks-in-action/cholamandalam-investment-finance-company-ltd-hits-intraday-low-amid-price-pressure-3796763,marketsmojo.com,N/A,8 hours ago “Investment in securities market are subject to market risks. Read all the related documents carefully before investing.” Copyright © 2026 Markets Mojo.
2026-01-21 23:10:16,Market Intelligence,Google Custom Search,N/A,Cholamandalam Financial Holdings Ltd Share Price Today ...,https://www.business-standard.com/markets/cholamandalam-financial-holdings-ltd-share-price-573.html,business-standard.com,N/A,"23 hours ago The Company offers a diverse range of financial products and risk Cholamandalam Financial Holdings Ltd News. Buy Cholamandalam Investment, SBI Life, HAL, says"
2026-01-21 23:10:16,Market Intelligence,Google Custom Search,N/A,A Proper Bear Market: Quality Stocks Are Falling Too,https://x.com/Akash17971/status/2013880948589555915,x.com,N/A,10 hours ago Cholamandalam Investment Why I'm Tracking These Stocks Now Market Invest in smaller companies with high risk–high reward profile. Bandhan Small
2026-01-21 23:10:16,Market Intelligence,Google Custom Search,N/A,JIOFIN Share Price: Jio Financial Services Live,https://www.tickertape.in/stocks/jio-financial-services-JIO,tickertape.in,N/A,"7 hours ago JIOFIN stock price live today with intraday chart, market cap, 52-week range, earnings, dividends and latest market news & research updates."
2026-01-21 23:10:16,Market Intelligence,Google Custom Search,N/A,SBFC Finance Limited (SBFC.NS) Company Profile & Facts - Yahoo ...,https://ca.finance.yahoo.com/quote/SBFC.NS/profile/,ca.finance.yahoo.com,N/A,"7 hours ago A decile score of 1 indicates lower governance risk, while a 10 indicates higher governance risk. CHOLAFIN.NS Cholamandalam Investment and Finance Company"
2026-01-21 23:10:16,Market Intelligence,Google Custom Search,N/A,ICRA An Affiliate of Moody's,https://www.icra.in/,icra.in,N/A,"3 hours ago ICRA rates debt instruments issued by corporate entities, commercial banks, non-banking finance companies, financial institutions, public sector"
2026-01-21 23:10:16,Market Intelligence,Google Custom Search,N/A,Tender | Latest Tender Update | Canara Bank,https://www.canarabank.bank.in/tenders,canarabank.bank.in,N/A,"4 hours ago Ref No. Tender Date, Issued By, Last Date, Document, Amendment/Pre-Bid Response. Notice inviting tender for Furnishing, Electrical & Data works in Dehra Branch"
2026-01-21 23:10:16,Market Intelligence,Google Custom Search,N/A,ICRA Rating,https://www.icra.in/Rating,icra.in,N/A,"6 hours ago ICRA rates rupee-denominated debt instruments issued by manufacturing companies, commercial banks, non-banking finance companies, financial institutions, public"
2026-01-21 23:10:16,Market Intelligence,Google Custom Search,N/A,Online Share Trading & Best Trading Platform in India - Moneysukh,https://www.moneysukh.com/market/stocks,moneysukh.com,N/A,5 hours ago Mansukh Securities & Finance ltd( Mansukh Group) does not send any unsolicited SMS. Investors are cautioned against such unauthorized SMSes/Emails from unknown
2026-01-21 23:10:16,Market Intelligence,Google Custom Search,N/A,"Tech Mahindra, Wipro: NIFTY IT index outperforms in last one month ...",https://upstox.com/news/market-news/stocks/tech-mahindra-wipro-nifty-it-index-outperforms-in-last-one-month-here-are-key-reasons-behind-the-rally-in-shares/article-185149/,upstox.com,N/A,"18 hours ago “You don't have certain talents, and people have to learn,” Trump said in a Fox News interview, signalling a shift from earlier hardline immigration stances."
2026-01-21 23:10:16,Market Intelligence,Google Custom Search,N/A,Flexible Loan Offers in Narnaul up to 10 Lakh – Justdial,https://www.justdial.com/Narnaul/Loans/nct-10302885,justdial.com,N/A,"2 hours ago Mahindra Financial Services Limited Opposite Subhash Park Nuni Awal, Narnaul Rural, Narnaul - 123001 (Opposite D.C.Residence), Rewari Road, Narnaul Road"
2026-01-21 23:10:16,Market Intelligence,Google Custom Search,N/A,Himanshu: Read stories by Himanshu on Mint.,https://www.livemint.com/authors/himanshu,livemint.com,N/A,8 hours ago FinanceCoal IndiaApollo Hospitals EnterpriseTech MahindraEternal. Home; Latest News; Markets; News; Premium; Companies; Money; Budget 2026; Chennai Gold Rate
2026-01-21 23:10:16,Market Intelligence,Google Custom Search,N/A,Regional Rural Banks in Sitamarhi - Gramin Banks near me - Justdial,https://www.justdial.com/Sitamarhi/Regional-Rural-Banks/nct-11190581,justdial.com,N/A,13 hours ago Uttar Bihar Gramin Bank. 4.523 Ratings ; Rewasi Maksuspur Bazar. 4.1137 Ratings ; State Bank Of India. 4.293 Ratings ; HDFC Bank. 3.975 Ratings ; ICICI Bank. 3.483
2026-01-21 23:10:16,Market Intelligence,Google Custom Search,N/A,The Economic Times B2B: Latest Business News,https://b2b.economictimes.indiatimes.com/,b2b.economictimes.indiatimes.com,N/A,12 hours ago Find the latest Business News & Articles from all top sources for the Indian Finance industry on Economictimes B2B.
2026-01-21 23:10:16,Market Intelligence,Google Custom Search,N/A,eProcurement System Government of Tamil Nadu,https://tntenders.gov.in/nicgep/app?component=%24DirectLink&page=FrontEndTendersByOrganisation&service=direct&sp=S0g8N%2FzBGK2IUXzIfka6LnQ%3D%3D,tntenders.gov.in,N/A,"10 hours ago S.No, e-Published Date, Closing Date, Opening Date, Title and Ref.No./Tender ID, Organisation Chain. 1, 21-Jan-2026 01:00 PM, 04-Feb-2026 02:00 PM"
2026-01-21 23:10:16,Market Intelligence,Google Custom Search,N/A,Muthoot Finance Hits New High on 87% Q2 Profit Jump | Market ...,https://www.multibagg.ai/market-pulse/articles/muthoot-finance-stock-new-high-cmknofaej9lqfqd0jul1beyi0,multibagg.ai,N/A,"8 hours ago Muthoot Finance shares reached a new high following an 87% year-on-year jump in Q2 FY26 net profit, driven by robust gold loan growth."
2026-01-21 23:10:16,Market Intelligence,Google Custom Search,N/A,"Muthoot Finance, Manappuram shares surge up to 8%; here's why ...",https://upstox.com/news/market-news/stocks/muthoot-finance-shares-surge-after-finance-ministry-suggests-easier-gold-loan-norms-for-small-borrowers/article-170847/,upstox.com,N/A,8 hours ago The Finance Ministry on Friday said it has examined the draft guidelines on gold loan by the Reserve Bank and suggested exclusion of small borrowers of up
2026-01-21 23:10:16,Market Intelligence,Google Custom Search,N/A,Muthoot Finance zooms 50% in 5 months; why gold financier hit new ...,https://www.business-standard.com/markets/news/muthoot-finance-zooms-50-in-5-months-why-gold-financier-hit-new-high-126012100237_1.html,business-standard.com,N/A,"13 hours ago The non-banking financial company (NBFC), which is a leading player in the loan-against-gold market, reported consolidated profit of ₹4,386 crore for the first"
2026-01-21 23:10:16,Market Intelligence,Google Custom Search,N/A,"Gold Loan Services in and near Mira Bhayandar, Mira Bhayandar ...",https://branches.muthootfinance.com/gold-loan-agency-in-mira-bhayandar-mira-bhayandar-11527126/home,branches.muthootfinance.com,N/A,"10 hours ago Get instant cash with a low-interest gold loan in Mira Bhayandar, Mira Bhayandar from Muthoot Finance your trusted NBFC. Explore personal loans, home loans"
2026-01-21 23:10:16,Market Intelligence,Google Custom Search,N/A,"Muthoot Finance shares up 3% as loan AUM hits historic high, Q4 ...",https://upstox.com/news/market-news/earnings/muthoot-finance-shares-up-3percent-as-loan-aum-hits-historic-high/article-91533/,upstox.com,N/A,"14 hours ago The company's loan disbursement for FY24 stood at ₹815 crore as against ₹223 crore in FY23, recording an increase of 265% YoY. Belstar Microfinance (BML), a"
2026-01-21 23:10:16,Market Intelligence,Google Custom Search,N/A,"Muthoot Fincorp Gold Loan Services in MS Road, Morena, Madhya ...",https://branches.muthootfincorp.com/muthoot-fincorp-gold-loan-ms-road-loan-agency-ms-road-morena-117207/Home,branches.muthootfincorp.com,N/A,"10 hours ago Muthoot Fincorp Gold Loan in MS Road, Morena, offers quick cash against gold with competitive rates. Explore additional financial services, including small"
2026-01-21 23:10:16,Market Intelligence,Google Custom Search,N/A,Gold Loan eligibility calculator | Bank of Baroda,https://bankofbaroda.bank.in/calculators/gold-loan-calculator,bankofbaroda.bank.in,N/A,"4 hours ago Use our Gold Loan Calculator online to check your eligibility, calculate EMI & interest rates. Get instant results with our gold loan calculator for your"
2026-01-21 23:10:16,Market Intelligence,Google Custom Search,N/A,"Muthoot Fincorp Gold Loan Services in Tollygunge, Kolkata, West ...",https://branches.muthootfincorp.com/muthoot-fincorp-gold-loan-tollygunge-loan-agency-tollygunge-kolkata-114400/Home,branches.muthootfincorp.com,N/A,"19 hours ago Muthoot Fincorp Gold Loan in Tollygunge, Kolkata, offers quick cash against gold with competitive rates. Explore additional financial services,"
2026-01-21 23:10:16,Market Intelligence,Google Custom Search,N/A,Budget 2026 Expectations highlights: What India Inc expects from ...,https://m.economictimes.com/news/newsblogs/budget-2026-expectations-live-updates-date-february-1-time-union-budget-nirmala-sitharaman-announcements-income-tax-relief-defence-education-fmcg-manufacturing-economic-growth-ev-ai-oil-gas-real-estate-hotel-banks-19-january-latest-news/liveblog/126666689.cms,m.economictimes.com,N/A,"16 hours ago Union Budget 2026: Seen balancing credit growth with loan quality, RBI caution in focus Union Budget 2026 News Live: Muthoot Finance seeks PSL status for gold"
2026-01-21 23:10:16,Market Intelligence,Google Custom Search,N/A,"Muthoot Fincorp Gold Loan Services in Mandideep, Bhopal, Madhya ...",https://branches.muthootfincorp.com/muthoot-fincorp-gold-loan-mandideep-loan-agency-mandideep-bhopal-114936/Home,branches.muthootfincorp.com,N/A,"10 hours ago Muthoot Fincorp Gold Loan in Mandideep, Bhopal, offers quick cash against gold with competitive rates. Explore additional financial services,"
2026-01-21 23:10:16,Market Intelligence,Google Custom Search,N/A,Manappuram Finance Ltd - Share/Stock Price,https://www.moneycontrol.com/india/stockpricequote/finance-leasinghire-purchase/manappuramfinance/MGF01,moneycontrol.com,N/A,10 hours ago Manappuram Fin Share Price: Find the latest news on Manappuram Fin Stock Price. Get all the information on Manappuram Fin with historic price charts for NSE
2026-01-21 23:10:16,Market Intelligence,Google Custom Search,N/A,List of Underlyings and Information - NSE India,https://www.nseindia.com/products-services/equity-derivatives-list-underlyings-information,nseindia.com,N/A,"20 hours ago Sr. No. UNDERLYING, SYMBOL. 1, Nifty 50 · NIFTY. 2, Nifty BANK · BANKNIFTY. 3, Nifty FINANCIAL SERVICES · FINNIFTY. 4, Nifty MIDCAP SELECT · MIDCPNIFTY."
2026-01-21 23:10:16,Market Intelligence,Google Custom Search,N/A,Latest Rating Rationales,https://www.crisilratings.com/en/home/our-business/ratings/rating-rationale.html,crisilratings.com,N/A,4 hours ago Recent developments & scenarios; Performance update; Key credit factors; Commentary on various factors concerning the company; Business risk profile; Financial
2026-01-21 23:10:16,Market Intelligence,Google Custom Search,N/A,idfcfirstb,https://www.nseindia.com/get-quotes/equity?symbol=IDFCFIRSTB,nseindia.com,N/A,18 hours ago Note : Prices on the graph are historically not adjusted for corporate actions. Dashboard. More
2026-01-21 23:10:16,Market Intelligence,Google Custom Search,N/A,MANAPPURAM Share price NSE | Manappuram Finance Ltd Stock ...,https://www.samco.in/stocks/manappuram-finance-limited-share-price,samco.in,N/A,6 hours ago Its total combined turnover was Rs 197.06 crores. Manappuram Finance Ltd Medium and Long Term Market Action.
2026-01-21 23:10:16,Market Intelligence,Google Custom Search,N/A,Current Affairs for 21 January 2026,https://www.sanskritiias.com/current-affairs/date/21-January-2026,sanskritiias.com,N/A,"6 hours ago ECOSOC stands at the intersection of: Development finance,; Humanitarian response,; Social policy,; Environmental sustainability, and; Human"
2026-01-21 23:10:16,Market Intelligence,Google Custom Search,N/A,"Manappuram Finance (NSEI:MANAPPURAM) Stock Valuation, Peer ...",https://simplywall.st/stocks/in/diversified-financials/nse-manappuram/manappuram-finance-shares/valuation,simplywall.st,N/A,10 hours ago Research Manappuram Finance's (NSEI:MANAPPURAM) stock key valuation metrics while comparing it with its industry peers & market side by side.
2026-01-21 23:10:16,Market Intelligence,Google Custom Search,N/A,Manappuram Finance Ltd is Rated Hold,https://www.marketsmojo.com/news/stock-recommendation/manappuram-finance-ltd-is-rated-hold-3795976,marketsmojo.com,N/A,13 hours ago Finance faces sector-specific challenges such as credit risk management and regulatory scrutiny. The stock's performance relative to the broader market
2026-01-21 23:10:16,Market Intelligence,Google Custom Search,N/A,"Chambal Fertilisers, Manappuram on F&O ban list for Feb 24; check ...",https://upstox.com/news/market-news/stocks/chambal-fertilisers-manappuram-on-f-and-o-ban-list-for-feb-24-check-full-details/article-147826/,upstox.com,N/A,17 hours ago The stocks included in the list are Chambal Fertilisers and Chemicals and Manappuram Finance. The ban will be lifted once the position falls below 80%.
2026-01-21 23:10:16,Market Intelligence,Google Custom Search,N/A,MANAPPURAM Share Price | Manappuram Finance Ltd Stock ...,https://www.marketsmojo.com/stocks-analysis/manappuram-fin-343801-0,marketsmojo.com,N/A,2 hours ago 74 (5) of SEBI (DP) Regulations 2018. 02-Jan-2026 | Source : BSE. Please find the attached. View All Announcements stock-summary. Corporate Actions.
2026-01-21 23:10:16,Market Intelligence,Google Custom Search,N/A,Invest in IPO Online | Apply for Current IPOs | HDFC Securities,https://www.hdfcsec.com/offering/ipo-product,hdfcsec.com,N/A,11 hours ago Get automatic refunds to your bank account in case of no IPO allotment. ASBA facilitates only fund blocking. MULTIPLE MODES TO APPLY. Apply for IPO shares
2026-01-21 23:10:16,Market Intelligence,Google Custom Search,N/A,HDB Financial Services Share Price,https://economictimes.indiatimes.com/hdb-financial-services-ltd/stocks/companyid-28788.cms,economictimes.indiatimes.com,N/A,"9 hours ago HDB Financial Servic Share Price Today - Get live NSE/BSE quotes of HDB Financial Servic with latest news, headlines and quick analysis."
2026-01-21 23:10:16,Market Intelligence,Google Custom Search,N/A,NSE - National Stock Exchange of India Ltd: Live Share/Stock ...,https://www.nseindia.com/,nseindia.com,N/A,"7 hours ago NSE India (National Stock Exchange of India Ltd) – LIVE Share/Stock Market Updates Today. Get all latest share market news, live charts, analysis, ipo,"
2026-01-21 23:10:16,Market Intelligence,Google Custom Search,N/A,"Shadowfax IPO GMP, Price, Date, Allotment and Subscription Status",https://cleartax.in/s/shadowfax-technologies-ipo-gmp,cleartax.in,N/A,"4 hours ago What is Shadowfax IPO? · Issue Size: ₹1,907.27 crore · Listing Exchanges: BSE and NSE · Lead Managers: ICICI Securities Limited, JM Financial Ltd., Morgan Stanley"
2026-01-21 23:10:16,Market Intelligence,Google Custom Search,N/A,HDB Financial Services Ltd. Share/Stock Price Live Today on NSE,https://www.etmoney.com/stocks/hdb-financial-services-ltd/5085,etmoney.com,N/A,"9 hours ago HDBFS Stocks Price - Know every detail about HDB Financial Services Ltd. performance, financials, technical, shareholding, risk ratios & corporate actions."
2026-01-21 23:10:16,Market Intelligence,Google Custom Search,N/A,UnlistedZone,https://unlistedzone.com/shares,unlistedzone.com,N/A,5 hours ago You can easily find unlisted shares price list in India that are available for trading. Buy and sell unlisted shares at best prices with us.
2026-01-21 23:10:16,Market Intelligence,Google Custom Search,N/A,Jio Financial Services Ltd: Share Price Today - Live Updates ...,https://www.motilaloswal.com/share-market/jio-financial-services-ltd,motilaloswal.com,N/A,"7 hours ago Motilal Oswal Financial Services Ltd. is a distributor of Mutual Funds, PMS, Fixed Deposit, Bond, NCDs, Insurance Products, Investment advisor and IPOs.etc. *"
2026-01-21 23:10:16,Market Intelligence,Google Custom Search,N/A,Motilal Oswal Financial Services - Midcap Meltdown: 14 stocks ...,https://m.economictimes.com/markets/stocks/news/midcap-meltdown-14-stocks-crash-up-to-50-in-just-3-months-is-your-portfolio-at-risk/motilal-oswal-financial-services/slideshow/126955761.cms,m.economictimes.com,N/A,"8 hours ago Midcap Meltdown: 14 stocks crash up to 50% in just 3 months. Is your portfolio at risk? By Ritesh Presswala, ETMarkets.com | Jan 21, 2026, 01:51:18 PM"
2026-01-21 23:10:16,Market Intelligence,Google Custom Search,N/A,Kotak CRISIL IBX AAA Financial Services Index Sep 2027 Fund ...,https://groww.in/mutual-funds/kotak-crisil-ibx-aaa-financial-services-index-sep-2027-fund-direct-growth,groww.in,N/A,22 hours ago Kotak CRISIL IBX AAA Financial Services Index Sep 2027 Fund Direct Growth. Low to Moderate Risk. Debt. Target Maturity. +0.03%
2026-01-21 23:10:16,Market Intelligence,Google Custom Search,N/A,Latest Financial News from HDFC Sky,https://hdfcsky.com/news,hdfcsky.com,N/A,"4 hours ago Get the latest updates with HDFC Sky. Stay informed with breaking news on finance, markets, and investments."
2026-01-21 23:10:16,Market Intelligence,Google Custom Search,N/A,Tata Capital Limited,https://www.icra.in/Rating/RatingDetails?CompanyId=23666&CompanyName=Tata%20Capital%20Limited,icra.in,N/A,9 hours ago Instrument Ratings. Commercial Paper [ICRA]A1+; Non-Convertible Debenture [ICRA]AAA (Stable); Long-term/Short-term – Fund based/Non-fund based [ICRA]AAA
2026-01-21 23:10:16,Market Intelligence,Google Custom Search,N/A,TATACAP Share Price: Tata Capital Live,https://www.tickertape.in/stocks/tata-capital-TATAC,tickertape.in,N/A,"8 hours ago TATACAP stock price live today with intraday chart, market cap, 52-week range, earnings, dividends and latest market news & research updates."
2026-01-21 23:10:16,Market Intelligence,Google Custom Search,N/A,Standard Capital Markets Ltd share price | About Std. Capital Mkt ...,https://www.screener.in/company/511700/consolidated/,screener.in,N/A,"6 hours ago Business Overview: SCML is registered as a Non-Systemically Important Non-Accepting Public Deposit, Non-Banking Finance Company. It has a network of 4+lacs"
2026-01-21 23:10:16,Market Intelligence,Google Custom Search,N/A,Tata Capital News - The Economic Times - The Economic Times,https://economictimes.indiatimes.com/tata-capital-ltd/stocksupdate/companyid-23856.cms,economictimes.indiatimes.com,N/A,"2 hours ago financial performance. Reg. 32 (1), (3) - Statement Of Deviation & Variation | Announcement19 Jan,2026, 05:01PM IST. Tata Capital Limited has informed the"
2026-01-21 23:10:16,Market Intelligence,Google Custom Search,N/A,Tata Capital Share Price,https://www.business-standard.com/markets/tata-capital-ltd-share-price-29113.html,business-standard.com,N/A,"2 hours ago What's Tata Capital Ltd share price today. Get Tata Capital Ltd latest news on BSE/NSE stock price live updates, Tata Capital Ltd financial results and"
2026-01-21 23:10:16,Market Intelligence,Google Custom Search,N/A,"TATA CAPITAL LTD. Stock/Share price , NSE/BSE Forecast News ...",https://www.equitymaster.com/share-price/TATACA/TATACAP-544574/TATA-CAPITAL-LTD-Share-Price,equitymaster.com,N/A,"6 hours ago Get the latest TATA CAPITAL LTD. stock price updates: TATA CAPITAL LTD. live share price, financial results, financial report & balance sheet, and price"
2026-01-21 23:10:16,Market Intelligence,Google Custom Search,N/A,Tata Capital - Competitors/Peers Analysis,https://trendlyne.com/fundamentals/peer-group/3279131/TATACAP/tata-capital-ltd/,trendlyne.com,N/A,8 hours ago Tata Capital competitor comparison and performance snapshot within industry.
2026-01-21 23:10:16,Market Intelligence,Google Custom Search,N/A,Tata Companies' Stock Data | Tata group,https://www.tata.com/investors/stock-data,tata.com,N/A,"14 hours ago Use the search box to locate a company by name, NSE symbol or BSE code. Use the 'expand' button to view more information. To access investor pages, click on the"
2026-01-21 23:10:16,Market Intelligence,Google Custom Search,N/A,Tata Capital Board Meetings,https://www.livemint.com/tata-capital/board-meetings/companyid-s0006565,livemint.com,N/A,"3 hours ago Meeting Date, Purpose, Description. 18-Jan-26, Quarterly Results, -. 27-Oct-25, Quarterly Results, -. Related News · Stocks to watch: ITC Hotels,"
2026-01-21 23:10:16,Market Intelligence,Google Custom Search,N/A,"IPO - Latest IPO, Upcoming IPO, Recent IPO News, IPO Issue Price ...",https://www.nseindia.com/market-data/all-upcoming-issues-ipo,nseindia.com,N/A,"19 hours ago Initial Public Offering (IPO) - Get latest information about news on recent & upcoming IPOs, Recent IPO News, New IPO News, IPO News Today, IPO News,"
2026-01-21 23:10:16,Market Intelligence,Google Custom Search,N/A,Nifty 500 Stocks List | List of NSE 500 Companies 2026,https://www.moneyworks4me.com/best-index/nse-stocks/top-nse500-companies-list,moneyworks4me.com,N/A,"13 hours ago Diversification across Market Cap – By investing in NSE 500 Index you diversify you portfolio across large, mid and small cap stocks."
2026-01-21 23:10:16,Market Intelligence,Google Custom Search,N/A,"Finance Companies in Trichy - Loans, Investments & Credit Services",https://www.justdial.com/Trichy/Finance-Companies/nct-10206580/page-7,justdial.com,N/A,14 hours ago They not only provide credit but also help individuals grow their wealth through smart investment options. Diverse Loan Portfolio: These firms offer various
2026-01-21 23:10:16,Market Intelligence,Google Custom Search,N/A,"Bandhan Bank : Latest News Headlines, Videos and Photo Galleries ...",https://www.business-standard.com/topic/bandhan-bank,business-standard.com,N/A,16 hours ago Post tax profit of private lender Bandhan Bank has decreased to Rs 112 crore during the second quarter of the current financial as compared to Rs 937 crore in
2026-01-21 23:10:16,Market Intelligence,Google Custom Search,N/A,"Npa Management Salaries 2026 in India, Average salary ₹17 lakhs",https://6figr.com/in/salary/npa-management--s,6figr.com,N/A,"14 hours ago Employees who know Npa Management earn an average of ₹17.3lakhs, mostly ranging from ₹14.1lakhs to ₹35.5lakhs based on 27 profiles."
2026-01-21 23:10:16,Market Intelligence,Google Custom Search,N/A,"The Economic Times: Business News Live, Share Market News ...",https://m.economictimes.com/,m.economictimes.com,N/A,"8 hours ago Business news today: Read India Business News Live. Latest Business news and updates on Finance, share market, IPO, and economy. Discover Business News"
2026-01-21 23:10:16,Market Intelligence,Google Custom Search,N/A,Retail India News: Shoppers Stop Q3 Profit Drops as Premium ...,https://www.indianretailer.com/news/retail-india-news-shoppers-stop-q3-profit-drops-premium-portfolio-strengthens,indianretailer.com,N/A,"10 hours ago The Beauty Distribution vertical grew 58 percent year-on-year as the company expanded its global brand portfolio. During the quarter, eight Estée Lauder Brands"
2026-01-21 23:10:16,Market Intelligence,Google Custom Search,N/A,"The Baseline, Latest on stock market and finance in ... - Trendlyne Blog",https://trendlyne.com/pages/4481/THEBASELINE/the-baseline/,trendlyne.com,N/A,"6 hours ago IDFC First Bank was formed in 2018 through the merger of IDFC and Capital First. Since then, the bank has steadily shifted its focus towards retail lending,"
2026-01-21 23:10:16,Market Intelligence,Google Custom Search,N/A,Retail India News: Kenvue Rebrands Electrolyte Portfolio With ...,https://www.indianretailer.com/news/retail-india-news-kenvue-rebrands-electrolyte-portfolio-orsl-and-erzl-lines,indianretailer.com,N/A,7 hours ago MARS Cosmetics has set a target of operating 60 EBOs nationwide by the end of the current financial year. The target reflects the company's expectations that
2026-01-21 23:10:16,Market Intelligence,Google Custom Search,N/A,"Kshipra Petkar : Latest News, Exclusive News Stories, Current ...",https://www.financialexpress.com/author/kshipra-petkar/,financialexpress.com,N/A,"16 hours ago Lenders seek structural fixes to deposit stress, MSME credit gaps from Union Budget Execution Over Excess: L&T Finance bets on disciplined retail growth. LT"
2026-01-21 23:10:16,Market Intelligence,Google Custom Search,N/A,"FlipItMoney: Get real-time Finance, Business & Capital Market News ...",https://flipit.money/,flipit.money,N/A,"3 hours ago A platform for financial literacy focused on delivering real time news in just 50 words. Stay informed with FlipItMoney—smart, quick updates for smarter"
2026-01-21 23:10:16,Market Intelligence,Google Custom Search,N/A,ABC of Money - Aditya Birla Capital,https://www.adityabirlacapital.com/abc-of-money,adityabirlacapital.com,N/A,"13 hours ago ABCL and its subsidiaries/JVs provides a comprehensive suite of financial solutions across Loans, Investments, Insurance, and Payments to serve the diverse"
2026-01-21 23:10:16,Market Intelligence,Google Custom Search,N/A,"What Is Quick Ratio? Meaning, Formula & How to Calculate",https://mutualfund.adityabirlacapital.com/blog/what-is-quick-ratio,mutualfund.adityabirlacapital.com,N/A,10 hours ago Sector-level insights by the IBBI working paper analysis further highlighted how risk can concentrate under certain operating structures. Aditya Birla Capital
2026-01-21 23:10:16,Market Intelligence,Google Custom Search,N/A,Equity Company-Snapshot - Aditya Birla Money,https://stocksandsecurities.adityabirlacapital.com/markets/company-snapshot/6263,stocksandsecurities.adityabirlacapital.com,N/A,"23 hours ago credit growth, fresh advances were onboarded with a low-risk profile. South Trade Logo ""Aditya Birla Capital"" displayed above is owned by ADITYA BIRLA"
2026-01-21 23:10:16,Market Intelligence,Google Custom Search,N/A,How Are SIP Returns Calculated? Formula & Examples Explained,https://mutualfund.adityabirlacapital.com/blog/how-sip-returns-are-calculated,mutualfund.adityabirlacapital.com,N/A,"10 hours ago SIPs do not remove market risk, but they encourage consistency and long-term investing discipline. Aditya Birla Capital Digital Limited. COMPANY. About Us"
2026-01-21 23:10:16,Market Intelligence,Google Custom Search,N/A,Equity Company-Snapshot - Aditya Birla Money,https://stocksandsecurities.adityabirlacapital.com/markets/company-snapshot/125,stocksandsecurities.adityabirlacapital.com,N/A,"7 hours ago CG Power spurts on bagging Rs 900-cr US data centre order ; SOURCES OF FUNDS : ; Share Capital, 305.78, 305.47 ; Reserves Total, 3,762.80, 2,939.97 ; Equity Share"
2026-01-21 23:10:16,Market Intelligence,Google Custom Search,N/A,Key Factors Impacting Mutual Fund NAV in India,https://mutualfund.adityabirlacapital.com/blog/factors-impacting-mutual-fund-nav,mutualfund.adityabirlacapital.com,N/A,"13 hours ago Factors such as portfolio composition, investment objective, and risk profile also play an important role. Aditya Birla Capital Digital Limited. COMPANY."
2026-01-21 23:10:16,Market Intelligence,Google Custom Search,N/A,Insurance - Best Insurance Plans Online in India | Axis Bank,https://www.axis.bank.in/insurance,axis.bank.in,N/A,"6 hours ago Insurance. Life can present unforeseen risks, including medical emergencies, accidents, natural calamities, or the loss of a loved one. Protect yours"
2026-01-21 23:10:16,Market Intelligence,Google Custom Search,N/A,Moneymax launches credit push as 95% of Filipinos “credit invisible ...,https://asianbankingandfinance.net/lending-credit/news/moneymax-launches-credit-push-95-filipinos-credit-invisible,asianbankingandfinance.net,N/A,"13 hours ago The initiative will feature structured guides, interactive online content, and a series of webinars delivered across Moneymax's digital platforms and partner"
2026-01-21 23:10:16,Market Intelligence,Google Custom Search,N/A,Systematic Investment Plan (SIP) - List of Mutual Funds | Axis Bank,https://www.axis.bank.in/payments/pay/mutual-fund-sip,axis.bank.in,N/A,"3 hours ago Related Products. Overdue Loans. If you have missed your EMI, you can now pay your dues"
2026-01-21 23:10:16,Market Intelligence,Google Custom Search,N/A,XTransfer targets $20t market with Alipay-style instant transfers ...,https://asianbankingandfinance.net/cards-payments/exclusive/xtransfer-targets-20t-market-alipay-style-instant-transfers,asianbankingandfinance.net,N/A,"20 hours ago “In some emerging markets where the banks may not serve us well, we will consider fintech partners as well,” Xiao said. XTransfer is also enhancing risk"
2026-01-21 23:10:16,Market Intelligence,Google Custom Search,N/A,RBI lifts curbs on Kotak Mahindra Bank; lender can issue fresh credit ...,https://www.taxtmi.com/news?id=33798,taxtmi.com,N/A,"4 hours ago The Reserve Bank of India (RBI) has lifted restrictions on Kotak Mahindra Bank, allowing it to onboard new customers via online and mobile channels and"
2026-01-21 23:10:16,Market Intelligence,Google Custom Search,N/A,India INX Markets,https://www.indiainx.com/markets/Circulars.aspx,indiainx.com,N/A,"10 hours ago Regulatory and Compliance, ALL. January 13,2026, 20260113-1, Revised Combined Futures & Options Position Limits for KOTAK MAHINDRA BANK LTD. Derivatives, Risk"
2026-01-21 23:10:16,Market Intelligence,Google Custom Search,N/A,Kotak Mahindra Bank - Treasury Compliance Advisory Role (2-8 yrs ...,https://www.ambitionbox.com/jobs/kotak-mahindra-bank-treasury-compliance-advisory-role-2-8-yrs-in-kotak-mahindra-bank-limited-iimjobs_1666966-jdp,ambitionbox.com,N/A,5 hours ago - Collaborating with other assurance functions like risk and internal audit for regulatory matters. - Carrying out select testing and monitoring of regulatory
2026-01-21 23:10:16,Market Intelligence,Google Custom Search,N/A,Corporate Filings Insider Trading - Equity - NSE India,https://www.nseindia.com/companies-listing/corporate-filings-insider-trading,nseindia.com,N/A,21 hours ago Kotak Mahindra Bank Anniversar thumb. 01 JAN 2026. E To E Transportation Infrastr thumb. 30 DEC 2025. Shyam Dhani Industries Limited View All. NSE
2026-01-21 23:10:16,Market Intelligence,Google Custom Search,N/A,"Ref. No.: AUSFB/SEC/2025-26/390 Date: January 20, 2026 To ...",https://bsmedia.business-standard.com/_media/bs/data/announcements/bse/20012026/eae3976d-d9d0-424d-8f78-6de325f76b80.pdf,bsmedia.business-standard.com,N/A,"8 hours ago Bank Limited pursuant to the Regulation 33 and. Regulation Prior to this, he was Co-Head of Treasury at Kotak Mahindra Bank and earlier headed Financial."
2026-01-21 23:10:16,Market Intelligence,Google Custom Search,N/A,Kotak Large & Midcap Fund,https://bullsmart.in/mutual-funds/kotak-equity-opportunities-fund-INF174K01187,bullsmart.in,N/A,"15 hours ago STATE BANK OF INDIA. Equity, 4.08%. Bharat Electronics Ltd. Equity, 3.72%. ETERNAL LIMITED, Equity, 3.23%. ICICI BANK LTD"
2026-01-21 23:10:16,Market Intelligence,Google Custom Search,N/A,Branch Manager Job at Kotak Mahindra Bank in Mumbai/Bombay ...,https://apna.co/job/mumbai/branch-manager-branch-banking-branch-banking-1960861210,apna.co,N/A,"8 hours ago Leadership Aptitude, Mentoring Ability and Excellent Organizational Skills. Familiarity with Banking Industry Rules & Regulations. Result Driven, Customer"
2026-01-21 23:10:16,Market Intelligence,Google Custom Search,N/A,Team Supervisor-Compliance-SUPPORT SERVICES-Compliance ...,https://www.foundit.in/job/team-supervisor-compliance-support-services-compliance-kotak-mahindra-bank-limited-mumbai-42866145,foundit.in,N/A,16 hours ago Posted 01:49:40 PM Kotak Mahindra Bank Limited is hiring an Team Supervisor regulatory inspections conducted by the Reserve Bank of India (RBI).
2026-01-21 23:10:16,Market Intelligence,Google Custom Search,N/A,Kotak Mahindra Bank taps Finastra for integrated corporate banking ...,https://www.fintechfutures.com/bankingtech/kotak-mahindra-bank-taps-finastra-for-integrated-corporate-banking-solution,fintechfutures.com,N/A,"6 hours ago The two firms have worked together, leveraging Finastra's Unified Corporate Portal solution, since October 2021."
2026-01-21 23:10:16,Market Intelligence,Google Custom Search,N/A,"Kotak Mahindra Bank, Vodafone, NATCO, Honasa Consumer ...",https://upstox.com/news/market-news/stocks/kotak-mahindra-bank-vodafone-natco-honasa-consumer-check-top-buzzing-stocks-of-the-day/article-145655/,upstox.com,N/A,23 hours ago Shares of Kotak Mahindra Bank has hit its 52-week high on Thursday as investors turn positive after Reserve Bank of India lifted restrictions on the bank's
2026-01-21 23:10:16,Market Intelligence,Google Custom Search,N/A,How an agri-loans discrepancy has hurt India's Top 3 private banks,https://www.moneycontrol.com/news/business/banks/how-an-agri-loans-discrepancy-has-hurt-india-s-top-3-private-banks-13784042.html/amp,moneycontrol.com,N/A,"5 hours ago Flaws were detected by the RBI on how Axis Bank, ICICI Bank and HDFC Bank treated their agriculture loans as priority sector loans in the annual supervision"
2026-01-21 23:10:16,Market Intelligence,Google Custom Search,N/A,HDFC Bank Ltd. Share Price Today: Live updates,https://zerodha.com/markets/stocks/NSE/HDFCBANK/,zerodha.com,N/A,"7 hours ago Check HDFC Bank Ltd. live share price on NSE. Access the latest financials, balance sheet,forecast and recent events."
2026-01-21 23:10:16,Market Intelligence,Google Custom Search,N/A,"HDFC Bank Earnings Call: Growth Strength, Margin Strain ...",https://www.tipranks.com/news/company-announcements/hdfc-bank-earnings-call-growth-strength-margin-strain,tipranks.com,N/A,18 hours ago They stressed that the amount is based on assumptions and that the recurring bank may need to further calibrate its agri portfolio over time. They
2026-01-21 23:10:16,Market Intelligence,Google Custom Search,N/A,PNB Tenders | View Latest Tender Notices – Punjab National Bank,https://pnb.bank.in/tender.aspx,pnb.bank.in,N/A,"9 hours ago Browse the latest tender notices from Punjab National Bank. Access procurement opportunities, bid details, submission deadlines, and vendor guidelines"
2026-01-21 23:10:16,Market Intelligence,Google Custom Search,N/A,A&M India,https://www.alvarezandmarsal.com/global-locations/india,alvarezandmarsal.com,N/A,"6 hours ago A&M is uniquely positioned to develop and implement solutions that lead corporates, banks, private equity clients and financial investors through economic"
2026-01-21 23:10:16,Market Intelligence,Google Custom Search,N/A,"India Budget 2026: Currency Volatility, Tariff Risks Emerge as Top ...",https://www.whalesbook.com/news/English/Economy/India-Budget-2026-Currency-Volatility-Tariff-Risks-Emerge-as-Top-Expert-Worries/69708309ad039ca929a9ed85,whalesbook.com,N/A,"10 hours ago This includes currency volatility, fluctuating capital flows, tariff risks, and potential inflation spillovers from global markets. Economists stress the need"
2026-01-21 23:10:16,Market Intelligence,Google Custom Search,N/A,"Federal Bank in Rewa, Rewa, Madhya Pradesh | Official Branches ...",https://locations.federal.bank.in/federal-bank-rewa-banks-rewa-rewa/home,locations.federal.bank.in,N/A,"19 hours ago The Bank offers a wide range of products and services to retail, small and medium enterprises (SMEs), agricultural and corporate customers through a variety of"
2026-01-21 23:10:16,Market Intelligence,Google Custom Search,N/A,Page 3117 - Markets News: Markets News | Latest Market News ...,https://www.business-standard.com/markets/news/page-3117,business-standard.com,N/A,"7 hours ago Portfolio · Subscribe · Sensex (-1.28 Rise in HDFC Bank's NPAs a transient pain. Agri stress pushes up gross NPAs to 1.24%, the highest in recent times."
2026-01-21 23:10:16,Market Intelligence,Google Custom Search,N/A,Emirates NBD Bank gets CCI's nod to acquire up to 74% stake in ...,https://www.moneyworks4me.com/company/news/index/id/795103,moneyworks4me.com,N/A,"7 hours ago banking, retail banking, agri and development banking and financial markets. HDFC Bank, 920.15. ICICI Bank, 1348.45. Axis Bank, 1284.35. Kotak Mahindra Bank"
2026-01-21 23:10:16,Market Intelligence,Google Custom Search,N/A,Information,https://www.swastika.co.in/blog-categories/information-2,swastika.co.in,N/A,"11 hours ago banks, with HDFC Bank and ICICI Bank once again in the spotlight. While both banks reported stable asset quality and healthy business growth, differences in"
2026-01-21 23:10:16,Market Intelligence,Google Custom Search,N/A,Gold Loan eligibility calculator | Bank of Baroda,https://bankofbaroda.bank.in/calculators/gold-loan-calculator,bankofbaroda.bank.in,N/A,"4 hours ago Use our Gold Loan Calculator online to check your eligibility, calculate EMI & interest rates. Get instant results with our gold loan calculator for your"
2026-01-21 23:10:16,Market Intelligence,Google Custom Search,N/A,Avail Interest Certificate & Account Statement Using iMobile | ICICI ...,https://www.icici.bank.in/nri-banking/videos/avail-your-interest-certficate-and-account-statement-using-imobile,icici.bank.in,N/A,6 hours ago Learn how to easily obtain your interest certificate and account statement via ICICI Bank's iMobile app. A quick guide for NRI customers to access important
2026-01-21 23:10:16,Market Intelligence,Google Custom Search,N/A,"Icici Bank: Latest News, Photos, Videos on Icici Bank - NDTV.COM",https://www.ndtv.com/topic/icici-bank,ndtv.com,N/A,4 hours ago Gujarat's Adjudicating Officer has delivered a judgment on a major cyber fraud case involving an Ahmedabad-based firm that lost more than Rs 1.19 crore due to
2026-01-21 23:10:16,Market Intelligence,Google Custom Search,N/A,T&C for Cardless Cash Withdrawal-Self - ICICI BANK,https://www.icici.bank.in/personal-banking/terms-conditions/tnc-cardless-cash-withdrawal-self,icici.bank.in,N/A,"6 hours ago ICICI Bank may, without prior notice, suspend the Facility at any time during which any maintenance work or repair is required to be carried out or in case of"
2026-01-21 23:10:16,Market Intelligence,Google Custom Search,N/A,Share Market News - Live Updates | ICICI Direct,https://www.icicidirect.com/share-market-today/news,icicidirect.com,N/A,14 hours ago Oberoi Realty has fixed 23 January 2026 as record date for payment of third interim dividend of Rs 2 per equity share for FY 2025-26. The dividend will be paid
2026-01-21 23:10:16,Market Intelligence,Google Custom Search,N/A,Apply for Business Loans For Doctors Online | Axis Bank,https://www.axis.bank.in/loans/business-loan/business-loans-for-doctors,axis.bank.in,N/A,9 hours ago Make sure to read the eligibility criteria before you apply for business loan. 2 years in current profession; Gross Receipt ₹5 Lakh and above; Self-employed
2026-01-21 23:10:16,Market Intelligence,Google Custom Search,N/A,Banking Finance News,https://indianexpress.com/section/business/banking-and-finance/,indianexpress.com,N/A,"8 hours ago Banking/ Finance News - Get the latest news on banking & finance, money, loans, insurance, lending rates, home loans, FD rates and many more bank related"
2026-01-21 23:10:16,Market Intelligence,Google Custom Search,N/A,Insurance - Best Insurance Plans Online in India | Axis Bank,https://www.axis.bank.in/insurance,axis.bank.in,N/A,"6 hours ago General Insurance. Safeguard your prized possessions - car, two-wheeler, home, and business - and enjoy hassle-free travel with our"
2026-01-21 23:10:16,Market Intelligence,Google Custom Search,N/A,"The Economic Times: Business News Live, Share Market News ...",https://m.economictimes.com/,m.economictimes.com,N/A,"8 hours ago Business news today: Read India Business News Live. Latest Business news and updates on Finance, share market, IPO, and economy. Discover Business News"
2026-01-21 23:10:16,Market Intelligence,Google Custom Search,N/A,Latest Retail Property & Asset Auction Notices for Buyers | Axis Bank,https://www.axis.bank.in/auction-notices-retail,axis.bank.in,N/A,"3 hours ago Find all the latest corporate auction announcements, property listings, and bidding schedules. Stay informed and invest smartly with Axis Bank."
2026-01-21 23:10:16,Market Intelligence,Google Custom Search,N/A,Insurance - Best Insurance Plans Online in India | Axis Bank,https://www.axis.bank.in/insurance,axis.bank.in,N/A,"3 hours ago Insurance. Life can present unforeseen risks, including medical emergencies, accidents, natural calamities, or the loss of a loved one. Protect yours"
2026-01-21 23:10:16,Market Intelligence,Google Custom Search,N/A,Axis Mutual Fund: Invest in Mutual Fund Online | Grow Your Wealth ...,https://www.axismf.com/,axismf.com,N/A,10 hours ago Axis Mutual Funds offers a wide range of investment options to meet your financial goals. Start investing in mutual funds online today!
2026-01-21 23:10:16,Market Intelligence,Google Custom Search,N/A,Business Loan Calculator - Business Loan EMI Calculator | Axis Bank,https://www.axis.bank.in/calculators/business-loan-calculator,axis.bank.in,N/A,"3 hours ago The use of any information set out is entirely at the User's own risk. Users should exercise due care and caution (including if necessary, obtaining advice from"
2026-01-21 23:10:16,Market Intelligence,Google Custom Search,N/A,Axis Bank Personal Loans in Hapur,https://www.justdial.com/Hapur/Personal-Loans-Axis-Bank/nct-10806936,justdial.com,N/A,"5 hours ago No Collateral Required: Being unsecured, these loans do not require any collateral, reducing the risk for the borrower. Flexible Repayment Tenure: Borrowers"
2026-01-21 23:10:16,Market Intelligence,Google Custom Search,N/A,Instant Loan on Credit Card Calculator | Axis Bank,https://www.axis.bank.in/calculators/instant-loan-on-credit-card-calculator,axis.bank.in,N/A,16 hours ago Effortlessly plan your financial journey with Axis Bank's Home Loan EMI Calculator. Know more. Personal Loan Eligibility Calculator. A personal loan eligibility
2026-01-21 23:10:16,Market Intelligence,Google Custom Search,N/A,Top Axis Bank Personal Loans in Narsinghpur - Best Axis Bank ...,https://www.justdial.com/Narsinghpur/Personal-Loans-Axis-Bank/nct-10806936,justdial.com,N/A,"9 hours ago No Collateral Required: Being unsecured, these loans do not require any collateral, reducing the risk for the borrower. Flexible Repayment Tenure: Borrowers"
2026-01-21 23:10:16,Market Intelligence,Google Custom Search,N/A,PNB Tenders | View Latest Tender Notices – Punjab National Bank,https://pnb.bank.in/tender.aspx,pnb.bank.in,N/A,"9 hours ago Browse the latest tender notices from Punjab National Bank. Access procurement opportunities, bid details, submission deadlines, and vendor guidelines"
2026-01-21 23:10:16,Market Intelligence,Google Custom Search,N/A,Ignosis - Enabling BFSI companies with financial data intelligence ...,https://ignosis.ai/,ignosis.ai,N/A,10 hours ago Account Aggregator · Multi AA TSP Modules · Analytics Engine · Intelligent Collections & Risk Management · Personal Finance Management (PFM) · Personalised
2026-01-21 23:10:16,Market Intelligence,Google Custom Search,N/A,Personal Loan Jobs In Chennai,https://www.naukri.com/personal-loan-jobs-in-chennai,naukri.com,N/A,"8 hours ago Digital Lending · Credit Risk · Cross Sell · Personal Loan · Credit Axis Bank rating-star 3.6. company-location Chennai, Tambaram. company"
2026-01-21 23:10:16,Market Intelligence,Google Custom Search,N/A,200+ Credit Manager Interview Questions & Answers (Updated ...,https://www.ambitionbox.com/profiles/credit-manager/interview-questions,ambitionbox.com,N/A,14 hours ago Q. What are the most important ratios to analyze the balance sheet and profit and loss statement of a borrower? · Q. A client wants a large loan to fund a long-
2026-01-21 23:10:16,Market Intelligence,Google Custom Search,N/A,"Sales Manager-Used 2 Wheeler Loan in Bhuj, Gujarat, India | Sales ...",https://careers.idfcfirstbank.com/in/en/job/P-202159/Sales-Manager-Used-2-Wheeler-Loan,careers.idfcfirstbank.com,N/A,12 hours ago Sales & Relationship Management- Retail Banking at IDFC FIRST Bank. quality targets. Collaborate with the Product Head – Two-Wheeler Loans to deliver
2026-01-21 23:10:16,Market Intelligence,Google Custom Search,N/A,IDFC First Bank Limited,https://www.icra.in/Rating/RatingDetails?CompanyId=24838&CompanyName=IDFC%20First%20Bank%20Limited,icra.in,N/A,"14 hours ago Asset-Backed Security, Auto Components, Automobile, Banking, Banking Credit Quality Trends, Critical Minerals, Cross-sectoral trends and outlook"
2026-01-21 23:10:16,Market Intelligence,Google Custom Search,N/A,IDFC First Bank Ltd. Technical Momentum Shifts to Mildly ...,https://www.marketsmojo.com/news/stocks-in-action/idfc-first-bank-ltd-technical-momentum-shifts-to-mildly-bullish-amid-mixed-signals-3797706,marketsmojo.com,N/A,"15 hours ago Notably, the technical trend has softened from a clear bullish stance to mildly bullish, signalling a potential pause or moderation in upward momentum. This"
2026-01-21 23:10:16,Market Intelligence,Google Custom Search,N/A,The Federal Bank Ltd. Stock price: Live updates | Tijori Finance,https://www.tijorifinance.com/company/the-federal-bank-limited/,tijorifinance.com,N/A,"11 hours ago Quarterly consolidated net profit grew 15.8% YoY to ₹1,09,407 lakhs. Total income rose to ₹8,50,316 lakhs. Asset quality improved with Gross NPA at 1.72% vs"
2026-01-21 23:10:16,Market Intelligence,Google Custom Search,N/A,ICICI Bank Ltd (ICICIBANK) Stock Price & News - Google Finance,https://www.google.com/finance/quote/ICICIBANK:NSE,google.com,N/A,"7 hours ago IDFC First Bank Ltd. ₹81.45. IDFCFIRSTB 0.78%. Bank of Baroda Ltd. ₹298.95 Seeking Alpha. ICICI Bank Stock: Good Asset Quality, But Earnings Disappointed ("
2026-01-21 23:10:16,Market Intelligence,Google Custom Search,N/A,HDFCBANK Share Price: HDFC Bank Live,https://www.tickertape.in/stocks/hdfc-bank-HDBK,tickertape.in,N/A,8 hours ago IDFC First Bank Ltd. IDFCFIRSTB. PE Ratio. 47.35. 47.35. 1Y Return. 28.63%. 28.63 asset quality. Despite a slight compression in net interest margins due
2026-01-21 23:10:16,Market Intelligence,Google Custom Search,N/A,BSE PRIVATE BANKS INDEX. : Latest Quarterly Results Analysis ...,https://www.icicidirect.com/research/equity/rapid-results/bse-private-banks-index,icicidirect.com,N/A,23 hours ago Q2FY26 Quarterly Result Announced for IDFC First Bank Ltd. IDFC First Our asset quality trends have been stable in all core businesses except in
2026-01-21 23:10:16,Market Intelligence,Google Custom Search,N/A,"Latest Idfc-first-bank News, Photos, Videos and Podcasts | Mint",https://www.livemint.com/topic/idfc-first-bank,livemint.com,N/A,"3 hours ago asset quality, though. Markets. IDFC First Bank dividend 2025 record date today. Details here. 1 min read11 Jul 2025. IDFC First Bank dividend July 2025: The"
2026-01-21 23:10:16,Market Intelligence,Google Custom Search,N/A,IDFC First Bank Ltd - Share/Stock Price,https://www.moneycontrol.com/india/stockpricequote/banks-private-sector/idfcfirstbank/IDF01,moneycontrol.com,N/A,"2 hours ago Superior Financial Strength, Average Growth Trend Stock Priced at High Valuations. MC SWOT. S; W; O; T. Strengths (7) Near 52 Week High · Weaknesses (3)"
2026-01-21 23:10:16,Market Intelligence,Google Custom Search,N/A,Share Market Live Today - Stock Market News Updates,https://groww.in/share-market-today,groww.in,N/A,"4 hours ago CNBC TV18 · just now. Dhanlaxmi Bank Q3 Results: Profit, NII rises 20% YoY, asset quality improves IDFC First Bank FuturesPiramal Enterprises Futures"
2026-01-21 23:10:16,Market Intelligence,Google Custom Search,N/A,INDUSINDBK Share Price: Indusind Bank Live,https://www.tickertape.in/stocks/indusind-bank-INBK,tickertape.in,N/A,"8 hours ago Private BanksHinduja Group · Midcap. With a market cap of ₹70,518 cr, stock is ranked 144. High Risk. Stock is 3.50x as volatile as Nifty. INDUSINDBK Stock"
2026-01-21 23:10:16,Market Intelligence,Google Custom Search,N/A,IndusInd Bank Ltd - Invest Smarter with Independent Research ...,https://simplehai.axisdirect.in/share-stock-prices/nse/IndusInd-Bank-Ltd-5531,simplehai.axisdirect.in,N/A,"4 hours ago IndusInd Bank Ltd Share Price – NSE / BSE. Banks, Small Cap · Critical Parameters · 0% · 0%."
2026-01-21 23:10:16,Market Intelligence,Google Custom Search,N/A,IndusInd Bank Ltd - Share/Stock Price,https://www.moneycontrol.com/india/stockpricequote/banks-private-sector/indusindbank/IIB,moneycontrol.com,N/A,"5 hours ago Company analysis giving insights of fundamentals, earnings, relative valuations, risk, price momentum and inside trading. Portfolio. About the Company."
2026-01-21 23:10:16,Market Intelligence,Google Custom Search,N/A,Invest in Kotak Nifty Bank ETF | Kotak MF,https://www.kotakmf.com/mutual-funds/passive-funds/kotak-nifty-bank-etf,kotakmf.com,N/A,"8 hours ago Invest in Kotak Nifty Bank ETF, tracking top banking stocks for diversified exposure to India's leading banks in the private and public sectors."
2026-01-21 23:10:16,Market Intelligence,Google Custom Search,N/A,Equitas Small Finance Bank Jobs In Mumbai Suburban - 26772 ...,https://www.naukri.com/equitas-small-finance-bank-jobs-in-mumbai-suburban,naukri.com,N/A,"4 hours ago Banking Partner- Business Owner. Indusind Bank rating-star 3.4. company Portfolio Risk management, Associate. Deutsche Bank rating-star 3.8."
2026-01-21 23:10:16,Market Intelligence,Google Custom Search,N/A,AU Small Finance Bank Navigates Q3FY26 with Robust Growth and ...,https://www.multibagg.ai/deep-dive/blogs/90446-au-bank-q3fy26-growth_AUBANK_Q3_FY26_MBEQU212,multibagg.ai,N/A,"12 hours ago On the lending front, the Gross Loan Portfolio (GLP) grew by 19.3% YoY and 5.7% QoQ, touching ₹1,29,898 crore. Notably, the loan portfolio excluding the"
2026-01-21 23:10:16,Market Intelligence,Google Custom Search,N/A,Yes Bank Careers - 152 Yes Bank Jobs January 2026 - Naukri.com,https://www.naukri.com/yes-bank-jobs-careers-25670,naukri.com,N/A,12 hours ago MBA Finance · Capital Market · Fixed Income Money Market · Mid office · CA Fresher · Financial Markets · Derivative Market · Risk Management · Risk.
2026-01-21 23:10:16,Market Intelligence,Google Custom Search,N/A,BSE PRIVATE BANKS INDEX. : Latest Quarterly Results Analysis ...,https://www.icicidirect.com/research/equity/rapid-results/bse-private-banks-index,icicidirect.com,N/A,"23 hours ago Gross loan portfolio stands at Rs 1,29,898 crore, registering a YoY growth of 19.3%. GNPA declined sequentially to 2.30% (vs 2.41% in Q2FY26) and Net NPA stood"
2026-01-21 23:10:16,Market Intelligence,Google Custom Search,N/A,IndusInd Bank Share Price Today Live NSE/BSE Graph & Chart,https://www.kotakneo.com/stocks/indusind-bank-share-price/,kotakneo.com,N/A,"10 hours ago IndusInd Bank Share Price - Get live NSE/BSE updates on IndusInd Bank stock price including performance, fundamentals, market cap, shareholding,"
2026-01-21 23:10:16,Market Intelligence,Google Custom Search,N/A,Top Investment Management Services in Nagpur near me - Justdial,https://www.justdial.com/Nagpur/Investment-Management-Services/nct-11466459,justdial.com,N/A,"8 hours ago Diversification: Investment management services help in creating a diversified portfolio, reducing risk exposure. Indusind Banks-Business Loans · Virtual"
2026-01-21 23:10:16,Market Intelligence,Google Custom Search,N/A,Stocks in Focus: AU Small Finance Bank Reports 26% Profit Jump ...,https://scanx.trade/stock-market-news/earnings/stocks-in-focus-au-small-finance-bank-reports-26-profit-jump-restaurant-brands-asia-announces-major-deal/30503052,scanx.trade,N/A,17 hours ago Regulatory and Market Developments. The Competition Commission of India (CCI) approved Emirates NBD Bank's proposal to acquire a majority stake in RBL Bank. The
2026-01-21 23:10:16,Market Intelligence,Google Custom Search,N/A,AU Small Finance Bank Share Price in Focus; Strengthens ...,https://www.angelone.in/news/stocks/au-small-finance-bank-share-price-in-focus-strengthens-leadership-as-q3-profit-rises-26,angelone.in,N/A,"13 hours ago AU Small Finance Bank reported a 26% rise in Q3 profit, announced senior leadership continuity plans and expanded its board as it prepares for universal"
2026-01-21 23:10:16,Market Intelligence,Google Custom Search,N/A,"Bank Nifty News, Corporate filings and Earnings/Conference Calls ...",https://trendlyne.com/latest-news/1898/NIFTYBANK/bank-nifty/?page=2&qstime=1768967385,trendlyne.com,N/A,14 hours ago Regulation 30 (LODR)-Press Release / Media … BSE India. In continuation to our disclosure for unaudited financial results of AU Small Finance Bank Limited ('the
2026-01-21 23:10:16,Market Intelligence,Google Custom Search,N/A,AU Small Finance Bank net up 26% to Rs 667 crore - The Times of ...,https://timesofindia.indiatimes.com/business/india-business/au-small-finance-bank-net-up-26-to-rs-667-crore/articleshow/126940251.cms,timesofindia.indiatimes.com,N/A,"11 hours ago India Business News: MUMBAI: AU Small Finance Bank, which has received RBI nod to convert into a commercial bank, reported a net profit of Rs 667.66 crore"
2026-01-21 23:10:16,Market Intelligence,Google Custom Search,N/A,Au Small Finance Bank News,https://economictimes.indiatimes.com/au-small-finance-bank-ltd/stocksupdate/companyid-66288.cms,economictimes.indiatimes.com,N/A,"5 hours ago Pursuant to the PIT Regulations and the Bank's Code of Conduct - Prohibition of Insider Trading, we hereby inform that the trading window for dealing in"
2026-01-21 23:10:16,Market Intelligence,Google Custom Search,N/A,AU Small Finance Bank Ltd - Invest Smarter with Independent ...,https://simplehai.axisdirect.in/share-stock-prices/nse/AU-Small-Finance-Bank-Ltd-34695,simplehai.axisdirect.in,N/A,"15 hours ago Bank by 1.21%. Consistent Performer. 9/12. Months. beaten Nifty Bank. AxisDirect View. No View. 52 Week High-Low. 1,030. 1,029.95. 478. 478.35. News &"
2026-01-21 23:10:16,Market Intelligence,Google Custom Search,N/A,"Share Market Today | Latest Stock Market News, Sensex Today and ...",https://www.business-standard.com/markets/au-small-finance-bank-ltd-share-price-34695/announcements/bse-exchange-50655373,business-standard.com,N/A,10 hours ago Announcement under Regulation 30 (LODR)-Investor Presentation · More AU Small Finance Bank Ltd Announcements.
2026-01-21 23:10:16,Market Intelligence,Google Custom Search,N/A,Suryoday Small Finance Bank Limited,https://www.icra.in/Rating/RatingDetails?CompanyId=19526&CompanyName=Suryoday%20Small%20Finance%20Bank%20Limited,icra.in,N/A,3 hours ago Subordinated Debt [ICRA]A (Stable) · Certificates of Deposit [ICRA]A1+.
2026-01-21 23:10:16,Market Intelligence,Google Custom Search,N/A,"Share Market Today | Latest Stock Market News, Sensex Today and ...",https://www.business-standard.com/markets/au-small-finance-bank-ltd-share-price-34695/announcements/bse-exchange-50655438,business-standard.com,N/A,10 hours ago Revised Outcome Of Board Meeting Of AU Small Finance Bank Limited (The Bank) Held On January 20 2026 Announcement under Regulation 30 (LODR)-Allotment of ESOP
2026-01-21 23:10:16,Market Intelligence,Google Custom Search,N/A,"Stocks to Watch, January 21: Rallis India, Restaurant Brands Asia ...",https://upstox.com/news/market-news/stocks/stocks-to-watch-january-21-rallis-india-restaurant-brands-asia-eternal-waaree-energies-dr-reddy-s-jsw-energy-coal-india-shoppers-stop-united-spirits/article-188081/,upstox.com,N/A,15 hours ago AU Small Finance Bank said in a regulatory filing. Vikram Solar: Solar Upstox News Desk is a team of journalists who passionately cover stock
2026-01-21 23:10:16,Market Intelligence,Google Custom Search,N/A,Bureau of Consumer Protection | Federal Trade Commission,https://www.ftc.gov/about-ftc/bureaus-offices/bureau-consumer-protection,ftc.gov,N/A,"14 hours ago News. Press Release · FTC Releases Agenda for January 28 Workshop You can use our materials in direct client services, language classes, financial"
2026-01-21 23:10:16,Market Intelligence,Google Custom Search,N/A,Procurement News - SBI In the News,https://sbi.bank.in/web/sbi-in-the-news/procurement-news,sbi.bank.in,N/A,"3 hours ago Location, Tender Description, Start Date, End Date. LHO, LUCKNOW, RBO-III SHAHJAHANPUR: NOTICE FOR HIRING OF PREMISES FOR STATE BANK OF INDIA ,RAUSAR BRANCH"
2026-01-21 23:10:16,Market Intelligence,Google Custom Search,N/A,Press Releases | Federal Trade Commission,https://www.ftc.gov/news-events/news/press-releases,ftc.gov,N/A,"15 hours ago The Federal Trade Commission today sued JustAnswer LLC and its CEO, alleging the online question-and-answer service deceives people seeking expert advice into"
2026-01-21 23:10:16,Market Intelligence,Google Custom Search,N/A,"Alphabet Inc. (GOOG) Stock Price, News, Quote & History - Yahoo ...",https://finance.yahoo.com/quote/GOOG/,finance.yahoo.com,N/A,"4 hours ago Find the latest Alphabet Inc. (GOOG) stock quote, history, news and other vital information to help you with your stock trading and investing."
2026-01-21 23:10:16,Market Intelligence,Google Custom Search,N/A,Yahoo - Wikipedia,https://en.wikipedia.org/wiki/Yahoo,en.wikipedia.org,N/A,"3 hours ago Yahoo is an American web portal that provides the search engine Yahoo Search and related services including My Yahoo, Yahoo Mail, Yahoo News, Yahoo Finance,"
2026-01-21 23:10:16,Market Intelligence,Google Custom Search,N/A,"Amazon.com, Inc. (AMZN) Stock Price, News, Quote & History ...",https://finance.yahoo.com/quote/AMZN/,finance.yahoo.com,N/A,4 hours ago Upcoming earnings are anticipated with estimates of $1.97 EPS and $211.45 billion in revenue. Updated 15m ago · Powered by Yahoo Finance AI. View more.
2026-01-21 23:10:16,Market Intelligence,Google Custom Search,N/A,Press Releases,https://www.tn.gov.in/press_release.php,tn.gov.in,N/A,11 hours ago Solatium from Chief Ministers Public Relief Fund to the family of the deceased and to the injured in a tragic hydrogen gas cylinder explosion during a
2026-01-21 23:10:16,Market Intelligence,Google Custom Search,N/A,European Central Bank,https://www.ecb.europa.eu/,ecb.europa.eu,N/A,7 hours ago The European Central Bank (ECB) is the central bank of the European Union countries which have adopted the euro. Our main task is to maintain price
2026-01-21 23:10:16,Market Intelligence,Google Custom Search,N/A,ICRA Rating,https://www.icra.in/Rating,icra.in,N/A,"6 hours ago ICRA rates rupee-denominated debt instruments issued by manufacturing companies, commercial banks, non-banking finance companies, financial institutions, public"
2026-01-21 23:10:16,Market Intelligence,Google Custom Search,N/A,Reuters | Breaking International News & Views,https://www.reuters.com/,reuters.com,N/A,"3 hours ago Find latest news from every corner of the globe at Reuters.com, your online source for breaking international news coverage."
