timestamp,category,subcategory,portfolio,headline,url,source,published_raw,snippet
2026-01-20 22:29:59,Market Intelligence,Google Custom Search,N/A,"BFSI News- Latest Banking, Financial Services and Insurance News ...",https://bfsi.economictimes.indiatimes.com/,bfsi.economictimes.indiatimes.com,N/A,"10 hours ago BFSI News - Find the latest Banking, Financial Services and Insurance News & Articles from all top sources for the Indian Finance industry on ET BFSI."
2026-01-20 22:29:59,Market Intelligence,Google Custom Search,N/A,ICRA Public Finance Ratings,https://www.icra.in/Rating/RatingCategory?RatingType=CR&RatingCategoryId=4,icra.in,N/A,2 hours ago ICRA industry research provides unique research offering for 60+ sectors in India wherein 250+ Ratings analysts. Know more. Research Offerings. Banking
2026-01-20 22:29:59,Market Intelligence,Google Custom Search,N/A,Business Opportunities in India: Investment Ideas & Industry Insights ...,https://www.ibef.org/,ibef.org,N/A,"2 hours ago Discover India's economy, business opportunities, investment ideas, and industry research with IBEF – your trusted source for accurate insights. Learn more."
2026-01-20 22:29:59,Market Intelligence,Google Custom Search,N/A,ICRA An Affiliate of Moody's,https://www.icra.in/,icra.in,N/A,"4 hours ago ICRA rates debt instruments issued by corporate entities, commercial banks, non-banking finance companies, financial institutions, public sector"
2026-01-20 22:29:59,Market Intelligence,Google Custom Search,N/A,Procurement News - SBI In the News,https://sbi.bank.in/web/sbi-in-the-news/procurement-news,sbi.bank.in,N/A,"1 hour ago Location, Tender Description, Start Date, End Date. LHO, LUCKNOW, RBO-III SHAHJAHANPUR: NOTICE FOR HIRING OF PREMISES FOR STATE BANK OF INDIA ,RAUSAR BRANCH"
2026-01-20 22:29:59,Market Intelligence,Google Custom Search,N/A,"PNB E-Auction, Punjab National Bank Auction, Property Auction ...",https://pnb.bank.in/EAuction.aspx,pnb.bank.in,N/A,"7 hours ago RKI India Sale Notice. Publish Date : 10-Jan-2026 07:00 AM End Date :28 Corporate Office: Plot No 4, Sector -10 Dwarka New Delhi -110075. Application"
2026-01-20 22:29:59,Market Intelligence,Google Custom Search,N/A,"Bajaj Finance Limited Price: Quote, Forecast, Charts & News ...",https://www.perplexity.ai/finance/BAJFINANCE.NS,perplexity.ai,N/A,19 hours ago NBFC sector amid favorable market conditions. moneycontrol. Jan 12. ₹951.70 Bajaj Finance Limited is one of India's leading non-banking financial companies (
2026-01-20 22:29:59,Market Intelligence,Google Custom Search,N/A,"Legal News | Latest Legal Industry News, Supreme Court News ...",https://legal.economictimes.indiatimes.com/,legal.economictimes.indiatimes.com,N/A,"12 hours ago Legal News: Find the latest Legal industry News, Supreme Court News, Judgement, Order, Updates & Articles from all top sources for the Indian Legal industry"
2026-01-20 22:29:59,Market Intelligence,Google Custom Search,N/A,"SG Finserve Ltd. Price: Quote, Forecast, Charts & News (SGFIN.BO)",https://www.perplexity.ai/finance/SGFIN.BO,perplexity.ai,N/A,11 hours ago The rally appears driven by positive sentiment in the financial services sector and potentially renewed investor interest in the company's lending and NBFC
2026-01-20 22:29:59,Market Intelligence,Google Custom Search,N/A,"Indian banks, NBFCs show strong capital position and improved ...",https://www.thehansindia.com/business/indian-banks-nbfcs-show-strong-capital-position-and-improved-financial-resilience-report-1040855,thehansindia.com,N/A,"4 hours ago Meanwhile, private sector banks continue to benefit from efficient capital management and diversified portfolios. “The Indian banking system is currently well"
2026-01-20 22:29:59,Market Intelligence,Google Custom Search,N/A,ICICI Bank - Wikipedia,https://en.wikipedia.org/wiki/ICICI_Bank,en.wikipedia.org,N/A,4 hours ago ICICI Bank Limited is an Indian multinational bank and financial services company. headquartered in Mumbai with a registered office in Vadodara.
2026-01-20 22:29:59,Market Intelligence,Google Custom Search,N/A,How Aditya Puri took HDFC Bank to the top | McKinsey,https://www.mckinsey.com/featured-insights/future-of-asia/leading-by-example-how-aditya-puri-took-hdfc-bank-to-the-top,mckinsey.com,N/A,"17 hours ago Aditya Puri, retired founder-CEO of HDFC Bank, discusses his “first among equals” leadership style that helped HDFC become India's largest private sector"
2026-01-20 22:29:59,Market Intelligence,Google Custom Search,N/A,European Central Bank,https://www.ecb.europa.eu/,ecb.europa.eu,N/A,3 hours ago The European Central Bank (ECB) is the central bank of the European Union countries which have adopted the euro. Our main task is to maintain price
2026-01-20 22:29:59,Market Intelligence,Google Custom Search,N/A,Handbook Of Central Banking Financial Regulation And ...,https://innotech.kiet.edu/gprecedef/xincorporatey/232300/6898GB7/handbook-of__central-banking-financial_regulation_and-supervision_after-the__financial-crisis-elgar-original__reference.pdf,innotech.kiet.edu,N/A,"21 hours ago Committee on Financial, Sector Reforms | Indian Economy for UPSC For Banking, Financial Regulation and Supervision After the Financial Crisis"
2026-01-20 22:29:59,Market Intelligence,Google Custom Search,N/A,Office of the Superintendent of Financial Institutions,https://www.osfi-bsif.gc.ca/en,osfi-bsif.gc.ca,N/A,7 hours ago Supervising federally regulated financial institutions and pension plans to contribute to public confidence in the financial system.
2026-01-20 22:29:59,Market Intelligence,Google Custom Search,N/A,Blueprints of strategy: an empirical study of business models in rural ...,https://link.springer.com/article/10.1186/s43093-026-00740-w,link.springer.com,N/A,"12 hours ago Rural Cooperative Banks (RCBs) form a significant part of the Indian financial ecosystem, with 11% share in lending. However, their business models have be."
2026-01-20 22:29:59,Market Intelligence,Google Custom Search,N/A,Financial Times: Home,https://www.ft.com/,ft.com,N/A,"3 hours ago News, analysis and opinion from the Financial Times on the latest in markets, economics and politics."
2026-01-20 22:29:59,Market Intelligence,Google Custom Search,N/A,Criss Financial Limited (erstwhile Criss Financial Holdings Limited ...,https://www.icra.in/Rating/RatingDetails?CompanyId=27600&CompanyName=Criss%20Financial%20Limited%20(erstwhile%20Criss%20Financial%20Holdings%20Limited),icra.in,N/A,13 hours ago ICRA Ratings Coverage ICRA Limited is an Independent and professional investment information and Credit Rating Agency read more. +91 9354738909 · business.
2026-01-20 22:29:59,Market Intelligence,Google Custom Search,N/A,About ADB | Asian Development Bank,https://www.adb.org/who-we-are/about,adb.org,N/A,"4 hours ago ADB is a leading multilateral development bank supporting inclusive, resilient, and sustainable growth across Asia and the Pacific."
2026-01-20 22:29:59,Market Intelligence,Google Custom Search,N/A,KYC Verification for Personal Loans: Why It's Manadatory?,https://www.dmifinance.in/kyc-verification/,dmifinance.in,N/A,6 hours ago Bank of India (RBI). KYC KYC verification processes should be followed by all the lenders (banks & NBFCs) and authorised financial organisations.
2026-01-20 22:29:59,Market Intelligence,Google Custom Search,N/A,Satya MicroCapital Ltd.,https://www.icra.in/Rating/RatingDetails?CompanyId=27299&CompanyName=Satya+MicroCapital+Ltd.,icra.in,N/A,"13 hours ago Satya MicroCapital Ltd. SATYA MicroCapital Ltd.: Rating downgraded to [ICRA]BB, removed from Rating Watch with Negative Implications and Negative outlook"
2026-01-20 22:29:59,Market Intelligence,Google Custom Search,N/A,"BFSI News- Latest Banking, Financial Services and Insurance News ...",https://bfsi.economictimes.indiatimes.com/,bfsi.economictimes.indiatimes.com,N/A,"7 hours ago BFSI News - Find the latest Banking, Financial Services and Insurance News & Articles from all top sources for the Indian Finance industry on ET BFSI."
2026-01-20 22:29:59,Market Intelligence,Google Custom Search,N/A,Tender Details Online & Submission Date - BOI,https://bankofindia.bank.in/tender,bankofindia.bank.in,N/A,23 hours ago TENDER DOCUMENT FOR AWARD OF RATE CONTRACT FOR REFILLING AND SUPPLY OF NEW FIRE EXTINGUISHERS FOR BANK' BRANCHES/ OFFICES AND RESIDENTIAL QUARTERS AT RANCHI
2026-01-20 22:29:59,Market Intelligence,Google Custom Search,N/A,Procurement News - SBI In the News,https://sbi.bank.in/web/sbi-in-the-news/procurement-news,sbi.bank.in,N/A,"2 hours ago Location, Tender Description, Start Date, End Date. LHO, LUCKNOW, RBO-III SHAHJAHANPUR: NOTICE FOR HIRING OF PREMISES FOR STATE BANK OF INDIA ,RAUSAR BRANCH"
2026-01-20 22:29:59,Market Intelligence,Google Custom Search,N/A,No Foreclosure Charges by NBFCS on all Floating Term Loans to ...,https://www.taxtmi.com/news?id=13217,taxtmi.com,N/A,16 hours ago The Reserve Bank of India (RBI) has mandated that Non-Banking Financial Companies (NBFCs) must not impose foreclosure charges or pre-payment penalties on
2026-01-20 22:29:59,Market Intelligence,Google Custom Search,N/A,Directorate of Enforcement: Home,https://enforcementdirectorate.gov.in/,enforcementdirectorate.gov.in,N/A,"8 hours ago 1. The Prevention of Money Laundering Act, 2002 (PMLA): It is a criminal law enacted to prevent money laundering and to provide for confiscation of property"
2026-01-20 22:29:59,Market Intelligence,Google Custom Search,N/A,Check Complaint Status | Track Your Complaint Request – Punjab ...,https://pnb.bank.in/ccsrms-status-complaint.aspx,pnb.bank.in,N/A,8 hours ago Easily check the status of your complaint or service request with Punjab National Bank. Stay informed and updated on your grievance resolution process.
2026-01-20 22:29:59,Market Intelligence,Google Custom Search,N/A,Indian News - CAalley.com,https://www.caalley.com/news-updates/indian-news?start=700,caalley.com,N/A,"13 hours ago RBI pushes banks to slash retail charges, putting billions in fees at risk RBI cancels registration certificates of 35 NBFCs · Daily Newsletter - January"
2026-01-20 22:29:59,Market Intelligence,Google Custom Search,N/A,Home | Department of Investment and Public Asset Management ...,https://dipam.gov.in/,dipam.gov.in,N/A,"8 hours ago Times Of India : Government nets record Rs. 74,000 crore in PSU Dividends This website is owned by DIPAM (Ministry of Finance, Government of India)."
2026-01-20 22:29:59,Market Intelligence,Google Custom Search,N/A,"Ministry of External Affairs, Government of India",https://mea.gov.in/,mea.gov.in,N/A,"12 hours ago Official portal of External Affairs Ministry, Government of India. Find Statements, Interviews, Press Releases, Media Briefings and latest updates of MEA."
2026-01-20 22:29:59,Market Intelligence,Google Custom Search,N/A,Directorate of Enforcement: Home,https://enforcementdirectorate.gov.in/,enforcementdirectorate.gov.in,N/A,"8 hours ago Directorate of Enforcement. Department of Revenue,. Ministry of Finance, Government of India Indian law by remaining outside the jurisdiction of Indian courts"
2026-01-20 22:29:59,Market Intelligence,Google Custom Search,N/A,Home | icegate,https://www.icegate.gov.in/,icegate.gov.in,N/A,3 hours ago Indian Customs National Trade Portal 2.0.
2026-01-20 22:29:59,Market Intelligence,Google Custom Search,N/A,"Home | Official Website of Ministry of Earth Science, Government of ...",https://www.moes.gov.in/,moes.gov.in,N/A,"7 hours ago The Ministry of Earth Sciences (MoES), under the Government of India, is mandated to provide services for weather, climate, ocean and coastal state, hydrology,"
2026-01-20 22:29:59,Market Intelligence,Google Custom Search,N/A,eGazette Home,https://egazette.gov.in/,egazette.gov.in,N/A,"4 hours ago Ministry of Road Transport and Highways, Publication of User Fee Notification 20-Jan-2026, CG-DL-E-20012026-269458"
2026-01-20 22:29:59,Market Intelligence,Google Custom Search,N/A,As we near the presentation of the Union Budget 2026-27 on ...,https://x.com/FinMinIndia/status/2013439776469434600,x.com,N/A,14 hours ago Ministry of Finance (@FinMinIndia). 104 likes 11 replies. As we near the India over the years. #BudgetForViksitBharat #PBC2026.
2026-01-20 22:29:59,Market Intelligence,Google Custom Search,N/A,Press Releases,https://www.tn.gov.in/press_release.php,tn.gov.in,N/A,"10 hours ago News & Events Press Releases. Please Enter Release January 19 ,2026. Honble Minister for Finance and Environment, Climate Change and the Honble Minister"
2026-01-20 22:29:59,Market Intelligence,Google Custom Search,N/A,Ministry of Civil Aviation: Welcome!,https://www.civilaviation.gov.in/,civilaviation.gov.in,N/A,5 hours ago इंडिगो. IndiGo. 126 · डीजीसीए. DGCA. 67 · एयर इंडिया. Air India. 35 · कतर एयरवेज. Qatar Airways. 26 · सिक्योरिटी. Security. 24 · वियतजेट एयर. VietJet Air. 21
2026-01-20 22:29:59,Market Intelligence,Google Custom Search,N/A,Centre to introduce new Income Tax Bill next week | DD News,https://ddnews.gov.in/en/centre-to-introduce-new-income-tax-bill-next-week/,ddnews.gov.in,N/A,"18 hours ago The new Income Tax Code will be announced next week, and the IT Department will “trust first, scrutinise later”, the Finance Minister said while presenting the"
2026-01-20 22:29:59,Market Intelligence,Google Custom Search,N/A,"Moody's - credit ratings, research, and data for global capital markets",https://www.moodys.com/,moodys.com,N/A,"6 hours ago Moody's CreditView is our flagship solution for global capital markets that incorporates credit ratings, research and data from Moody's Investors Service"
2026-01-20 22:29:59,Market Intelligence,Google Custom Search,N/A,Gensol Engineering Limited,https://www.icra.in/Rating/RatingDetails?CompanyId=30316&CompanyName=Gensol%20Engineering%20Limited,icra.in,N/A,9 hours ago Instrument Ratings. Fund-based: Cash Credit [ICRA]D ISSUER NOT COOPERATING; Long term and short term - BG (Sub-limit of CC limit) [ICRA]D ISSUER NOT
2026-01-20 22:29:59,Market Intelligence,Google Custom Search,N/A,OECD: The Organisation for Economic Co-operation and ...,https://www.oecd.org/,oecd.org,N/A,"2 hours ago Working with over 100 countries, the OECD is a global policy forum that promotes policies to improve the economic and social well-being of people around the"
2026-01-20 22:29:59,Market Intelligence,Google Custom Search,N/A,ICRA Public Finance Ratings,https://www.icra.in/Rating/RatingCategory?RatingType=CR&RatingCategoryId=4,icra.in,N/A,2 hours ago ICRA Limited is an Independent and professional investment information and Credit Rating Agency read more. +91 9354738909 · business.enquiry@icraindia.com
2026-01-20 22:29:59,Market Intelligence,Google Custom Search,N/A,Business Loan Calculator - Business Loan EMI Calculator | Axis Bank,https://www.axis.bank.in/calculators/business-loan-calculator,axis.bank.in,N/A,"5 hours ago Business Loan Calculator - Calculate your EMI for a business loan, interest rates and eligibility by using Axis Bank business loan EMI Calculator."
2026-01-20 22:29:59,Market Intelligence,Google Custom Search,N/A,India 10-Year Government Bond Yield - Quote - Chart - Historical ...,https://tradingeconomics.com/india/government-bond-yield,tradingeconomics.com,N/A,3 hours ago Bonds issued by national governments in foreign currencies are normally referred to as sovereign bonds. The yield required by investors to loan funds to
2026-01-20 22:29:59,Market Intelligence,Google Custom Search,N/A,Insurance - Best Insurance Plans Online in India | Axis Bank,https://www.axis.bank.in/insurance,axis.bank.in,N/A,3 hours ago Check out life insurance and general insurance policies and get financial security for yourself and your loved ones. Visit Axis Bank to know more in detail.
2026-01-20 22:29:59,Market Intelligence,Google Custom Search,N/A,Indian Corporates' Metrics to Remain Stable; Some Risks Remain,https://www.fitchratings.com/research/corporate-finance/indian-corporates-metrics-to-remain-stable-some-risks-remain-19-01-2026,fitchratings.com,N/A,15 hours ago Related Content: India Corporates Credit Trends: January 2026Fitch Ratings-Mumbai-19 January 2026: Credit metrics will remain steady for our rated India.
2026-01-20 22:29:59,Market Intelligence,Google Custom Search,N/A,2026 Global Data Center Outlook,https://www.jll.com/en-us/insights/market-outlook/data-center-outlook,jll.com,N/A,"3 hours ago The Americas also has the fastest growth rate of the three global regions, with a projected 17% supply CAGR through to 2030, preserving its position as the"
2026-01-20 22:29:59,Market Intelligence,Google Custom Search,N/A,Fitch Upgrades SCF Rahoituspalvelut XII; Affirms SCF ...,https://www.fitchratings.com/research/structured-finance/fitch-upgrades-scf-rahoituspalvelut-xii-affirms-scf-rahoituspalvelut-xi-20-01-2026,fitchratings.com,N/A,4 hours ago Unanticipated increases in default rates or decreases in recovery rates India Corporates Credit Trends: January 2026 · China Investment Contraction
2026-01-20 22:29:59,Market Intelligence,Google Custom Search,N/A,Gold Loan or Selling Jewellery? What Works Best in a Cash Crunch,https://www.livechennai.com/detailnews.asp?catid=&newsid=77949,livechennai.com,N/A,"5 hours ago Gold continues to be one of the most trusted investments for Indian households, especially during financial emergencies. Banks and NBFCs offer loans"
2026-01-20 22:29:59,Market Intelligence,Google Custom Search,N/A,Short-Term Debt: Rates rise on bleak mkt ... - Informist Media,https://informistmedia.com/MoneyWire/42912/short-term-debt-rates-rise-on-bleak-mkt-participation-seen-up-by-5-10-bps,informistmedia.com,N/A,21 hours ago Rates on certificates of deposits and commercial papers rose due to weak market participation amid low liquidity surplus in the banking system and c.
2026-01-20 22:29:59,Market Intelligence,Google Custom Search,N/A,Gold Loan in Pune - Apply Loan Against Gold at Low Interest Rate,https://www.iifl.com/gold-loans/gold-loan-in-pune,iifl.com,N/A,21 hours ago Any Indian resident aged 18 years or above with gold jewellery can apply. Paying of regular bills during a cash crunch. Making a down-payment while
2026-01-20 22:29:59,Market Intelligence,Google Custom Search,N/A,NBFC Personal Loan for Bad Credit: 10 Real Options in 2026,https://financehelpcheck.com/nbfc-personal-loan-for-bad-credit/,financehelpcheck.com,N/A,"3 hours ago This happens when your CIBIL score falls below bank limits. In India, this situation is common, not rare. Let's be real for a second. There is no worse feeling"
2026-01-20 22:29:59,Market Intelligence,Google Custom Search,N/A,I was running a bussiness from last seven year with my brother we ...,https://gurus.rediff.com/question/qdtl/money/running-bussiness-seven-brother-had-dispute-due-financial-crisis-unable/5150485,gurus.rediff.com,N/A,20 hours ago I was running a bussiness from last seven year with my brother we had dispute and due to financial crisis i was unable to pay my credit card bill and loan
2026-01-20 22:29:59,Market Intelligence,Google Custom Search,N/A,"Page 1426 of Policy News: Policy Latest News, Policy Today news ...",https://www.financialexpress.com/policy/page/1426/,financialexpress.com,N/A,17 hours ago Page 1426 of Policy News: Check here latest news and updates about Policy in India. Read top headlines and breaking news today in India about Policy on
2026-01-20 22:29:59,Market Intelligence,Google Custom Search,N/A,Harshil Agrotech Ltd. Share Price Today: Live updates,https://zerodha.com/markets/stocks/BSE/HARSHILAGR/,zerodha.com,N/A,"8 hours ago Check Harshil Agrotech Ltd. live share price on NSE. Access the latest financials, balance sheet,forecast and recent events."
2026-01-20 22:29:59,Market Intelligence,Google Custom Search,N/A,The real estate slump may not be over yet,https://www.livemint.com/companies/news/the-real-estate-slump-may-not-be-over-yet-1564999127858.html,livemint.com,N/A,"15 hours ago India was no exception to this trend though credit flow to the sector did However, the NBFC crisis last year squeezed that channel of finance as well."
2026-01-20 22:29:59,Market Intelligence,Google Custom Search,N/A,Steelcast Ltd. Share Price Today: Live updates,https://zerodha.com/markets/stocks/NSE/STEELCAS/,zerodha.com,N/A,15 hours ago India's Steelcast set for best day in over 1-1/2 yrs on Q3 profit rise · Steelcast Dividend 1.35 Rupees Per Share · Steelcast Ltd Sept-Quarter Profit Rises.
2026-01-20 22:29:59,Market Intelligence,Google Custom Search,N/A,HDFC Bank Ltd. Stock price: Live updates | Tijori Finance,https://www.tijorifinance.com/company/hdfc-bank-limited/,tijorifinance.com,N/A,"9 hours ago ""Banks struggling to attract deposits is the biggest structural challenge Indian banking has ever faced. For decades, the system ran on a grand bargain with"
2026-01-20 22:29:59,Market Intelligence,Google Custom Search,N/A,"Policy Circle - Economy, Policy, Sustainable Development",https://www.policycircle.org/,policycircle.org,N/A,"9 hours ago India unemployment data shows resilience, but fails to capture insecurity, low wages, and distress employment across India."
2026-01-20 22:29:59,Market Intelligence,Google Custom Search,N/A,Frontiers in Sustainable Food Systems | Articles,https://www.frontiersin.org/journals/sustainable-food-systems/articles,frontiersin.org,N/A,"15 hours ago Aligned with the UN Sustainable Development Goals, this journal explores the intersection of food systems, science and practice of sustainability including"
2026-01-20 22:29:59,Market Intelligence,Google Custom Search,N/A,Administrative Procurement,https://www.worldbank.org/en/about/corporate-procurement/business-opportunities/administrative-procurement,worldbank.org,N/A,"16 hours ago Solicitation Title, Number, Issue Date, Closing Date. RFxNow 2019359 - ""Assessing Government-to-Person (G2P) Payments for Adaptive Social Protection in"
2026-01-20 22:29:59,Market Intelligence,Google Custom Search,N/A,ASSOCIATION BETWEEN PM-KISAN AND RYTHU BHAROSA ...,https://eprajournals.com/IJIR/article/18701,eprajournals.com,N/A,23 hours ago Background/Objective: The Pradhan Mantri Kisan Samman Nidhi (PM-KISAN) and Rythu Bharosa schemes provide direct income support to farmers in India.
2026-01-20 22:29:59,Market Intelligence,Google Custom Search,N/A,National Campaign on Entrepreneurship under Rural Development ...,https://www.usthadian.com/national-campaign-on-entrepreneurship-under-rural-development-mission/,usthadian.com,N/A,7 hours ago Rural entrepreneurship is increasingly seen as a catalyst for inclusive economic growth. Women's participation in enterprise creation has expanded rural income
2026-01-20 22:29:59,Market Intelligence,Google Custom Search,N/A,Council of Ministers,https://niyamasabha.nic.in/index.php/chief_minister/ministers,niyamasabha.nic.in,N/A,"6 hours ago Chief Minister. General Administration, All India Services, Planning and Economic Distress Relief, State Hospitality, Airports, Metro Rail, Inter"
2026-01-20 22:29:59,Market Intelligence,Google Custom Search,N/A,"Moody's - credit ratings, research, and data for global capital markets",https://www.moodys.com/,moodys.com,N/A,"6 hours ago Moody's CreditView is our flagship solution for global capital markets that incorporates credit ratings, research and data from Moody's Investors Service"
2026-01-20 22:29:59,Market Intelligence,Google Custom Search,N/A,Cong launches 'MGNREGA Bachao Campaign in Reasi - Daily ...,https://www.dailyexcelsior.com/cong-launches-mgnrega-bachao-campaign-in-reasi/,dailyexcelsior.com,N/A,"18 hours ago rural poor, guaranteeing employment, dignity and economic security. rural India, but the BJP's policies are pushing workers into uncertainty and distress."
2026-01-20 22:29:59,Market Intelligence,Google Custom Search,N/A,"Ministry of External Affairs, Government of India",https://mea.gov.in/,mea.gov.in,N/A,"12 hours ago Official portal of External Affairs Ministry, Government of India. Find Statements, Interviews, Press Releases, Media Briefings and latest updates of MEA."
2026-01-20 22:29:59,Market Intelligence,Google Custom Search,N/A,Budget 2026–27: A Citizen's Wish List for the Future of India's People,https://countercurrents.org/2026/01/budget-2026-27-a-citizens-wish-list-for-the-future-of-indias-people/,countercurrents.org,N/A,"13 hours ago Education is the foundation of a nation's human capital and its ability to compete in a knowledge economy. India's public spending on education, at around ₹1,"
2026-01-20 22:29:59,Market Intelligence,Google Custom Search,N/A,OECD: The Organisation for Economic Co-operation and ...,https://www.oecd.org/,oecd.org,N/A,"3 hours ago Working with over 100 countries, the OECD is a global policy forum that promotes policies to improve the economic and social well-being of people around the"
2026-01-20 22:29:59,Market Intelligence,Google Custom Search,N/A,Foreign Direct Investment in India | FDI Trends & Insights,https://www.ibef.org/economy/foreign-direct-investment,ibef.org,N/A,"16 hours ago influence. The implementation of the Goods and Services With co-financing support from multilateral institutions, the initiative will expand India's"
2026-01-20 22:29:59,Market Intelligence,Google Custom Search,N/A,The impact of AI on the workplace: Main findings from the OECD AI ...,https://www.oecd.org/en/publications/the-impact-of-ai-on-the-workplace-main-findings-from-the-oecd-ai-surveys-of-employers-and-workers_ea0a0fe1-en.html,oecd.org,N/A,17 hours ago New OECD surveys of employers and workers in the manufacturing and finance sectors of seven countries shed new light on the impact that Artificial
2026-01-20 22:29:59,Market Intelligence,Google Custom Search,N/A,Economic Calendar,https://tradingeconomics.com/calendar,tradingeconomics.com,N/A,"3 hours ago This page displays a table with actual values, consensus figures, forecasts, statistics and historical data charts for - Economic Calendar."
2026-01-20 22:29:59,Market Intelligence,Google Custom Search,N/A,European Central Bank,https://www.ecb.europa.eu/,ecb.europa.eu,N/A,2 hours ago The European Central Bank (ECB) is the central bank of the European Union countries which have adopted the euro. Our main task is to maintain price
2026-01-20 22:29:59,Market Intelligence,Google Custom Search,N/A,India 10-Year Government Bond Yield - Quote - Chart - Historical ...,https://tradingeconomics.com/india/government-bond-yield,tradingeconomics.com,N/A,6 hours ago Bonds issued by national governments in foreign currencies are normally referred to as sovereign bonds. The yield required by investors to loan funds to
2026-01-20 22:29:59,Market Intelligence,Google Custom Search,N/A,COVID-19,https://www.imf.org/en/topics/imf-and-covid19,imf.org,N/A,"16 hours ago We just released the 2022 IMF Annual Report, which highlights our work to promote countries' recovery in the wake of the pandemic and to address the impact of"
2026-01-20 22:29:59,Market Intelligence,Google Custom Search,N/A,Reforms for India's Developed Economy Target 2047,https://www.pmfias.com/indias-developed-economy-target-2047/,pmfias.com,N/A,"23 hours ago India aspires to become a $7–10 trillion economy in the next decade as part of its Viksit Bharat @2047 vision. However, the real test lies in financing this"
2026-01-20 22:29:59,Market Intelligence,Google Custom Search,N/A,"What is jobless growth, and how can we fix it? | World Economic ...",https://www.weforum.org/videos/what-is-jobless-growth-and-how-can-we-fix-it/,weforum.org,N/A,"14 hours ago This phenomenon can occur when a country emerges from a recession, and despite an expanding economy, unemployment remains the same or worsens. In India, jobless"
2026-01-20 22:29:59,Market Intelligence,Google Custom Search,N/A,The Causes Of Structural Unemployment Four Factors That Keep ...,https://innotech.kiet.edu/sresembleq/znarrowu/200126/233S9079O3/the-causes-of__structural_unemployment__four__factors_that__keep__people-from__the_jobs_they__deserve_work__society.pdf,innotech.kiet.edu,N/A,"7 hours ago This article will explore four key factors that contribute to this damaging form of joblessness , highlighting their impact on individuals and communities as a"
2026-01-20 22:29:59,Market Intelligence,Google Custom Search,N/A,European Central Bank,https://www.ecb.europa.eu/,ecb.europa.eu,N/A,2 hours ago The European Central Bank (ECB) is the central bank of the European Union countries which have adopted the euro. Our main task is to maintain price
2026-01-20 22:29:59,Market Intelligence,Google Custom Search,N/A,ICRA An Affiliate of Moody's,https://www.icra.in/,icra.in,N/A,"4 hours ago ICRA rates debt instruments issued by corporate entities, commercial banks, non-banking finance companies, financial institutions, public sector"
2026-01-20 22:29:59,Market Intelligence,Google Custom Search,N/A,"India's Consistent Rise Depends on Reform, Resilience, Discipline",https://www.indiastat.com/Socio-Economic-Voices/Indias-Consistent-Rise-Depends-Reform-Resilience-Discipline,indiastat.com,N/A,"13 hours ago impact exports, capital flows and inflation. India also faces a long-term challenge of making growth inclusive, so benefits reach rural regions, the"
2026-01-20 22:29:59,Market Intelligence,Google Custom Search,N/A,ICRA Rating,https://www.icra.in/Rating,icra.in,N/A,"5 hours ago ICRA rates rupee-denominated debt instruments issued by manufacturing companies, commercial banks, non-banking finance companies, financial institutions, public"
2026-01-20 22:29:59,Market Intelligence,Google Custom Search,N/A,Best University for Economics in India,https://srmuniversity.ac.in/blog/best-university-for-economics-in-india/,srmuniversity.ac.in,N/A,"5 hours ago Financial markets react to these policies, often adjusting quickly to expected changes in interest rates, inflation and growth. Students at the best university"
2026-01-20 22:29:59,Market Intelligence,Google Custom Search,N/A,India 10-Year Government Bond Yield - Quote - Chart - Historical ...,https://tradingeconomics.com/india/government-bond-yield,tradingeconomics.com,N/A,"6 hours ago The yield required by investors to loan funds to governments reflects inflation expectations and the likelihood that the debt will be repaid. Actual, Previous"
2026-01-20 22:29:59,Market Intelligence,Google Custom Search,N/A,ALM for Insurance Business | Grant Thornton Bharat,https://www.grantthornton.in/en/insights/thought-leadership/demystified-asset-liability-management-for-insurance-business-series-1/,grantthornton.in,N/A,"11 hours ago Interest rates fluctuate due to evolving market conditions and expectations of lenders and borrowers. These changes impact asset-liability mismatches, creating"
2026-01-20 22:29:59,Market Intelligence,Google Custom Search,N/A,Page 5 | Trading Ideas and Technical Analysis From Top Traders ...,https://in.tradingview.com/ideas/page-5/,in.tradingview.com,N/A,"9 hours ago Impact on Banks, Borrowers, and Markets a. Banking Sector Stable Impact of Inflation on Indian Markets Inflation measures the rise in prices"
2026-01-20 22:29:59,Market Intelligence,Google Custom Search,N/A,Indian lenders to seek RBI approval for longer bulk deposits ...,https://www.reuters.com/sustainability/boards-policy-regulation/indian-lenders-seek-rbi-approval-longer-bulk-deposits-sources-say-2026-01-20/,reuters.com,N/A,5 hours ago Make sense of the latest ESG trends affecting companies and governments with the Reuters Sustainable Switch newsletter. Sign up here. Banks raise bulk deposits
2026-01-20 22:29:59,Market Intelligence,Google Custom Search,N/A,Foreign Direct Investment in India | FDI Trends & Insights,https://www.ibef.org/economy/foreign-direct-investment,ibef.org,N/A,"16 hours ago The OECD has raised India's FY26 GDP growth forecast to 6.7%, citing monetary and fiscal easing along with recent GST cuts, and expects inflation to ease to 2.9"
2026-01-20 22:29:59,Market Intelligence,Google Custom Search,N/A,Will HADPP stock keep outperforming rivals - Rate Hike & Real ...,https://www.customs.gov.mk/bullish-on/Will-HADPP-stock-keep-outperforming-rivals,customs.gov.mk,N/A,"5 hours ago interest rate from 4% to 6.5% in about a year. Will HADPP stock keep Due to the impact of the strong tightening, India's economic growth rate"
2026-01-20 22:29:59,Market Intelligence,Google Custom Search,N/A,Best University for Economics in India,https://srmuniversity.ac.in/blog/best-university-for-economics-in-india/,srmuniversity.ac.in,N/A,"5 hours ago These markets react quickly to central bank announcements. For example, if a central bank signals an interest rate hike, bond prices might fall, and stock"
2026-01-20 22:29:59,Market Intelligence,Google Custom Search,N/A,Foreign Direct Investment in India | FDI Trends & Insights,https://www.ibef.org/economy/foreign-direct-investment,ibef.org,N/A,"16 hours ago This achievement has been further strengthened by 13% increase in FDI compared to FY24, amounting to Rs. 4,41,259 crore (US$ 50 billion) during FY25. Such"
2026-01-20 22:29:59,Market Intelligence,Google Custom Search,N/A,Fiscal Deficit and Its Impact on the Indian Economy,https://cleartax.in/s/fiscal-deficit-and-its-impact-on-indian-economy,cleartax.in,N/A,"5 hours ago Interest rates may rise further; Economic stability weakens. India's Fiscal Deficit in 2025 - Current Scenario. As of December 2025, the Government of India is"
2026-01-20 22:29:59,Market Intelligence,Google Custom Search,N/A,EPFO || Circulars,https://www.epfindia.gov.in/site_en/circulars.php,epfindia.gov.in,N/A,"3 hours ago Revised rate of interest for Q3 with regard to Staff Provident Fund for the © Owned and Developed by Employees' Provident Fund Organisation, India"
2026-01-20 22:29:59,Market Intelligence,Google Custom Search,N/A,"Moody's - credit ratings, research, and data for global capital markets",https://www.moodys.com/,moodys.com,N/A,"6 hours ago Moody's CreditView is our flagship solution for global capital markets that incorporates credit ratings, research and data from Moody's Investors Service"
2026-01-20 22:29:59,Market Intelligence,Google Custom Search,N/A,European Central Bank,https://www.ecb.europa.eu/,ecb.europa.eu,N/A,3 hours ago The European Central Bank (ECB) is the central bank of the European Union countries which have adopted the euro. Our main task is to maintain price
2026-01-20 22:29:59,Market Intelligence,Google Custom Search,N/A,India 10-Year Government Bond Yield - Quote - Chart - Historical ...,https://tradingeconomics.com/india/government-bond-yield,tradingeconomics.com,N/A,"3 hours ago The central bank has bought bonds worth INR 2.54 trillion since December, however traders stated that the impact has been muted as purchases have been"
2026-01-20 22:29:59,Market Intelligence,Google Custom Search,N/A,Apply Instant Personal Loan Online Upto Rs. 50 Lakh,https://pnb.bank.in/personal.aspx,pnb.bank.in,N/A,3 hours ago PNB Baghban- A Scheme For House Owning Senior Citizens Of India Under Reverse Mortgage Concept. PNB baghban-A scheme for house owning senior citizens of
2026-01-20 22:29:59,Market Intelligence,Google Custom Search,N/A,Crude Oil - Price - Chart - Historical Data - News,https://tradingeconomics.com/commodity/crude-oil,tradingeconomics.com,N/A,3 hours ago WTI crude oil futures fell below $59 per barrel on Tuesday as traders weighed the implications of renewed trade tensions on energy demand.
2026-01-20 22:29:59,Market Intelligence,Google Custom Search,N/A,ETtech Explainer: Behind crackdown on unauthorised use of govt ...,https://www.msn.com/en-in/money/news/ettech-explainer-behind-crackdown-on-unauthorised-use-of-govt-databases-for-user-onboarding/ar-AA1GQb9C?apiversion=v2&domshim=1&noservercache=1&noservertelemetry=1&batchservertelemetry=1&renderwebcomponents=1&wcseo=1,msn.com,N/A,20 hours ago The Indian government is cracking down on startups offering Aadhaar-based identity verification through unauthorised channels. MeitY has warned firms to use
2026-01-20 22:29:59,Market Intelligence,Google Custom Search,N/A,"digital : Latest News Headlines, Videos and Photo Galleries on ...",https://www.business-standard.com/topic/digital,business-standard.com,N/A,"17 hours ago India's digital forensics sector to grow at 40 per cent CAGR to $1.39 bn by 2030, driven by regulatory demands, cybercrime surge and digital transformation"
2026-01-20 22:29:59,Market Intelligence,Google Custom Search,N/A,Legal Intelligence for Asia's Businesses | Asia Business Law Journal,https://law.asia/asia/,law.asia,N/A,8 hours ago India (GCAI) is set to launch the inaugural edition of its national Digital Banking; E-commerce; Employment Law; Energy Law; ESG; Esports; Fintech
2026-01-20 22:29:59,Market Intelligence,Google Custom Search,N/A,"Crackdown on demonstrators in Iran protests killed at least 4,029 ...",https://m.economictimes.com/news/international/world-news/crackdown-on-demonstrators-in-iran-protests-killed-at-least-4029-people-activists-say/articleshow/126743385.cms,m.economictimes.com,N/A,"15 hours ago It said of the dead, 3,786 were demonstrators, 180 security forces, 28 children and 35 were people not demonstrating. Want a Loan? Get cash against your Mutual"
2026-01-20 22:29:59,Market Intelligence,Google Custom Search,N/A,"Nikkei Asia - Business, Politics, Economy and Tech News & Analysis",https://asia.nikkei.com/,asia.nikkei.com,N/A,"6 hours ago Japan, China, India and Southeast Asia news and expert analysis published by Nikkei, an award-winning independent provider of quality journalism."
2026-01-20 22:29:59,Market Intelligence,Google Custom Search,N/A,Fintech Singapore Digital Finance News - FintechNewsSG,https://fintechnews.sg/,fintechnews.sg,N/A,"5 hours ago Fintech News Singapore provides the latest insights on the Fintech Singapore landscape covering topics like blockchain, digital wallets, payments,"
2026-01-20 22:29:59,Market Intelligence,Google Custom Search,N/A,English News Paper | Breaking News | Latest Today News in ...,https://dailypioneer.com/,dailypioneer.com,N/A,"2 hours ago A multi-cornered contests, deep ideological divisions within the major INDIA bloc partners in Congress and Shiv Sena (UBT) which fought separately without a"
2026-01-20 22:29:59,Market Intelligence,Google Custom Search,N/A,"HealthcareInfoSecurity: Healthcare infosec news, training, education",https://www.healthcareinfosecurity.com/,healthcareinfosecurity.com,N/A,"23 hours ago HealthInfoSecurity.com is your source for health industry information security related news, articles, interviews and analysis, focusing on electronic"
2026-01-20 22:29:59,Market Intelligence,Google Custom Search,N/A,Geopolitics News & Risk Analysis - Keep Pace with a Changing World,https://www.geopoliticalmonitor.com/,geopoliticalmonitor.com,N/A,"2 hours ago Providing independent and objective analysis of geopolitics news and current events for over a decade, Geopolitical Monitor reports offer actionable"
2026-01-20 22:29:59,Market Intelligence,Google Custom Search,N/A,Why Is Telegram at the Center of Uzbekistan's Expanding Extremism ...,https://thediplomat.com/2026/01/why-is-telegram-at-the-center-of-uzbekistans-expanding-extremism-blacklist/,thediplomat.com,N/A,"4 hours ago On January 10, the Supreme Court of Uzbekistan updated its blacklist of online religious content. Importing blacklisted materials into Uzbekistan,"
2026-01-20 22:29:59,Market Intelligence,Google Custom Search,N/A,Directorate of Enforcement: Home,https://enforcementdirectorate.gov.in/,enforcementdirectorate.gov.in,N/A,"8 hours ago India. ED has been given the responsibility to conduct investigation into suspected contraventions of foreign exchange laws and regulations, to adjudicate"
2026-01-20 22:29:59,Market Intelligence,Google Custom Search,N/A,Ghaziabad Development Authority,https://gdaghaziabad.in/,gdaghaziabad.in,N/A,6 hours ago PMAY Registration · FCFS Registration · Pay to GDA · E-Tender Payment Portal · Vacant Properties List · हरनन्दीपुरम योजना में विक्रय हेतु सहमति अनुरोध के लिए यहाँ क्लिक करें New
2026-01-20 22:29:59,Market Intelligence,Google Custom Search,N/A,Insolvency and Bankruptcy Board of India,https://ibbi.gov.in/liquidation-auction-notices/lists,ibbi.gov.in,N/A,"2 hours ago listing details at BAANKNET Portal. Type of AN, Date, Name of Corporate Debtor, Date of Auction, Name of Insolvency Professional, Auction Notice, Reserve Price"
2026-01-20 22:29:59,Market Intelligence,Google Custom Search,N/A,eProcurement System Government of Himachal Pradesh,https://hptenders.gov.in/nicgep/app?component=%24DirectLink&page=FrontEndTendersByOrganisation&service=direct,hptenders.gov.in,N/A,13 hours ago Himachal Pradesh Agriculture Development Society (JICA-ODA loan)||Project Director - HPCDP Project - JICA-ODA - Hamirpur||DPM - HPCDP Project - JICA-ODA
2026-01-20 22:29:59,Market Intelligence,Google Custom Search,N/A,India Inx-India International Exchange IFSC Ltd.,https://www.indiainx.com/,indiainx.com,N/A,"13 hours ago bonds and green bonds, Listing of Masala bonds India, Listing Ceremony of Indian Oil Corporation Limited , India Oil corporation, Listing Ceremony of IOCL."
2026-01-20 22:29:59,Market Intelligence,Google Custom Search,N/A,Welcome to High Court of Sindh,https://sindhhighcourt.gov.pk/,sindhhighcourt.gov.pk,N/A,"3 hours ago Tag Line: Civil disputes do not bar prosecution under the Illegal Dispossession Act and any summary dismissal on such grounds is legally untenable, as forcib"
2026-01-20 22:29:59,Market Intelligence,Google Custom Search,N/A,Jobs in India | Bank of America Careers,https://careers.bankofamerica.com/en-us/job-search/india,careers.bankofamerica.com,N/A,3 hours ago Bank of America aims to create a workplace free from the dangers and resulting consequences of illegal and illicit drug use and alcohol abuse.
2026-01-20 22:29:59,Market Intelligence,Google Custom Search,N/A,Cause List - Circuit Court Hyderabad,https://sindhhighcourt.gov.pk/causelist.php,sindhhighcourt.gov.pk,N/A,"3 hours ago Use Sindh High Court Mobile App (New Version) from play store (Android), Advance Case search, Advocate-Wise Search and Cause List for case information."
2026-01-20 22:29:59,Market Intelligence,Google Custom Search,N/A,Investor Information And Financials | Tata Capital,https://www.tatacapital.com/about-us/investor-information-and-financials.html,tatacapital.com,N/A,11 hours ago Personal Loan Application · Home Loans Application · Two Wheeler Loan INDIA. IMPORTANT: You must read and agree with the terms and conditions of the
2026-01-20 22:29:59,Market Intelligence,Google Custom Search,N/A,EO Division Report,https://doptcirculars.nic.in/EODivisionReport.aspx?Report=7,doptcirculars.nic.in,N/A,"4 hours ago Organisation. --Select--, (SECI) Solar Energy Corpn. of India, Administrative Reforms Commission, Administrative Staff College of India (ASCI), Advisory Bd Enr"
2026-01-20 22:29:59,Market Intelligence,Google Custom Search,N/A,"Moody's - credit ratings, research, and data for global capital markets",https://www.moodys.com/,moodys.com,N/A,"6 hours ago Moody's CreditView is our flagship solution for global capital markets that incorporates credit ratings, research and data from Moody's Investors Service"
2026-01-20 22:29:59,Market Intelligence,Google Custom Search,N/A,ICRA An Affiliate of Moody's,https://www.icra.in/,icra.in,N/A,"4 hours ago ICRA rates debt instruments issued by corporate entities, commercial banks, non-banking finance companies, financial institutions, public sector"
2026-01-20 22:29:59,Market Intelligence,Google Custom Search,N/A,"Ministry of External Affairs, Government of India",https://mea.gov.in/,mea.gov.in,N/A,"12 hours ago Official portal of External Affairs Ministry, Government of India. Find Statements, Interviews, Press Releases, Media Briefings and latest updates of MEA."
2026-01-20 22:29:59,Market Intelligence,Google Custom Search,N/A,Procurement News - SBI In the News,https://sbi.bank.in/web/sbi-in-the-news/procurement-news,sbi.bank.in,N/A,"3 hours ago Location, Tender Description, Start Date, End Date. LHO, LUCKNOW, RBO-III SHAHJAHANPUR: NOTICE FOR HIRING OF PREMISES FOR STATE BANK OF INDIA ,RAUSAR BRANCH"
2026-01-20 22:29:59,Market Intelligence,Google Custom Search,N/A,Tender Details Online & Submission Date - BOI,https://bankofindia.bank.in/tender,bankofindia.bank.in,N/A,23 hours ago TENDER DOCUMENT FOR AWARD OF RATE CONTRACT FOR REFILLING AND SUPPLY OF NEW FIRE EXTINGUISHERS FOR BANK' BRANCHES/ OFFICES AND RESIDENTIAL QUARTERS AT RANCHI
2026-01-20 22:29:59,Market Intelligence,Google Custom Search,N/A,SEBI | News List All,https://www.sebi.gov.in/sebiweb/home/HomeAction.do?doListingAll=yes,sebi.gov.in,N/A,"4 hours ago Date, Type, Title. Jan 20, 2026, Research, Investor Survey 2025 - Main Report and Data. Jan 20, 2026, Recovery Proceedings"
2026-01-20 22:29:59,Market Intelligence,Google Custom Search,N/A,Business Opportunities in India: Investment Ideas & Industry Insights ...,https://www.ibef.org/,ibef.org,N/A,"5 hours ago Discover India's economy, business opportunities, investment ideas, and industry research with IBEF – your trusted source for accurate insights. Learn more."
2026-01-20 22:29:59,Market Intelligence,Google Custom Search,N/A,Home | icegate,https://www.icegate.gov.in/,icegate.gov.in,N/A,3 hours ago Indian Customs National Trade Portal 2.0.
2026-01-20 22:29:59,Market Intelligence,Google Custom Search,N/A,Seasonal Forecast | India Meteorological Department,https://mausam.imd.gov.in/responsive/seasonal_forecast.php,mausam.imd.gov.in,N/A,14 hours ago Weather Video | GKMS News Letter · Database Login | Admin Login · Tenders | WMO Contact Us. Office of Director General of Meteorology India
2026-01-20 22:29:59,Market Intelligence,Google Custom Search,N/A,AM Best,https://web.ambest.com/,web.ambest.com,N/A,4 hours ago AM Best is the largest credit rating agency in the world specializing in the insurance industry. AM Best does business in over 100 countries.
2026-01-20 22:29:59,Market Intelligence,Google Custom Search,N/A,Jobs in India | Bank of America Careers,https://careers.bankofamerica.com/en-us/job-search/india,careers.bankofamerica.com,N/A,3 hours ago Browse through all Bank of America jobs available in India. You © 2026 Bank of America Corporation. All rights reserved. Connect with
2026-01-20 22:29:59,Market Intelligence,Google Custom Search,N/A,Tender Details Online & Submission Date - BOI,https://bankofindia.bank.in/tender,bankofindia.bank.in,N/A,23 hours ago TENDER DOCUMENT FOR AWARD OF RATE CONTRACT FOR REFILLING AND SUPPLY OF NEW FIRE EXTINGUISHERS FOR BANK' BRANCHES/ OFFICES AND RESIDENTIAL QUARTERS AT RANCHI
2026-01-20 22:29:59,Market Intelligence,Google Custom Search,N/A,ICRA An Affiliate of Moody's,https://www.icra.in/,icra.in,N/A,"4 hours ago ICRA rates debt instruments issued by corporate entities, commercial banks, non-banking finance companies, financial institutions, public sector"
2026-01-20 22:29:59,Market Intelligence,Google Custom Search,N/A,Directorate of Enforcement: Home,https://enforcementdirectorate.gov.in/,enforcementdirectorate.gov.in,N/A,"8 hours ago in India. ED has been given the responsibility to conduct investigation into suspected contraventions of foreign exchange laws and regulations, to"
2026-01-20 22:29:59,Market Intelligence,Google Custom Search,N/A,UK court seeks Delhi HC help in Nirav's bank fraud case trial | India ...,https://timesofindia.indiatimes.com/india/uk-court-seeks-delhi-hc-help-in-niravs-bank-fraud-case-trial/articleshow/126733560.cms,timesofindia.indiatimes.com,N/A,"17 hours ago India News: NEW DELHI: In a rare development, Delhi HC acted on communication from Supreme Court of England and Wales to record statement of a banker in"
2026-01-20 22:29:59,Market Intelligence,Google Custom Search,N/A,DBS: Trusted as the World's Best Bank | DBS Bank,https://www.dbs.com/,dbs.com,N/A,10 hours ago Long-term value. Our approach to sustainability. Here is how we are managing our business in a balanced and responsible way.LEARN MORE
2026-01-20 22:29:59,Market Intelligence,Google Custom Search,N/A,"PNB Complaint, File Complaint PNB, Punjab National Bank ...",https://pnb.bank.in/CcsrmsFormComplaint.aspx,pnb.bank.in,N/A,5 hours ago शिकायत फॉर्म/ Complaint Form · टिप्पणियां/ Remarks* (Do not share Debit/Credit card number in the remarks field) · इमेज में दिखने वाला कोड दर्ज करें/ Enter the code as shown in image
2026-01-20 22:29:59,Market Intelligence,Google Custom Search,N/A,Job Search | HSBC Group,https://mycareer.hsbc.com/,mycareer.hsbc.com,N/A,9 hours ago GSC: Senior Frontend Developer. HSBC Bank. Poland. Technology. Permanent - Full Time. Hybrid Working. 19-Jan-2026 - 19-Feb-2026. View Job.
2026-01-20 22:29:59,Market Intelligence,Google Custom Search,N/A,Insolvency and Bankruptcy Board of India,https://ibbi.gov.in/public-announcement,ibbi.gov.in,N/A,"9 hours ago 16-01-2026, 08-02-2026, VADERA TRADELINK PRIVATE LIMITED, Union Bank of India, Mr. Arvind kaushik, (2.34 MB). Public Announcement of Voluntary Liquidation"
2026-01-20 22:29:59,Market Intelligence,Google Custom Search,N/A,Administrative Procurement,https://www.worldbank.org/en/about/corporate-procurement/business-opportunities/administrative-procurement,worldbank.org,N/A,"16 hours ago January 27,2026. RFxNow 2020535 - ""Impact Case Evaluation: PEFA Assessment Reports in supporting public financial management "", 0002020535, January 19,2026"
2026-01-20 22:29:59,Market Intelligence,Google Custom Search,N/A,Student and entry-level programs | EY - India,https://www.ey.com/en_in/careers/student-entry-level-programs,ey.com,N/A,3 hours ago Apply for an internship with us and get a head start on your career. Leadership at EY programs. Accelerate your understanding of professional services and
2026-01-20 22:29:59,Market Intelligence,Google Custom Search,N/A,Ministry of Finance Year Ender 2025 Department of Economic Affairs,https://www.pib.gov.in/PressReleseDetailm.aspx?PRID=2215423,pib.gov.in,N/A,13 hours ago India underwent its third Financial Sector Assessment Programme (FSAP) Cyber Security in the Financial Sector. DEA has established institutional
2026-01-20 22:29:59,Market Intelligence,Google Custom Search,N/A,Home page - Central Electricity Authority,https://cea.nic.in/?lang=en,cea.nic.in,N/A,"6 hours ago Indian Power Sector Performance During November,2025. Conventional Capacity Addition 1320 MW. Renewable Capacity Addition 3311.53 MW."
2026-01-20 22:29:59,Market Intelligence,Google Custom Search,N/A,India AI Impact Summit 2026,https://impact.indiaai.gov.in/home/pre-summit-events,impact.indiaai.gov.in,N/A,"2 hours ago The event examined how artificial intelligence could unlock economic opportunities across industry, innovation, infrastructure, and defence while prioritizing"
2026-01-20 22:29:59,Market Intelligence,Google Custom Search,N/A,"Moody's - credit ratings, research, and data for global capital markets",https://www.moodys.com/,moodys.com,N/A,"6 hours ago Costlier and more frequent natural disasters are reshaping credit risk. Shocks are rippling across sectors, from rising insurance premiums to lower property"
2026-01-20 22:29:59,Market Intelligence,Google Custom Search,N/A,KPMG in India | Home,https://kpmg.com/in/en.html,kpmg.com,N/A,"6 hours ago KPMG in India is one of the leading providers of risk, financial services and business advisory, internal audit, corporate governance."
2026-01-20 22:29:59,Market Intelligence,Google Custom Search,N/A,ICRA An Affiliate of Moody's,https://www.icra.in/,icra.in,N/A,"4 hours ago ICRA rates debt instruments issued by corporate entities, commercial banks, non-banking finance companies, financial institutions, public sector"
2026-01-20 22:29:59,Market Intelligence,Google Custom Search,N/A,India: The Rising Epicentre of Fintech and Cybersecurity Innovation ...,https://gcc.economictimes.indiatimes.com/news/industry-trends/india-the-rising-epicentre-of-fintech-and-cybersecurity-innovation/126783579,gcc.economictimes.indiatimes.com,N/A,"7 hours ago For years, India's global capability centres in financial services and cybersecurity were viewed largely as extensions of headquarters. That equation is"
2026-01-20 22:29:59,Market Intelligence,Google Custom Search,N/A,Cybersecurity Degree vs Certification - What Builds a Great Career?,https://www.eccu.edu/blog/degree-or-certification-how-to-secure-your-future-in-the-cyber-security-sector/,eccu.edu,N/A,18 hours ago Degree Or Certification: How To Secure Your Future In The Cyber Security Sector? · Advantages of Cyber Security degree and certifications · With EC-Council
2026-01-20 22:29:59,Market Intelligence,Google Custom Search,N/A,"Computers, Monitors & Technology Solutions | Dell USA",https://www.dell.com/en-us,dell.com,N/A,"3 hours ago Dell provides technology solutions, services & support. Buy Laptops, Touch Screen PCs, Desktops, Servers, Storage, Monitors, Gaming & Accessories."
2026-01-20 22:29:59,Market Intelligence,Google Custom Search,N/A,High Court Latest Supreme Court Judgement On Banking Landmark ...,https://www.sirelmagroup.it/?e=95901101051880,sirelmagroup.it,N/A,18 hours ago High Court Latest Supreme Court Judgement On Banking Landmark Judgement Ni Act Judgements Bank Cheque Supreme Court.
2026-01-20 22:29:59,Market Intelligence,Google Custom Search,N/A,High Court of Gujarat,https://gujarathighcourt.nic.in/,gujarathighcourt.nic.in,N/A,3 hours ago Main menu · New Updates · Important Judgment
2026-01-20 22:29:59,Market Intelligence,Google Custom Search,N/A,Official Website of High Court of Bombay,https://bombayhighcourt.nic.in/recentorderjudgment.php,bombayhighcourt.nic.in,N/A,3 hours ago Judgment/Order · F.B. Judgment · D.B. Ref. Judgments · F.B. Orders · Wrapper THR PRATEEK ANIL MITTAL Vs THE SATARA SAHAKARI BANK LTD. AND ORS. JUSTICE
2026-01-20 22:29:59,Market Intelligence,Google Custom Search,N/A,Welcome to High Court of Sindh,https://sindhhighcourt.gov.pk/,sindhhighcourt.gov.pk,N/A,"3 hours ago Matter: Against Judgment Citation: 2025 SHC HYD 3345 Rehan Shahab (Petitioner) V/S Banking Court No. II & others (Respondent) Sindh High Court, Karachi"
2026-01-20 22:29:59,Market Intelligence,Google Custom Search,N/A,NCR Builder-Bank Loan Fraud Nexus | Supreme Court Asks Delhi ...,https://www.livelaw.in/amp/top-stories/ncr-builder-bank-loan-fraud-nexus-supreme-court-asks-delhi-magistrate-to-proceed-after-considering-cbi-chargesheets-519759,livelaw.in,N/A,"3 hours ago The Supreme Court today ordered the Metropolitan Magistrate, Rouse Avenue Court, Delhi, to proceed with the trial in the charge sheets filed by the CBI in"
2026-01-20 22:29:59,Market Intelligence,Google Custom Search,N/A,"THE GAUHATI HIGH COURT – High Court of Assam, Nagaland ...",https://ghconline.gov.in/,ghconline.gov.in,N/A,"7 hours ago The Gauhati High Court as of today emerged from the High Court of Assam. On 9th September 1947, the Assam Legislative Assembly adopted a resolution."
2026-01-20 22:29:59,Market Intelligence,Google Custom Search,N/A,"Press Release dated November 11, 2025 | Supreme Court of India ...",https://www.sci.gov.in/view-pdf/?diary_no=473952018&type=o&order_date=2026-01-19&from=latest_judgements_order,sci.gov.in,N/A,12 hours ago High Contrast. Normal Contrast. Highlight Links. Invert. Saturation. Text Size. Font Basic Structure Judgment · Webcast · Multimedia · Photo Gallery · Full
2026-01-20 22:29:59,Market Intelligence,Google Custom Search,N/A,"Kerala High Court, For Now, Directs Central Govt. Not To Levy Tax ...",https://www.livelaw.in/high-court/kerala-high-court/kerala-high-court-gst-exemption-group-insurance-policies-519685,livelaw.in,N/A,"11 hours ago The Kerala High Court on Monday (January 19) passed an interim order directing the Central government, GST Council, Union Bank and others not to levy Goods"
2026-01-20 22:29:59,Market Intelligence,Google Custom Search,N/A,Recent judgments,https://tanzlii.org/judgments/,tanzlii.org,N/A,9 hours ago Whether the High Court erred by awarding 12 months' compensation instead of the appellant's claimed 60 months for unfair termination. Employment law – unfair
2026-01-20 22:29:59,Market Intelligence,Google Custom Search,N/A,KHC Online - Judgements | Articles | Statutes,https://khc.in/,khc.in,N/A,"5 hours ago 2026 KHC OnLine 1532. CORAM 1. 19 January, 2026 | Kerala High Court. Kerala Protection of River Banks"
2026-01-20 22:29:59,Market Intelligence,Google Custom Search,N/A,Official Website of High Court of Bombay,https://bombayhighcourt.nic.in/recentorderjudgment.php,bombayhighcourt.nic.in,N/A,"3 hours ago Sr.No. Matter No. Party, Coram, Order Date. 1, APEAL/1144/2024. BOMBAY new, YUSUF KHAN S/O BAHADUR KHAN Vs STATE OF MAHARASHTRA AND ANR."
2026-01-20 22:29:59,Market Intelligence,Google Custom Search,N/A,European Central Bank,https://www.ecb.europa.eu/,ecb.europa.eu,N/A,2 hours ago The European Central Bank (ECB) is the central bank of the European Union countries which have adopted the euro. Our main task is to maintain price
2026-01-20 22:29:59,Market Intelligence,Google Custom Search,N/A,ICICI Bank - Wikipedia,https://en.wikipedia.org/wiki/ICICI_Bank,en.wikipedia.org,N/A,4 hours ago ICICI Bank Limited is an Indian multinational bank and financial services company. headquartered in Mumbai with a registered office in Vadodara.
2026-01-20 22:29:59,Market Intelligence,Google Custom Search,N/A,"THE GAUHATI HIGH COURT – High Court of Assam, Nagaland ...",https://ghconline.gov.in/,ghconline.gov.in,N/A,"7 hours ago The Gauhati High Court as of today emerged from the High Court of Assam. On 9th September 1947, the Assam Legislative Assembly adopted a resolution."
2026-01-20 22:29:59,Market Intelligence,Google Custom Search,N/A,"Kerala High Court, For Now, Directs Central Govt. Not To Levy Tax ...",https://www.livelaw.in/high-court/kerala-high-court/kerala-high-court-gst-exemption-group-insurance-policies-519685,livelaw.in,N/A,"11 hours ago The Kerala High Court on Monday (January 19) passed an interim order directing the Central government, GST Council, Union Bank and others not to levy Goods"
2026-01-20 22:29:59,Market Intelligence,Google Custom Search,N/A,The 10 Best Hyderabad Lawyers for Banking / Finance Case ...,https://lawrato.com/banking-finance-lawyers/hyderabad,lawrato.com,N/A,"3 hours ago The cost for a Banking / Finance lawyer in Hyderabad differs contingent on various components, including the case type, attorney's understanding, experience,"
2026-01-20 22:29:59,Market Intelligence,Google Custom Search,N/A,"Lost your bank locker keys? Know how you can replace it, how ...",https://m.economictimes.com/wealth/legal/will/lost-your-locker-keys-know-how-you-can-replace-it-how-much-it-will-cost-and-your-legal-rights/articleshow/126786821.cms,m.economictimes.com,N/A,"6 hours ago While the process is governed by RBI rules, many locker holders remain unclear about what banks can insist on and where customers have legal protection. Here's"
2026-01-20 22:29:59,Market Intelligence,Google Custom Search,N/A,NCR Builder-Bank Loan Fraud Nexus | Supreme Court Asks Delhi ...,https://www.livelaw.in/amp/top-stories/ncr-builder-bank-loan-fraud-nexus-supreme-court-asks-delhi-magistrate-to-proceed-after-considering-cbi-chargesheets-519759,livelaw.in,N/A,"3 hours ago The Supreme Court today ordered the Metropolitan Magistrate, Rouse Avenue Court, Delhi, to proceed with the trial in the charge sheets filed by the CBI in"
2026-01-20 22:29:59,Market Intelligence,Google Custom Search,N/A,The 10 Best Bangalore / Bengaluru Lawyers for Banking / Finance ...,https://lawrato.com/banking-finance-lawyers/bangalore,lawrato.com,N/A,"2 hours ago To shortlist the perfect Banking / Finance lawyer in Bangalore / Bengaluru for your case, you will find a list of lawyers in the listings provided by LawRato,"
2026-01-20 22:29:59,Market Intelligence,Google Custom Search,N/A,"Duped of Rs 331,000: Should I involve RBI again to recover ...",https://gurus.rediff.com/question/qdtl/money/became-victim-cyber-crime-legal-procedure-court-ordered-cyber-police/5182195,gurus.rediff.com,N/A,"12 hours ago What a I feel is , if had the bank taken immediately action after receiving court order from cyber police, I could have been paid entire amount of Rs 331000/-"
2026-01-20 22:29:59,Market Intelligence,Google Custom Search,N/A,Goods to turn cheaper as GST Council brings more consumer items ...,https://ddnews.gov.in/en/goods-to-turn-cheaper-as-gst-council-brings-more-consumer-items-under-lower-tax-rates/,ddnews.gov.in,N/A,"6 hours ago The Goods and Services Tax (GST) Council has decided to bring a wider range of consumer goods under the lower tax slab, in a move aimed at easing the burden"
2026-01-20 22:29:59,Market Intelligence,Google Custom Search,N/A,APEDA: Home,https://apeda.gov.in/,apeda.gov.in,N/A,3 hours ago Agricultural and Processed Food Products Export Development Authority APEDA.
2026-01-20 22:29:59,Market Intelligence,Google Custom Search,N/A,GST collections rise 6.1% in December to Rs 1.75 lakh crore | DD ...,https://ddnews.gov.in/en/gst-collections-rise-6-1-in-december-to-rs-1-75-lakh-crore/,ddnews.gov.in,N/A,"3 hours ago The GST Council, established under the Constitution to guide GST policy, has played a central role in shaping and reforming the indirect tax system. The Council"
2026-01-20 22:29:59,Market Intelligence,Google Custom Search,N/A,"Sitharaman to attend GoM meeting on Aug 20, explain next-gen ...",https://www.taxtmi.com/news?id=52800,taxtmi.com,N/A,"22 hours ago If the Centre's proposal is accepted by the GoM, it would be placed before the GST Council, chaired by Sitharaman and comprising finance ministers from all"
2026-01-20 22:29:59,Market Intelligence,Google Custom Search,N/A,OECD: The Organisation for Economic Co-operation and ...,https://www.oecd.org/,oecd.org,N/A,3 hours ago Featured topics; Agriculture and fisheries; Climate change; Development; Digital; Economy; Education and skills; Employment; Environment; Finance and
2026-01-20 22:29:59,Market Intelligence,Google Custom Search,N/A,Lok Sabha passes Manipur Goods and Services Tax (Amendment) Bill,https://www.taxtmi.com/news?id=51814,taxtmi.com,N/A,"24 hours ago The legislature passed an amendment to the state Goods and Services Tax Act to implement GST Council decisions, replacing an earlier ordinance."
2026-01-20 22:29:59,Market Intelligence,Google Custom Search,N/A,Goods And Services Tax: Constitutional Law and Policy,https://www.ebcwebstore.com/product/goods-and-services-tax-constitutional-law-and-policy-tarun-jain?products_id=99022062,ebcwebstore.com,N/A,"1 hour ago An authoritative analysis of GST's constitutional law and policy, examining the 101st Amendment, GST Council, key concepts, and landmark Supreme Court."
2026-01-20 22:29:59,Market Intelligence,Google Custom Search,N/A,Pondicherry University,https://www.pondiuni.edu.in/,pondiuni.edu.in,N/A,"5 hours ago Internal Services. As part of the 'Digital India Programme', Pondicherry University digitalizing our services with native build in-house applications. FMS"
2026-01-20 22:29:59,Market Intelligence,Google Custom Search,N/A,Foreign Direct Investment in India | FDI Trends & Insights,https://www.ibef.org/economy/foreign-direct-investment,ibef.org,N/A,"16 hours ago The implementation of the Goods and Services Tax (GST) has further simplified the tax framework and increased transparency, while Special Economic Zones"
2026-01-20 22:29:59,Market Intelligence,Google Custom Search,N/A,ICRA Research,https://www.icra.in/Research,icra.in,N/A,"11 hours ago ICRA Research is based on our analysts' insights, gained from rating corporates and financial sector entities. The research reports are tailored to meet the"
2026-01-20 22:29:59,Market Intelligence,Google Custom Search,N/A,"The Economic Times: Business News Live, Share Market News ...",https://m.economictimes.com/,m.economictimes.com,N/A,"3 hours ago Business news today: Read India Business News Live. Latest Business news and updates on Finance, share market, IPO, and economy. Discover Business News"
2026-01-20 22:29:59,Market Intelligence,Google Custom Search,N/A,Ujjivan Small Finance Bank Share Price Today - Stocks,https://www.icicidirect.com/stocks/ujjivan-small-finance-bank-ltd-share-price,icicidirect.com,N/A,"17 hours ago FRANKLIN INDIA OPPORTUNITES FUND, Institutional, 69,423,505, 3.6%. BANDHAN LARGE & MID CAP FUND, Institutional, 42,058,452, 2.2%."
2026-01-20 22:29:59,Market Intelligence,Google Custom Search,N/A,"small finance bank: Latest News & Videos, Photos about small ...",https://economictimes.indiatimes.com/topic/small-finance-bank,economictimes.indiatimes.com,N/A,"2 hours ago The Reserve Bank of India has strengthened priority sector lending compliance, mandating external auditor certificates from intermediaries t 19 Jan, 2026,"
2026-01-20 22:29:59,Market Intelligence,Google Custom Search,N/A,"Utkarsh Small Finance Bank Limited Price: Quote, Forecast, Charts ...",https://www.perplexity.ai/finance/UTKARSHBNK.BO,perplexity.ai,N/A,11 hours ago news and moves largely reflecting broader sentiment in Indian small finance bank stocks. banks in India report rising non-performing assets in their
2026-01-20 22:29:59,Market Intelligence,Google Custom Search,N/A,"Q3 results 2026: ITC Hotels, AU Small Finance, Gujarat Gas among ...",https://www.livemint.com/market/stock-market-news/q3-results-2026-itc-hotels-au-small-finance-gujarat-gas-among-companies-to-declare-earnings-today-check-full-list-11768875398716.html,livemint.com,N/A,"14 hours ago Q3 results today: ITC Hotels, AU Small Finance Bank, Gujarat Gas, SRF, Rallis India, Persistent Systems, and Shoppers Stop are among companies to declare"
2026-01-20 22:29:59,Market Intelligence,Google Custom Search,N/A,Utkarsh Small Finance Bank Limited: Long-term rating downgraded ...,https://www.icra.in/Rating/RatingDetails?CompanyId=27752&CompanyName=Utkarsh%20Small%20Finance%20Bank%20Limited,icra.in,N/A,11 hours ago Subordinated Debt [ICRA]A (Negative) · Certificates of Deposit [ICRA]A1+.
2026-01-20 22:29:59,Market Intelligence,Google Custom Search,N/A,"Q3 Results 2026: ITC Hotels, AU Small Finance Bank, Gujarat Gas ...",https://www.5paisa.com/news/q3-results-2026-itc-hotels-au-small-finance-bank-gujarat-gas-lead-earnings-announcements-today,5paisa.com,N/A,10 hours ago The latest releases will provide information about continuing developments in each sector during periods of economic change. join-club Invest in Indian Markets
2026-01-20 22:29:59,Market Intelligence,Google Custom Search,N/A,"Q3 Results: Persistent Systems, SRF, United Spirits, ITC Hotels, AU ...",https://upstox.com/news/market-news/earnings/q3-results-persistent-systems-srf-united-spirits-itc-hotels-au-small-finance-bank-gujarat-gas-among-others-to-post-earnings-on-jan-20-check-list/article-188005/,upstox.com,N/A,"15 hours ago Q3 Results: Persistent Systems, SRF, United Spirits, ITC Hotels, AU Small Finance Bank, Gujarat Gas, among others to post earnings on Jan 20; check list. Kamal"
2026-01-20 22:29:59,Market Intelligence,Google Custom Search,N/A,Procurement News - SBI In the News,https://sbi.bank.in/web/sbi-in-the-news/procurement-news,sbi.bank.in,N/A,"2 hours ago Location, Tender Description, Start Date, End Date. LHO, LUCKNOW, RBO-III SHAHJAHANPUR: NOTICE FOR HIRING OF PREMISES FOR STATE BANK OF INDIA ,RAUSAR BRANCH"
2026-01-20 22:29:59,Market Intelligence,Google Custom Search,N/A,Ujjivan Small Finance Bank Ltd - Share/Stock Price,https://www.moneycontrol.com/india/stockpricequote/bank-private/ujjivansmallfinancebank/USF,moneycontrol.com,N/A,4 hours ago Ujjivan Small Share Price: Find the latest news on Ujjivan Small Stock Price. Get all the information on Ujjivan Small with historic price charts for NSE
2026-01-20 22:29:59,Market Intelligence,Google Custom Search,N/A,ICICI Bank - Wikipedia,https://en.wikipedia.org/wiki/ICICI_Bank,en.wikipedia.org,N/A,4 hours ago ICICI Bank Limited is an Indian multinational bank and financial services company. headquartered in Mumbai with a registered office in Vadodara.
2026-01-20 22:29:59,Market Intelligence,Google Custom Search,N/A,Blueprints of strategy: an empirical study of business models in rural ...,https://link.springer.com/article/10.1186/s43093-026-00740-w,link.springer.com,N/A,"12 hours ago Rural Cooperative Banks (RCBs) form a significant part of the Indian financial ecosystem, with 11% share in lending. However, their business models have be."
2026-01-20 22:29:59,Market Intelligence,Google Custom Search,N/A,Indian Cooperative,https://www.indiancooperative.com/,indiancooperative.com,N/A,4 hours ago NEWSSNIPPETS · Cosmos Bank marks 120 Years of Cooperative Banking · IFFCO holds Quarterly Review Meeting at New Delhi · PSB MSME lending a Wake-Up Call for UCBs:
2026-01-20 22:29:59,Market Intelligence,Google Custom Search,N/A,Achievements of Cooperatives in India,https://www.drishtiias.com/daily-updates/daily-news-analysis/achievements-of-cooperatives-in-india,drishtiias.com,N/A,"5 hours ago Technological Integration: Implement mobile banking, online account opening, and digital payment systems to attract tech-savvy members and improve operational"
2026-01-20 22:29:59,Market Intelligence,Google Custom Search,N/A,The World Economic Forum,https://www.weforum.org/,weforum.org,N/A,6 hours ago Learn about World Economic Forum's latest work and impact through the latest key messages on our Homepage.
2026-01-20 22:29:59,Market Intelligence,Google Custom Search,N/A,About ADB | Asian Development Bank,https://www.adb.org/who-we-are/about,adb.org,N/A,"4 hours ago ADB is a leading multilateral development bank supporting inclusive, resilient, and sustainable growth across Asia and the Pacific."
2026-01-20 22:29:59,Market Intelligence,Google Custom Search,N/A,RBI Imposes ₹1 Lakh Penalty on Nandura Urban Cooperative Bank,https://www.moneylife.in/article/rbi-imposes-1-lakh-penalty-on-nandura-urban-cooperative-bank/79424.html,moneylife.in,N/A,12 hours ago Reserve Bank of India (RBI) has imposed a penalty of ₹1 lakh on Maharashtra-based Nandura Urban Cooperative Bank Ltd for non-compliance with its directions
2026-01-20 22:29:59,Market Intelligence,Google Custom Search,N/A,European Central Bank,https://www.ecb.europa.eu/,ecb.europa.eu,N/A,3 hours ago The European Central Bank (ECB) is the central bank of the European Union countries which have adopted the euro. Our main task is to maintain price
2026-01-20 22:29:59,Market Intelligence,Google Custom Search,N/A,India's World Magazine | www.indiasworld.in,https://indiasworld.in/,indiasworld.in,N/A,"11 hours ago India's World provides a platform for incisive, analytical, and thought-provoking discussions on India's role in international affairs."
2026-01-20 22:29:59,Market Intelligence,Google Custom Search,N/A,"Home | Chief Secretary Office, Government of Haryana, India",https://csharyana.gov.in/en-us/,csharyana.gov.in,N/A,3 hours ago Skip to main content. Decrease text size Normal text size Increase text size. Black Theme; Default Theme; screen reader. English | हिन्दी. Search Label:.
2026-01-20 22:29:59,Market Intelligence,Google Custom Search,N/A,Procurement News - SBI In the News,https://sbi.bank.in/web/sbi-in-the-news/procurement-news,sbi.bank.in,N/A,"1 hour ago Location, Tender Description, Start Date, End Date. LHO, LUCKNOW, RBO-III SHAHJAHANPUR: NOTICE FOR HIRING OF PREMISES FOR STATE BANK OF INDIA ,RAUSAR BRANCH"
2026-01-20 22:29:59,Market Intelligence,Google Custom Search,N/A,"The Economic Times: Business News Live, Share Market News ...",https://m.economictimes.com/,m.economictimes.com,N/A,"3 hours ago Business news today: Read India Business News Live. Latest Business news and updates on Finance, share market, IPO, and economy. Discover Business News"
2026-01-20 22:29:59,Market Intelligence,Google Custom Search,N/A,Business Opportunities in India: Investment Ideas & Industry Insights ...,https://www.ibef.org/,ibef.org,N/A,"2 hours ago Discover India's economy, business opportunities, investment ideas, and industry research with IBEF – your trusted source for accurate insights. Learn more."
2026-01-20 22:29:59,Market Intelligence,Google Custom Search,N/A,PNB Tenders | View Latest Tender Notices – Punjab National Bank,https://pnb.bank.in/tender.aspx,pnb.bank.in,N/A,"15 hours ago Browse the latest tender notices from Punjab National Bank. Access procurement opportunities, bid details, submission deadlines, and vendor guidelines"
2026-01-20 22:29:59,Market Intelligence,Google Custom Search,N/A,"Moody's - credit ratings, research, and data for global capital markets",https://www.moodys.com/,moodys.com,N/A,"6 hours ago Moody's CreditView is our flagship solution for global capital markets that incorporates credit ratings, research and data from Moody's Investors Service"
2026-01-20 22:29:59,Market Intelligence,Google Custom Search,N/A,"PNB E-Auction, Punjab National Bank Auction, Property Auction ...",https://pnb.bank.in/EAuction.aspx,pnb.bank.in,N/A,"7 hours ago Participate in Punjab National Bank's E-Auction to bid on secured assets, foreclosed properties, and bank auctions online. Get the best deals on various"
2026-01-20 22:29:59,Market Intelligence,Google Custom Search,N/A,All Rating Rationales,https://www.icra.in/Rating/AllRatingRationales,icra.in,N/A,4 hours ago Rating Rationales · Structured Finance Rating Rationales · Our Rating Approach & Methodologies · Webinars · Credit Perspective Reports · Research Reports · ICRA
2026-01-20 22:29:59,Market Intelligence,Google Custom Search,N/A,Tender Details Online & Submission Date - BOI,https://bankofindia.bank.in/tender,bankofindia.bank.in,N/A,23 hours ago TENDER DOCUMENT FOR AWARD OF RATE CONTRACT FOR REFILLING AND SUPPLY OF NEW FIRE EXTINGUISHERS FOR BANK' BRANCHES/ OFFICES AND RESIDENTIAL QUARTERS AT RANCHI
2026-01-20 22:29:59,Market Intelligence,Google Custom Search,N/A,ICRA An Affiliate of Moody's,https://www.icra.in/,icra.in,N/A,"4 hours ago ICRA rates debt instruments issued by corporate entities, commercial banks, non-banking finance companies, financial institutions, public sector"
2026-01-20 22:29:59,Market Intelligence,Google Custom Search,N/A,Current Opportunities,https://bankofbaroda.bank.in/career/current-opportunities,bankofbaroda.bank.in,N/A,3 hours ago Baroda Education Loan for EDP being offered by Premier Institutions in India Car Loan: Apply for auto loan online by Bank of Baroda at an attractive
2026-01-20 22:29:59,Market Intelligence,Google Custom Search,N/A,All Research Reports,https://www.icra.in/Research/AllResearchReports?isSpecialComments=true,icra.in,N/A,"19 hours ago ICRA Research is based on our analysts' insights, gained from rating corporates and financial sector entities."
2026-01-20 22:29:59,Market Intelligence,Google Custom Search,N/A,Tender Details Online & Submission Date - BOI,https://bankofindia.bank.in/tender,bankofindia.bank.in,N/A,23 hours ago TENDER DOCUMENT FOR AWARD OF RATE CONTRACT FOR REFILLING AND SUPPLY OF NEW FIRE EXTINGUISHERS FOR BANK' BRANCHES/ OFFICES AND RESIDENTIAL QUARTERS AT RANCHI
2026-01-20 22:29:59,Market Intelligence,Google Custom Search,N/A,ICRA An Affiliate of Moody's,https://www.icra.in/,icra.in,N/A,"4 hours ago ICRA rates debt instruments issued by corporate entities, commercial banks, non-banking finance companies, financial institutions, public sector"
2026-01-20 22:29:59,Market Intelligence,Google Custom Search,N/A,Savings Account Interest Calculator | Vehicle Loan EMI Calculator,https://www.pnb.bank.in/Calculator_.aspx/document/images/card/education.aspx,pnb.bank.in,N/A,21 hours ago Fixed Deposit Calculator Recurring Deposit Calculator. Monthly Loan EMI (Approx.). Loan Amount. Rate of Interest. Period (In Months).
2026-01-20 22:29:59,Market Intelligence,Google Custom Search,N/A,All Rating Rationales,https://www.icra.in/Rating/AllRatingRationales,icra.in,N/A,4 hours ago Rating Rationales · Structured Finance Rating Rationales · Our Rating Approach & Methodologies · Webinars · Credit Perspective Reports · Research Reports · ICRA
2026-01-20 22:29:59,Market Intelligence,Google Custom Search,N/A,51545 Vehicle Finance Job Vacancies In January 2026 - Naukri.com,https://www.naukri.com/vehicle-finance-jobs,naukri.com,N/A,17 hours ago 51545 Vehicle Finance Jobs Available On Naukri.com. Explore Vehicle Finance Job Vacancies In Your Desired Locations Now!
2026-01-20 22:29:59,Market Intelligence,Google Custom Search,N/A,"PNB E-Auction, Punjab National Bank Auction, Property Auction ...",https://pnb.bank.in/EAuction.aspx,pnb.bank.in,N/A,"7 hours ago Participate in Punjab National Bank's E-Auction to bid on secured assets, foreclosed properties, and bank auctions online. Get the best deals on various"
2026-01-20 22:29:59,Market Intelligence,Google Custom Search,N/A,List of Documents Required for Car Loan (2026) | Axis Bank,https://www.axis.bank.in/loans/car-loan/documents,axis.bank.in,N/A,"8 hours ago Axis Bank offers up to 100% financing for vehicle purchases. A few fundamental car loan documents, like the application form and KYC (know your customer)"
2026-01-20 22:29:59,Market Intelligence,Google Custom Search,N/A,"Find AU Small Finance Bank Branch Near me in Dausa, Mahua ...",https://locate.au.bank.in/au-small-finance-bank-mahwa-asset-centre-banks-mahua-dausa-472335/Home,locate.au.bank.in,N/A,"11 hours ago About Us. In 2017, after receiving the Reserve Bank of India's approval, AU transitioned into a Small Finance Bank, offering a full suite of banking services."
2026-01-20 22:29:59,Market Intelligence,Google Custom Search,N/A,Procurement News - SBI In the News,https://sbi.bank.in/web/sbi-in-the-news/procurement-news,sbi.bank.in,N/A,"1 hour ago Location, Tender Description, Start Date, End Date. LHO, LUCKNOW, RBO-III SHAHJAHANPUR: NOTICE FOR HIRING OF PREMISES FOR STATE BANK OF INDIA ,RAUSAR BRANCH"
2026-01-20 22:29:59,Market Intelligence,Google Custom Search,N/A,"PNB E-Auction, Punjab National Bank Auction, Property Auction ...",https://pnb.bank.in/EAuction.aspx,pnb.bank.in,N/A,"7 hours ago Participate in Punjab National Bank's E-Auction to bid on secured assets, foreclosed properties, and bank auctions online. Get the best deals on various"
2026-01-20 22:29:59,Market Intelligence,Google Custom Search,N/A,All Rating Rationales,https://www.icra.in/Rating/AllRatingRationales,icra.in,N/A,4 hours ago Rating Rationales · Structured Finance Rating Rationales · Our Rating Approach & Methodologies · Webinars · Credit Perspective Reports · Research Reports · ICRA
2026-01-20 22:29:59,Market Intelligence,Google Custom Search,N/A,PNB Tenders | View Latest Tender Notices – Punjab National Bank,https://pnb.bank.in/tender.aspx,pnb.bank.in,N/A,15 hours ago Tender for composite work of MCC Raigarh CO Bilaspur · Prev · 1 · 2 · 3 · 4 · 5 · 6 · 7
2026-01-20 22:29:59,Market Intelligence,Google Custom Search,N/A,Savings Account Interest Calculator | Vehicle Loan EMI Calculator,https://www.pnb.bank.in/Calculator_.aspx/document/images/card/education.aspx,pnb.bank.in,N/A,21 hours ago Default font Increase font; Color Blindness. PNB India. Search Search. Retail PNB power ride` scheme for financing two wheelers to women · Explore now
2026-01-20 22:29:59,Market Intelligence,Google Custom Search,N/A,Auction Notices - TJSB Bank,https://www.tjsb.bank.in/Auctions1,tjsb.bank.in,N/A,"11 hours ago Auction At A Glance. Sr.No. Branch, Auction notice published in News Paper (Click on newspaper for details), Borrower Name, Date & Time of Inspection"
2026-01-20 22:29:59,Market Intelligence,Google Custom Search,N/A,Apply for Multicurrency Platinum ForexPlus Chip Card | HDFC Bank,https://www.hdfc.bank.in/forex-cards/multicurrency-platinum-forexplus-chip-forex-card,hdfc.bank.in,N/A,"7 hours ago (Usage of the card is not allowed in India, Nepal and Bhutan.) HDFC Bank Multicurrency Forex Card works just like any Debit / Credit Card for making payments at"
2026-01-20 22:29:59,Market Intelligence,Google Custom Search,N/A,OECD: The Organisation for Economic Co-operation and ...,https://www.oecd.org/,oecd.org,N/A,3 hours ago Featured topics; Agriculture and fisheries; Climate change; Development; Digital; Economy; Education and skills; Employment; Environment; Finance and
2026-01-20 22:29:59,Market Intelligence,Google Custom Search,N/A,"The Economic Times: Business News Live, Share Market News ...",https://m.economictimes.com/,m.economictimes.com,N/A,"3 hours ago Business news today: Read India Business News Live. Latest Business news and updates on Finance, share market, IPO, and economy. Discover Business News"
2026-01-20 22:29:59,Market Intelligence,Google Custom Search,N/A,"Chief Secretary, Haryana",https://csharyana.gov.in/en-us/,csharyana.gov.in,N/A,"3 hours ago Default Theme; screen reader. English | हिन्दी. Search Label: Search. Chief Secretary Office, Government of Haryana, India. Chief Secretary Office."
2026-01-20 22:29:59,Market Intelligence,Google Custom Search,N/A,Europe | Latest News & Updates | BBC News,https://www.bbc.co.uk/news/world/europe,bbc.co.uk,N/A,"2 hours ago Get all the latest news, live updates and content about Europe from across the BBC Two boats are seen in a canal - in the foreground is a grey inflatable with."
2026-01-20 22:29:59,Market Intelligence,Google Custom Search,N/A,Used Car Loan EMI Calculator Easily Calculate Your EMI | Axis Bank,https://www.axis.bank.in/calculators/used-car-loan-emi-calculator,axis.bank.in,N/A,10 hours ago Calculate the monthly EMI for a used car loan with our accurate used car EMI calculator and make on-time payments. Calculator; Other Calculators; Learning Hub.
2026-01-20 22:29:59,Market Intelligence,Google Custom Search,N/A,Check Complaint Status | Track Your Complaint Request – Punjab ...,https://pnb.bank.in/ccsrms-status-complaint.aspx,pnb.bank.in,N/A,8 hours ago PNB Car Loan For Public · PNB power ride` scheme for financing two wheelers to Loan application Form Stand Up India. General Guidelines for Financing
2026-01-20 22:29:59,Market Intelligence,Google Custom Search,N/A,List of Documents Required for Car Loan (2026) | Axis Bank,https://www.axis.bank.in/loans/car-loan/documents,axis.bank.in,N/A,"8 hours ago Axis Bank offers up to 100% financing for vehicle purchases. A few fundamental car loan documents, like the application form and KYC (know your customer)"
2026-01-20 22:29:59,Market Intelligence,Google Custom Search,N/A,"PNB Complaint, File Complaint PNB, Punjab National Bank ...",https://pnb.bank.in/CcsrmsFormComplaint.aspx,pnb.bank.in,N/A,5 hours ago शिकायत फॉर्म/ Complaint Form · टिप्पणियां/ Remarks* (Do not share Debit/Credit card number in the remarks field) · इमेज में दिखने वाला कोड दर्ज करें/ Enter the code as shown in image
2026-01-20 22:29:59,Market Intelligence,Google Custom Search,N/A,Tender Details Online & Submission Date - BOI,https://bankofindia.bank.in/tender,bankofindia.bank.in,N/A,23 hours ago TENDER DOCUMENT FOR AWARD OF RATE CONTRACT FOR REFILLING AND SUPPLY OF NEW FIRE EXTINGUISHERS FOR BANK' BRANCHES/ OFFICES AND RESIDENTIAL QUARTERS AT RANCHI
2026-01-20 22:29:59,Market Intelligence,Google Custom Search,N/A,Financial Conduct Authority | FCA,https://www.fca.org.uk/,fca.org.uk,N/A,"6 hours ago The FCA enables a fair and thriving financial services market, for the good of consumers and the economy."
2026-01-20 22:29:59,Market Intelligence,Google Custom Search,N/A,Platinum Plus Credit Card - Enjoy 0% Fuel Surcharge & Attractive ...,https://www.hdfc.bank.in/credit-cards/platinum-plus-credit-card,hdfc.bank.in,N/A,"9 hours ago Save up to Rs.1500 in a year on your fuel transactions with Platinum Plus Credit Card & get attractive reward points, interest free credit facility & free"
2026-01-20 22:29:59,Market Intelligence,Google Custom Search,N/A,"Territory Manager-Car Loans in Coimbatore, Tamil Nadu, India ...",https://careers.idfcfirstbank.com/in/en/job/P-199538/Territory-Manager-Car-Loans,careers.idfcfirstbank.com,N/A,"3 hours ago Apply for Territory Manager-Car Loans job with IDFC FIRST Bank in Coimbatore, Tamil Nadu, India. Sales & Relationship Management- Retail Banking at IDFC"
2026-01-20 22:29:59,Market Intelligence,Google Custom Search,N/A,Gold Loan eligibility calculator | Bank of Baroda,https://bankofbaroda.bank.in/calculators/gold-loan-calculator,bankofbaroda.bank.in,N/A,"3 hours ago Use our Gold Loan Calculator online to check your eligibility, calculate EMI & interest rates. Get instant results with our gold loan calculator for your"
2026-01-20 22:29:59,Market Intelligence,Google Custom Search,N/A,"Sales Manager-Car Loans in Silchar, Assam, India | Sales ...",https://careers.idfcfirstbank.com/in/en/job/P-201974/Sales-Manager-Car-Loans,careers.idfcfirstbank.com,N/A,"10 hours ago Apply for Sales Manager-Car Loans job with IDFC FIRST Bank in Silchar, Assam, India. Sales & Relationship Management- Retail Banking at IDFC FIRST Bank."
2026-01-20 22:29:59,Market Intelligence,Google Custom Search,N/A,"The Economic Times: Business News Live, Share Market News ...",https://m.economictimes.com/,m.economictimes.com,N/A,"3 hours ago Business news today: Read India Business News Live. Latest Business news and updates on Finance, share market, IPO, and economy. Discover Business News"
2026-01-20 22:29:59,Market Intelligence,Google Custom Search,N/A,Procurement News - SBI In the News,https://sbi.bank.in/web/sbi-in-the-news/procurement-news,sbi.bank.in,N/A,"3 hours ago RBO/CTC-V/05/2025-26/08: TENDER NOTICE FOR REQUIREMENT OF COMMERCIAL SPACE FOR SHIFTING OF CUTTACK CITY BRANCH UNDER RBO-CUTTACK. 17-Jan-2026, 30-Jan-2026."
2026-01-20 22:29:59,Market Intelligence,Google Custom Search,N/A,Tender Details Online & Submission Date - BOI,https://bankofindia.bank.in/tender,bankofindia.bank.in,N/A,23 hours ago TENDER DOCUMENT FOR AWARD OF RATE CONTRACT FOR REFILLING AND SUPPLY OF NEW FIRE EXTINGUISHERS FOR BANK' BRANCHES/ OFFICES AND RESIDENTIAL QUARTERS AT RANCHI
2026-01-20 22:29:59,Market Intelligence,Google Custom Search,N/A,Brands & Brand Groups | Volkswagen Group,https://www.volkswagen-group.com/en/brands-and-brand-groups-15811,volkswagen-group.com,N/A,"3 hours ago In addition to its core brands, the Volkswagen Group also relies on strong subsidiaries and strategic partners across heavy commercial vehicles, engineering,"
2026-01-20 22:29:59,Market Intelligence,Google Custom Search,N/A,ACEA - European Automobile Manufacturers' Association,https://www.acea.auto/,acea.auto,N/A,"4 hours ago The European Automobile Manufacturers' Association (ACEA) unites Europe's 15 major car, truck, van and bus makers. We are the voice of the EU auto industry."
2026-01-20 22:29:59,Market Intelligence,Google Custom Search,N/A,All Research Reports,https://www.icra.in/Research/AllResearchReports?isSpecialComments=true,icra.in,N/A,"19 hours ago ICRA Research is based on our analysts' insights, gained from rating corporates and financial sector entities."
2026-01-20 22:29:59,Market Intelligence,Google Custom Search,N/A,Shriram Finance Ltd. - Share/Stock Price,https://www.moneycontrol.com/india/stockpricequote/finance-leasinghire-purchase/shriramfinance/STF,moneycontrol.com,N/A,5 hours ago Shriram Finance Share Price: Find the latest news on Shriram Finance Stock Price. Get all the information on Shriram Finance with historic price charts for
2026-01-20 22:29:59,Market Intelligence,Google Custom Search,N/A,Valeo - Smart technology for smarter mobility,https://www.valeo.com/en/,valeo.com,N/A,"5 hours ago Valeo is an automotive supplier and partner to automakers worldwide. As a tech company, we design innovative solutions for smart mobility."
2026-01-20 22:29:59,Market Intelligence,Google Custom Search,N/A,Electric Vehicle Used Car Loan: Battery Health Check & Warranty ...,https://poonawallafincorp.com/blogs/pre-owned-car-loan/electric-vehicle-used-car-loan-battery-health-check-warranty-coverage,poonawallafincorp.com,N/A,"7 hours ago This blog explains the main steps to assess battery health and understand warranty conditions, helping you to make the right choices. Read on to know more!"
2026-01-20 22:29:59,Market Intelligence,Google Custom Search,N/A,Auto Remarketing: Get Automotive News & Industry Insights,https://www.autoremarketing.com/ar/,autoremarketing.com,N/A,"5 hours ago Appetite for used commercial vehicles with Kathryn Schifferle of Work Truck Solutions. Friday, Jan. 16, 2026, 05:37 PM. Work Truck Solutions founder Kathryn"
2026-01-20 22:29:59,Market Intelligence,Google Custom Search,N/A,Used Car Loan EMI Calculator Easily Calculate Your EMI | Axis Bank,https://www.axis.bank.in/calculators/used-car-loan-emi-calculator,axis.bank.in,N/A,"10 hours ago Axis Bank does not undertake any liability or responsibility to update any data. No claim (whether in contract, tort (including negligence) or otherwise) shall"
2026-01-20 22:29:59,Market Intelligence,Google Custom Search,N/A,Buy Used Cars Online - Second Hand Cars In India | CARS24,https://www.cars24.com/buy-used-cars/,cars24.com,N/A,6 hours ago Buy best used cars online in India - Cars24.com offers 100% verified second-hand customer cars at best price with Easy Finance and RC Transfer.
2026-01-20 22:29:59,Market Intelligence,Google Custom Search,N/A,Importance of Car Loan Interest Rates | karnataka bank,https://www.karnatakabank.bank.in/blog/importance-car-loan-interest-rates,karnatakabank.bank.in,N/A,5 hours ago Purchasing a car is often seen as a big financial decision in one's life. Most people opt to take a car loan when buying a vehicle - be it a new or a used
2026-01-20 22:29:59,Market Intelligence,Google Custom Search,N/A,Cars24 Financial Services Private Limited,https://www.icra.in/Credit_Perspective/Details/35120,icra.in,N/A,23 hours ago in India wherein 250+ Ratings analysts Cars24 Financial Services Private Limited: Ratings withdrawn for PTCs issued under a used car loan securitisation
2026-01-20 22:29:59,Market Intelligence,Google Custom Search,N/A,Used Cars in Coimbatore - 124 Second Hand Cars for Sale in ...,https://www.spinny.com/used-cars-in-coimbatore/s/,spinny.com,N/A,"5 hours ago 2.63 Lakh. Spinny brings reliable and budget-friendly pre owned cars to Coimbatore, ensuring every buyer finds their ideal match. Our inventory includes popular"
2026-01-20 22:29:59,Market Intelligence,Google Custom Search,N/A,All Rating Rationales,https://www.icra.in/Rating/AllRatingRationales,icra.in,N/A,4 hours ago Rating Rationales · Structured Finance Rating Rationales · Our Rating Approach & Methodologies · Webinars · Credit Perspective Reports · Research Reports · ICRA
2026-01-20 22:29:59,Market Intelligence,Google Custom Search,N/A,Tender Details Online & Submission Date - BOI,https://bankofindia.bank.in/tender,bankofindia.bank.in,N/A,23 hours ago TENDER DOCUMENT FOR AWARD OF RATE CONTRACT FOR REFILLING AND SUPPLY OF NEW FIRE EXTINGUISHERS FOR BANK' BRANCHES/ OFFICES AND RESIDENTIAL QUARTERS AT RANCHI
2026-01-20 22:29:59,Market Intelligence,Google Custom Search,N/A,Best Cars Above 1 Crore in India,https://www.cardekho.com/new-cars+above-1-crore,cardekho.com,N/A,"12 hours ago If you want to know more about the new cars, upcoming cars or latest cars prices in your city, offers, variants, specifications, pictures, car loan, emi"
2026-01-20 22:29:59,Market Intelligence,Google Custom Search,N/A,"201 Used BMW Cars in Hyderabad, Second Hand BMW Cars for ...",https://www.carwale.com/used/hyderabad/bmw/,carwale.com,N/A,"10 hours ago Second Hand BMW X3 M Petrol in Hyderabad. Key Highlights. Premium Variant; E20 Compliant; Rare Model, Only 3 Used Available in India; Free Home Test Drive"
2026-01-20 22:29:59,Market Intelligence,Google Custom Search,N/A,"Maruti Suzuki Cars Price 2026, Maruti Nexa Car Models, Reviews ...",https://www.cardekho.com/maruti-suzuki-cars,cardekho.com,N/A,3 hours ago Maruti car prices in India range from ₹3.50 Lakh to ₹28.61 Lakh (Ex-showroom). The top 5 popular Maruti models and their prices are the FRONX (₹6.85 - 11.98
2026-01-20 22:29:59,Market Intelligence,Google Custom Search,N/A,"PNB E-Auction, Punjab National Bank Auction, Property Auction ...",https://pnb.bank.in/EAuction.aspx,pnb.bank.in,N/A,"7 hours ago Participate in Punjab National Bank's E-Auction to bid on secured assets, foreclosed properties, and bank auctions online. Get the best deals on various"
2026-01-20 22:29:59,Market Intelligence,Google Custom Search,N/A,Insurance - Best Insurance Plans Online in India | Axis Bank,https://www.axis.bank.in/insurance,axis.bank.in,N/A,3 hours ago Check out life insurance and general insurance policies and get financial security for yourself and your loved ones. Visit Axis Bank to know more in detail.
2026-01-20 22:29:59,Market Intelligence,Google Custom Search,N/A,Impact of RBI's proposed ECL framework on banks' capitalisation ...,https://www.icra.in/Research/ViewResearchReport/6587,icra.in,N/A,"17 hours ago The Reserve Bank of India (RBI) released a draft circular - Reserve Bank of India (Scheduled Commercial Banks - Asset Classification, Provisioning and Income"
2026-01-20 22:29:59,Market Intelligence,Google Custom Search,N/A,Power Fin Corp Ltd. Today Live NSE/BSE,https://www.bajajfinserv.in/investments/pfc-share-price,bajajfinserv.in,N/A,"3 hours ago *Disclaimer for Bajaj Finance Limited ('BFL'):. Stock trading business is carried by Bajaj Financial Securities Limited (""BFSL""), a broker and Depository"
2026-01-20 22:29:59,Market Intelligence,Google Custom Search,N/A,Gensol Engineering Limited,https://www.icra.in/Rating/RatingDetails?CompanyId=30316&CompanyName=Gensol%20Engineering%20Limited,icra.in,N/A,9 hours ago Instrument Ratings. Fund-based: Cash Credit [ICRA]D ISSUER NOT COOPERATING; Long term and short term - BG (Sub-limit of CC limit) [ICRA]D ISSUER NOT
2026-01-20 22:29:59,Market Intelligence,Google Custom Search,N/A,Apply for Multicurrency Platinum ForexPlus Chip Card | HDFC Bank,https://www.hdfc.bank.in/forex-cards/multicurrency-platinum-forexplus-chip-forex-card,hdfc.bank.in,N/A,"7 hours ago Need Assistance? If you have any questions or need support, we're always here to help: Within India: 1800 1600 / 1800 2600."
2026-01-20 22:29:59,Market Intelligence,Google Custom Search,N/A,"Credit Card against FD - Benefits, Eligibility & Who Should Apply ...",https://www.paisabazaar.com/fixed-deposit/credit-card-against-fixed-deposit/,paisabazaar.com,N/A,"7 hours ago Find the best credit cards against fixed deposits for you in India. Compare card rewards, fees, credit limit, etc. for free at Paisabazaar.com."
2026-01-20 22:29:59,Market Intelligence,Google Custom Search,N/A,CarDekho Auctions,https://auctions.cardekho.com/,auctions.cardekho.com,N/A,"11 hours ago Step on-board. Bid online. Reap Profits. ; Kotak Mahindra Prime Limited 4W Online Auction KL 20Jan26, 01d 00h, 5 Vehicles ; ITI Finance Ltd CV Online Auction AP"
2026-01-20 22:29:59,Market Intelligence,Google Custom Search,N/A,Procurement opportunities | UNIDO,https://www.unido.org/get-involved/procurement/procurement-opportunities,unido.org,N/A,"4 hours ago Qualified companies are invited to view the tender documents, express their interest and submit their offers. Important documents for bidders. Director General"
2026-01-20 22:29:59,Market Intelligence,Google Custom Search,N/A,"Finance Companies in Satish Nagar, Nalgonda - Loans ...",https://www.justdial.com/Nalgonda/Finance-Companies-in-Satish-Nagar/nct-10206580,justdial.com,N/A,"8 hours ago SMFG India Credit Above Swaraj Tractor Showroom Miriyalaguda Rahamath Nagar, nalgonda. SMFG India Credit. 4.02 Ratings. Miriyalaguda Rahamath Nagar. Call Now"
2026-01-20 22:29:59,Market Intelligence,Google Custom Search,N/A,"Chandigarh tops India's farm loan debt, but city's farming is limited ...",https://www.tribuneindia.com/news/punjab/chandigarhs-sky-high-farm-loan-average-raises-misuse-fears-punjabs-debt-crisis-deepens/,tribuneindia.com,N/A,"9 hours ago Tribune News Service · Despite having negligible cultivable land, Chandigarh tops the country in per-account agricultural loans. · Experts say this does not point"
2026-01-20 22:29:59,Market Intelligence,Google Custom Search,N/A,Market News,https://agriexchange.apeda.gov.in/Market/MarketNews/Index,agriexchange.apeda.gov.in,N/A,"18 hours ago Agri Exchange is an online trade portal by APEDA, Govt. of India, offering a global platform for buyers and sellers in Agri business to negotiate and"
2026-01-20 22:29:59,Market Intelligence,Google Custom Search,N/A,Ladki Bahin scheme affecting govt's farm loan waiver plans: Minister,https://www.taxtmi.com/news?id=29534,taxtmi.com,N/A,"19 hours ago Maharashtra Agriculture Minister Manikrao Kokate has said the Ladki Bahin Yojana is creating a burden on the state coffers, affecting its ability to implement"
2026-01-20 22:29:59,Market Intelligence,Google Custom Search,N/A,"Agriculture News: Latest Agriculture News from India, Crop Prices ...",https://www.business-standard.com/industry/agriculture,business-standard.com,N/A,"4 hours ago The paper is based on a farmer survey of 2,838 farmers in Punjab, Maharashtra and Uttar Pradesh. Farm loan waivers don't address underlying causes of farmer"
2026-01-20 22:29:59,Market Intelligence,Google Custom Search,N/A,Advanced BioFuels USA – Truly Sustainable Renewable Future,https://advancedbiofuelsusa.info/,advancedbiofuelsusa.info,N/A,"7 hours ago by Joe Lo (Climate Home News) Indian police have raided the homes and farm fields and transform it into clean, renewable fuel and other valuable bioproducts."
2026-01-20 22:29:59,Market Intelligence,Google Custom Search,N/A,"Page 1365 of Policy News: Policy Latest News, Policy Today news ...",https://www.financialexpress.com/policy/page/1365/,financialexpress.com,N/A,"12 hours ago From farmers to exporters: This is how India can effectively end agri Maharashtra loan waiver scheme: Farmer bodies miffed, say benefits inadequate."
2026-01-20 22:29:59,Market Intelligence,Google Custom Search,N/A,"Latest Chandrakant-patil News, Photos, Videos and Podcasts | Mint",https://www.livemint.com/topic/chandrakant-patil?openSearch=true,livemint.com,N/A,9 hours ago loan waiver: Govt. 1 min read12 Sep 2017. The Maharashtra government had in June announced a farm INDIA share priceDIVIS LABORATORIES share priceDR REDDYS
2026-01-20 22:29:59,Market Intelligence,Google Custom Search,N/A,Red River Farm Network,https://www.rrfn.com/,rrfn.com,N/A,13 hours ago Top Stories · Latest News · Markets · Ag Business · Crops · Livestock · Policy.
2026-01-20 22:29:59,Market Intelligence,Google Custom Search,N/A,Energy News | Top Energy Headlines | Reuters,https://www.reuters.com/business/energy/,reuters.com,N/A,"3 hours ago India's GoodEnough Energy said on Tuesday that it has commissioned a 7 Gigawatt-hour (GWh) battery energy storage system (BESS), the country's largest, in the"
2026-01-20 22:29:59,Market Intelligence,Google Custom Search,N/A,EO Division Report,https://doptcirculars.nic.in/EODivisionReport.aspx?Report=7,doptcirculars.nic.in,N/A,"4 hours ago National Crisis Mgmt Committee (NCMC), National Dairy Dev Bd (NDDB) Shri Arun G, Indian Economic Service , , 2012, Agriculture & Farmers Welfare"
2026-01-20 22:29:59,Market Intelligence,Google Custom Search,N/A,Speculative Bubbles In Agricultural Commodities Evidence,https://innotech.kiet.edu/pdifferentiatea/lincorporatev/031218/L8K5443147/speculative-bubbles__in__agricultural_commodities-evidence.pdf,innotech.kiet.edu,N/A,"12 hours ago An economic bubble (also called a speculative bubble or a financial bubble) is a period when current asset prices greatly exceed their intrinsic valuation,"
2026-01-20 22:29:59,Market Intelligence,Google Custom Search,N/A,Economy of Iran - Wikipedia,https://en.wikipedia.org/wiki/Economy_of_Iran,en.wikipedia.org,N/A,"7 hours ago It consists of hydrocarbon, agricultural and service sectors, in addition to manufacturing and financial services, [25] with over 40 industries traded on the"
2026-01-20 22:29:59,Market Intelligence,Google Custom Search,N/A,"Chandigarh tops India's farm loan debt, but city's farming is limited ...",https://www.tribuneindia.com/news/punjab/chandigarhs-sky-high-farm-loan-average-raises-misuse-fears-punjabs-debt-crisis-deepens/,tribuneindia.com,N/A,"9 hours ago Haryana has 36.63 lakh loan accounts with outstanding loans of Rs 1,00013 crore, ranking seventh nationally."
2026-01-20 22:29:59,Market Intelligence,Google Custom Search,N/A,Welcome to the UNDP Job Page!,https://jobs.undp.org/cj_view_jobs.cfm,jobs.undp.org,N/A,"3 hours ago Crisis Resilience · Economics, Sustainable Finance, and Growth · Effective Governance · Innovation & Effectiveness · Gender Equality · Health · Nature, Climate, and"
2026-01-20 22:29:59,Market Intelligence,Google Custom Search,N/A,European Central Bank,https://www.ecb.europa.eu/,ecb.europa.eu,N/A,3 hours ago The European Central Bank (ECB) is the central bank of the European Union countries which have adopted the euro. Our main task is to maintain price
2026-01-20 22:29:59,Market Intelligence,Google Custom Search,N/A,The World Economic Forum,https://www.weforum.org/,weforum.org,N/A,6 hours ago Learn about World Economic Forum's latest work and impact through the latest key messages on our Homepage.
2026-01-20 22:29:59,Market Intelligence,Google Custom Search,N/A,About ADB | Asian Development Bank,https://www.adb.org/who-we-are/about,adb.org,N/A,"4 hours ago Working with its members and partners to solve complex challenges together, ADB harnesses innovative financial tools and strategic partnerships to transform"
2026-01-20 22:29:59,Market Intelligence,Google Custom Search,N/A,Administrative Procurement,https://www.worldbank.org/en/about/corporate-procurement/business-opportunities/administrative-procurement,worldbank.org,N/A,"16 hours ago RFxNow 2019860 - ""Consultancy to strengthen the sex-disaggregated data (SDD) capabilities of the African Financial Sec"", 0002019860, December 17,2025 ; RFxNow"
2026-01-20 22:29:59,Market Intelligence,Google Custom Search,N/A,The Fertiliser Association of India,https://www.faidelhi.org/,faidelhi.org,N/A,"13 hours ago The future of agriculture lies in the convergence of smart agri-food systems, environmental stewardship, and sustainable agronomy. Contents."
2026-01-20 22:29:59,Market Intelligence,Google Custom Search,N/A,India Meteorological Department: IMD Mausam,https://mausam.imd.gov.in/,mausam.imd.gov.in,N/A,"3 hours ago Official India Meteorological Department (IMD) website. Get accurate weather forecasts, cyclone alerts, radar images, and current conditions for all Indian"
2026-01-20 22:29:59,Market Intelligence,Google Custom Search,N/A,Climatic Drivers of Teak (Tectona grandis) Radial Growth with ...,https://www.mdpi.com/2571-550X/9/1/8,mdpi.com,N/A,"6 hours ago India's rainfall. Its variability has a strong impact on agriculture, water resources and health. The monsoon results from the seasonal migration of the"
2026-01-20 22:29:59,Market Intelligence,Google Custom Search,N/A,Met Centre Jaipur,https://mausam.imd.gov.in/jaipur/,mausam.imd.gov.in,N/A,3 hours ago Our Services · Weather Reports Daily| Weekly| Monsoon · Agriculture Agromet Advisory| Block Level Forecast · Climatology Jaipur| Extremes · Radar & Satellite Jaipur
2026-01-20 22:29:59,Market Intelligence,Google Custom Search,N/A,International Journal of Climatology - Wiley Online Library,https://rmets.onlinelibrary.wiley.com/journal/10970088,rmets.onlinelibrary.wiley.com,N/A,17 hours ago The International Journal of Climatology is a climate journal spanning the well-established but rapidly growing fields of climate science & meteorology.
2026-01-20 22:29:59,Market Intelligence,Google Custom Search,N/A,India AI Impact Summit 2026,https://impact.indiaai.gov.in/home/pre-summit-events,impact.indiaai.gov.in,N/A,"2 hours ago The one-day hybrid workshop examined how artificial intelligence could drive inclusive innovation across engineering, healthcare, sustainable agriculture, and"
2026-01-20 22:29:59,Market Intelligence,Google Custom Search,N/A,"Home | Official Website of Ministry of Earth Science, Government of ...",https://www.moes.gov.in/,moes.gov.in,N/A,"7 hours ago The Ministry of Earth Sciences (MoES), under the Government of India, is mandated to provide services for weather, climate, ocean and coastal state, hydrology,"
2026-01-20 22:29:59,Market Intelligence,Google Custom Search,N/A,How a Goldilocks combination in agriculture has kept food inflation ...,https://www.crack.academy/news/how-a-goldilocks-combination-in-agriculture-has-kept-food-inflation-at-bay-115560,crack.academy,N/A,"15 hours ago monsoon, which significantly offset the impact The combination of a poor monsoon and high temperatures during 2023 adversely affected India's agricultural"
2026-01-20 22:29:59,Market Intelligence,Google Custom Search,N/A,"Latest News, Videos and Photos of Monsoon | Times of India",https://timesofindia.indiatimes.com/topic/monsoon,timesofindia.indiatimes.com,N/A,13 hours ago Monsoon refers to the seasonal wind of the Indian Ocean and influence the behavior of the monsoon. Because of its effect on agriculture
2026-01-20 22:29:59,Market Intelligence,Google Custom Search,N/A,CBSE Class 9 Geography Notes Chapter 4 Climate,https://www.pw.live/school-prep/exams/cbse-class-9-geography-notes-chapter-4,pw.live,N/A,"6 hours ago Southwest Monsoon winds bring moisture and rainfall. Jet streams are fast, narrow air currents that also affect weather. Indian Monsoon. The climate of India is"
2026-01-20 22:29:59,Market Intelligence,Google Custom Search,N/A,Synchrony of prehistoric agricultural evolution and drought events in ...,https://www.sciencedirect.com/science/article/abs/pii/S0277379126000168,sciencedirect.com,N/A,12 hours ago North China Plain agriculture evolved in synchrony with Middle Holocene droughts. •. 2.Human adaptive behaviors can partially mitigate the impact of climatic
2026-01-20 22:29:59,Market Intelligence,Google Custom Search,N/A,"The Economic Times: Business News Live, Share Market News ...",https://m.economictimes.com/,m.economictimes.com,N/A,"3 hours ago Business news today: Read India Business News Live. Latest Business news and updates on Finance, share market, IPO, and economy. Discover Business News"
2026-01-20 22:29:59,Market Intelligence,Google Custom Search,N/A,Gold Loan eligibility calculator | Bank of Baroda,https://bankofbaroda.bank.in/calculators/gold-loan-calculator,bankofbaroda.bank.in,N/A,"3 hours ago Use our Gold Loan Calculator online to check your eligibility, calculate EMI & interest rates. Get instant results with our gold loan calculator for your"
2026-01-20 22:29:59,Market Intelligence,Google Custom Search,N/A,Procurement News - SBI In the News,https://sbi.bank.in/web/sbi-in-the-news/procurement-news,sbi.bank.in,N/A,"1 hour ago Location, Tender Description, Start Date, End Date. LHO, LUCKNOW, RBO-III SHAHJAHANPUR: NOTICE FOR HIRING OF PREMISES FOR STATE BANK OF INDIA ,RAUSAR BRANCH"
2026-01-20 22:29:59,Market Intelligence,Google Custom Search,N/A,"Google Finance - Stock Market Prices, Real-time Quotes & Business ...",https://www.google.com/finance/,google.com,N/A,"17 hours ago Google Finance provides real-time market quotes, international exchanges, up-to-date financial news, and analytics to help you make more informed trading"
2026-01-20 22:29:59,Market Intelligence,Google Custom Search,N/A,"Muthoot Finance, Manappuram shares surge up to 8%; here's why ...",https://upstox.com/news/market-news/stocks/muthoot-finance-shares-surge-after-finance-ministry-suggests-easier-gold-loan-norms-for-small-borrowers/article-170847/,upstox.com,N/A,9 hours ago The Finance Ministry on Friday said it has examined the draft guidelines on gold loan by the Reserve Bank and suggested exclusion of small borrowers of up
2026-01-20 22:29:59,Market Intelligence,Google Custom Search,N/A,Tender Details Online & Submission Date - BOI,https://bankofindia.bank.in/tender,bankofindia.bank.in,N/A,23 hours ago TENDER DOCUMENT FOR AWARD OF RATE CONTRACT FOR REFILLING AND SUPPLY OF NEW FIRE EXTINGUISHERS FOR BANK' BRANCHES/ OFFICES AND RESIDENTIAL QUARTERS AT RANCHI
2026-01-20 22:29:59,Market Intelligence,Google Custom Search,N/A,Apply Instant Personal Loan Online Upto Rs. 50 Lakh,https://pnb.bank.in/personal.aspx,pnb.bank.in,N/A,3 hours ago Gold Loan. Scheme For Housing Finance Scheme For Public - PNB Max-Saver. Personal Loan Scheme For Life Insurance Corporation (LIC) Of India Employees.
2026-01-20 22:29:59,Market Intelligence,Google Custom Search,N/A,Gold Loan – Apply Loan Against Gold Online Up to Rs. 2 Cr*,https://www.iifl.com/gold-loans,iifl.com,N/A,"20 hours ago IIFL Finance offers a quick and hassle-free way to meet urgent financial needs, whether personal or business, without the need to sell your gold. With loan"
2026-01-20 22:29:59,Market Intelligence,Google Custom Search,N/A,Home | Department of Investment and Public Asset Management ...,https://dipam.gov.in/,dipam.gov.in,N/A,"8 hours ago MARKET & DISINVESTMENT UPDATES. Daily Update BSE. Market Capital Value of GOI This website is owned by DIPAM (Ministry of Finance, Government of India)."
2026-01-20 22:29:59,Market Intelligence,Google Custom Search,N/A,"Moody's - credit ratings, research, and data for global capital markets",https://www.moodys.com/,moodys.com,N/A,"6 hours ago Moody's CreditView is our flagship solution for global capital markets that incorporates credit ratings, research and data from Moody's Investors Service"
2026-01-20 22:29:59,Market Intelligence,Google Custom Search,N/A,Gold Loan – Apply Loan Against Gold Online Up to Rs. 2 Cr*,https://www.iifl.com/gold-loans,iifl.com,N/A,"20 hours ago Apply for Gold Loan online at IIFL Finance with interest rates starting from 11.88% p.a.*, up to 75% of gold value, flexible tenure and quick approval."
2026-01-20 22:29:59,Market Intelligence,Google Custom Search,N/A,Insights | J.P. Morgan Private Bank EMEA,https://privatebank.jpmorgan.com/eur/en/insights,privatebank.jpmorgan.com,N/A,"11 hours ago We share insights on how news and trends may impact your life, such as where to find emerging investment opportunities, how to talk to your family about wealth."
2026-01-20 22:29:59,Market Intelligence,Google Custom Search,N/A,"Moody's - credit ratings, research, and data for global capital markets",https://www.moodys.com/,moodys.com,N/A,"6 hours ago Shocks are rippling across sectors, from rising insurance premiums to lower property prices and tax revenue. Adaptation and resilience investment and good"
2026-01-20 22:29:59,Market Intelligence,Google Custom Search,N/A,"Todays Gold Rate in Vijayawada, 18, 22 & 24 Carat Gold Price on ...",https://www.goodreturns.in/gold-rates/vijayawada.html,goodreturns.in,N/A,3 hours ago By knowing the fact that such factors dose not effect gold prices as gold rates will not change with such factors. There are investors who prefer to invest in
2026-01-20 22:29:59,Market Intelligence,Google Custom Search,N/A,Gold prices soar as Trump doubles down on push for Greenland ...,https://uk.finance.yahoo.com/news/gold-prices-trump-greenland-oil-pound-latest-095931145.html,uk.finance.yahoo.com,N/A,"7 hours ago Trump's threat to implement new tariffs, and a potential retaliation from the Europe, has renewed concerns about the economic impact of a trade war. Pound"
2026-01-20 22:29:59,Market Intelligence,Google Custom Search,N/A,Petrol Price in Bhubaneswar Today: Key Factors & Fuel-Saving Tips,https://www.bajajfinservmarkets.in/resources/fuel/petrol-price-in-bhubaneswar,bajajfinservmarkets.in,N/A,13 hours ago What Factors Affect Petrol Prices in Bhubaneswar · Global Crude Oil Prices · Exchange Rates · Government Taxes · Transportation and Distribution Costs · Local Market
2026-01-20 22:29:59,Market Intelligence,Google Custom Search,N/A,European Central Bank,https://www.ecb.europa.eu/,ecb.europa.eu,N/A,3 hours ago The European Central Bank (ECB) is the central bank of the European Union countries which have adopted the euro. Our main task is to maintain price
2026-01-20 22:29:59,Market Intelligence,Google Custom Search,N/A,"Today's Gold Rate/Price in Manipur, 22 & 24 Carat - 20 Jan 2026",https://www.bankbazaar.com/gold-rate-manipur.html,bankbazaar.com,N/A,5 hours ago The latest gold rates for both 22K and 24K gold are regularly updated here. Read on to find out the current price of Gold in Manipur. Know Your Credit Score for
2026-01-20 22:29:59,Market Intelligence,Google Custom Search,N/A,Top Gold Loan Transfer Services in Anantapur near me - Justdial,https://www.justdial.com/Anantapur/Gold-Loan-Transfer-Services/nct-12853654,justdial.com,N/A,"15 hours ago With gold loan balance transfer facilities, customers can take advantage of cheap rates and good offers from various gold loan takeover banks. Whether"
2026-01-20 22:29:59,Market Intelligence,Google Custom Search,N/A,Chemistry – A European Journal,https://chemistry-europe.onlinelibrary.wiley.com/journal/15213765,chemistry-europe.onlinelibrary.wiley.com,N/A,7 hours ago Journal Metrics · 6.7CiteScore · 3.7Journal Impact Factor · 48%Acceptance rate · 16 days Submission to first decision (median).
2026-01-20 22:29:59,Market Intelligence,Google Custom Search,N/A,"PNB E-Auction, Punjab National Bank Auction, Property Auction ...",https://pnb.bank.in/EAuction.aspx,pnb.bank.in,N/A,"7 hours ago Participate in Punjab National Bank's E-Auction to bid on secured assets, foreclosed properties, and bank auctions online. Get the best deals on various"
2026-01-20 22:29:59,Market Intelligence,Google Custom Search,N/A,Tender Details Online & Submission Date - BOI,https://bankofindia.bank.in/tender,bankofindia.bank.in,N/A,"23 hours ago Get to know more about Tender and Tendey types like a summary of the contract, expression of interest, sale note, and details of the auction Gold Loan. Apply"
2026-01-20 22:29:59,Market Intelligence,Google Custom Search,N/A,Auction Notices - TJSB Bank,https://www.tjsb.bank.in/Auctions1,tjsb.bank.in,N/A,"11 hours ago Auction At A Glance. Sr.No. Branch, Auction notice published in News Paper (Click on newspaper for details), Borrower Name, Date & Time of Inspection, Date"
2026-01-20 22:29:59,Market Intelligence,Google Custom Search,N/A,Procurement News - SBI In the News,https://sbi.bank.in/web/sbi-in-the-news/procurement-news,sbi.bank.in,N/A,"1 hour ago Location, Tender Description, Start Date, End Date. LHO, LUCKNOW, RBO-III SHAHJAHANPUR: NOTICE FOR HIRING OF PREMISES FOR STATE BANK OF INDIA ,RAUSAR BRANCH"
2026-01-20 22:29:59,Market Intelligence,Google Custom Search,N/A,Auction Notices | HDFC Bank,https://www.hdfc.bank.in/auction-notices,hdfc.bank.in,N/A,"10 hours ago Stay updated with the latest important notices, announcements, and alerts from HDFC Bank to ensure seamless banking and financial services."
2026-01-20 22:29:59,Market Intelligence,Google Custom Search,N/A,Auction Sales - City Union Bank,https://cityunionbank.bank.in/auction_sales,cityunionbank.bank.in,N/A,"1 hour ago City Union Bank offers a full suite of banking services - savings & current accounts, fixed & recurring deposits, home & personal loans, NRI services,"
2026-01-20 22:29:59,Market Intelligence,Google Custom Search,N/A,Properties Under Auction | Karur Vysya Bank,https://www.kvb.bank.in/property-under-auction/,kvb.bank.in,N/A,21 hours ago Properties Under Auction Properties Under Auction S.No. State City / Village Details Of Auction Last Date for Submission of BID Date of Auction.
2026-01-20 22:29:59,Market Intelligence,Google Custom Search,N/A,Gold Loan – Apply Loan Against Gold Online Up to Rs. 2 Cr*,https://www.iifl.com/gold-loans,iifl.com,N/A,"20 hours ago Auction Process (if needed) - As a last resort, the pledged gold may be auctioned in accordance with Reserve Bank of India (RBI) guidelines. The sale proceeds"
2026-01-20 22:29:59,Market Intelligence,Google Custom Search,N/A,Key reasons why RBI barred IIFL Finance from disbursing gold loans,https://upstox.com/news/business-news/financial-regulations/key-reasons-why-rbi-barred-iifl-finance-from-disbursing-gold-loans/article-72755/,upstox.com,N/A,10 hours ago Serious deviations were found in the assay and certification of the purity and net weight of gold during loan sanction and auction upon default; Breaches in
2026-01-20 22:29:59,Market Intelligence,Google Custom Search,N/A,"Canara Bank - Gold Auction Property Auctions, Online Property ...",https://bankeauctions.com/Cb,bankeauctions.com,N/A,"15 hours ago Canara Bank - Gold Auction selling residential, commercial, industrial, agricultural properties, land, plots, house and flats across the India."
2026-01-20 22:29:59,Market Intelligence,Google Custom Search,N/A,Microfinance institutions News - Latest & Breaking News on ...,https://www.thehindubusinessline.com/topic/microfinance-institutions/,thehindubusinessline.com,N/A,"3 hours ago Exclusion from sharing, accessing credit info puts non-profit MFIs in a bit of a spot · A delegation of All-India Nabard Employees Association called on"
2026-01-20 22:29:59,Market Intelligence,Google Custom Search,N/A,Repco Micro Finance Limited: Rating upgraded to [ICRA]A,https://www.icra.in/Rating/RatingDetails?CompanyId=21224&CompanyName=Repco%20Micro%20Finance%20Limited,icra.in,N/A,12 hours ago ICRA Research. ICRA industry research provides unique research offering for 60+ sectors in India wherein 250+ Ratings analysts. Know more. Research Offerings.
2026-01-20 22:29:59,Market Intelligence,Google Custom Search,N/A,Procurement News - SBI In the News,https://sbi.bank.in/web/sbi-in-the-news/procurement-news,sbi.bank.in,N/A,"1 hour ago Location, Tender Description, Start Date, End Date. LHO, LUCKNOW, RBO-III SHAHJAHANPUR: NOTICE FOR HIRING OF PREMISES FOR STATE BANK OF INDIA ,RAUSAR BRANCH"
2026-01-20 22:29:59,Market Intelligence,Google Custom Search,N/A,Save Microfinance Pvt. Ltd.,https://www.icra.in/Credit_Perspective/Details/36263,icra.in,N/A,22 hours ago Ltd. Sector : Finance Sub Sectors : Microfinance Institutions. 06 Nov 2023 Save Microfinance Pvt. Ltd.: Save Microfinance Pvt. Ltd.
2026-01-20 22:29:59,Market Intelligence,Google Custom Search,N/A,"Arohan Financial Plans ₹1,500 Cr IPO in FY27 Amid Sector ...",https://www.whalesbook.com/news/English/BankingFinance/Arohan-Financial-Plans-indian-rupee1500-Cr-IPO-in-FY27-Amid-Sector-Momentum/696f4754ad039ca929a6f9b3,whalesbook.com,N/A,"8 hours ago microfinance sector. IPO Blueprint. Arohan Financial Services, a significant player in the Non-Banking Financial Company-Micro Finance Institution (NBFC-MFI)"
2026-01-20 22:29:59,Market Intelligence,Google Custom Search,N/A,ICRA Public Finance Ratings,https://www.icra.in/Rating/RatingCategory?RatingType=CR&RatingCategoryId=4,icra.in,N/A,"2 hours ago ICRA's Public Finance Ratings cover sovereign and sub-sovereign entities, State governments,and local bodies like municipal corporations, municipal councils"
2026-01-20 22:29:59,Market Intelligence,Google Custom Search,N/A,"K Raheja Eyes $700M IPO, Targets $7B Valuation",https://www.whalesbook.com/news/English/real-estate/K-Raheja-Eyes-dollar700M-IPO-Targets-dollar7B-Valuation/696f3f22ad039ca929a6f2d1,whalesbook.com,N/A,8 hours ago K Raheja Corp weighs $700M IPO targeting $7B valuation amid robust Indian market. Key deal details.
2026-01-20 22:29:59,Market Intelligence,Google Custom Search,N/A,"Utkarsh Small Finance Bank Limited Price: Quote, Forecast, Charts ...",https://www.perplexity.ai/finance/UTKARSHBNK.BO,perplexity.ai,N/A,"11 hours ago microfinance segment, along with potential profit-taking after recent market volatility. news and moves largely reflecting broader sentiment in Indian"
2026-01-20 22:29:59,Market Intelligence,Google Custom Search,N/A,India's Housing Market Shifts: Premium Homes Soar as Affordable ...,https://www.whalesbook.com/news/English/real-estate/Indias-Housing-Market-Shifts-Premium-Homes-Soar-as-Affordable-Segment-Shrinks/696ef608ad039ca929a6a18d,whalesbook.com,N/A,14 hours ago India's property market sees premium homes surge 6% while affordable housing plunges 30%. Developers favor luxury amid rising costs. Full analysis.
2026-01-20 22:29:59,Market Intelligence,Google Custom Search,N/A,"Moody's - credit ratings, research, and data for global capital markets",https://www.moodys.com/,moodys.com,N/A,"6 hours ago Costlier and more frequent natural disasters are reshaping credit risk. Shocks are rippling across sectors, from rising insurance premiums to lower property"
2026-01-20 22:29:59,Market Intelligence,Google Custom Search,N/A,Apply Instant Personal Loan Online Upto Rs. 50 Lakh,https://pnb.bank.in/personal.aspx,pnb.bank.in,N/A,"3 hours ago Personal Loans ; Housing Finance Scheme For Public - PNB Max-Saver. Personal Loan For Working Woman During Perinatal Period - ""PNB Matritva"" PERSONAL LOAN FOR"
2026-01-20 22:29:59,Market Intelligence,Google Custom Search,N/A,Administrative Procurement,https://www.worldbank.org/en/about/corporate-procurement/business-opportunities/administrative-procurement,worldbank.org,N/A,"16 hours ago Solicitation Title, Number, Issue Date, Closing Date. RFxNow 2019359 - ""Assessing Government-to-Person (G2P) Payments for Adaptive Social Protection in"
2026-01-20 22:29:59,Market Intelligence,Google Custom Search,N/A,About ADB | Asian Development Bank,https://www.adb.org/who-we-are/about,adb.org,N/A,"4 hours ago Working with its members and partners to solve complex challenges together, ADB harnesses innovative financial tools and strategic partnerships to transform"
2026-01-20 22:29:59,Market Intelligence,Google Custom Search,N/A,"Moody's - credit ratings, research, and data for global capital markets",https://www.moodys.com/,moodys.com,N/A,"6 hours ago Moody's CreditView is our flagship solution for global capital markets that incorporates credit ratings, research and data from Moody's Investors Service"
2026-01-20 22:29:59,Market Intelligence,Google Custom Search,N/A,Insurance - Best Insurance Plans Online in India | Axis Bank,https://www.axis.bank.in/insurance,axis.bank.in,N/A,"3 hours ago When you buy insurance, you may assume the company will just check some boxes and issue you a policy"
2026-01-20 22:29:59,Market Intelligence,Google Custom Search,N/A,18498 Branch Collection Manager Job Vacancies In January 2026 ...,https://www.naukri.com/branch-collection-manager-jobs,naukri.com,N/A,4 hours ago COLLECTION · Recovery · Mfi · Collections · OD COLLECTION · Group Sales · Payment Collection · Debt Collection · Unsecured Loans. 1 week ago.
2026-01-20 22:29:59,Market Intelligence,Google Custom Search,N/A,7100+ Bajaj Finance Jobs in India (Updated 2026) | AmbitionBox,https://www.ambitionbox.com/jobs/bajaj-finance-jobs-cmp?rid=naukri_190126935408,ambitionbox.com,N/A,6 hours ago Data Analysis Gold Loan Debt Management Debt Collection Compliance Management. + Rectify problems encountered during the collection process. Manage
2026-01-20 22:29:59,Market Intelligence,Google Custom Search,N/A,Recovery Jobs In Nasik - 116 Recovery Job Vacancies In Nasik ...,https://www.naukri.com/recovery-jobs-in-nasik,naukri.com,N/A,18 hours ago Collections · Payment Collection · Debt Collection · Loan Collection · Collections Strategy · Loan Recovery · Recovery Management · Collection
2026-01-20 22:29:59,Market Intelligence,Google Custom Search,N/A,7100+ Bajaj Finance Jobs in India (Updated 2026) | AmbitionBox,https://www.ambitionbox.com/jobs/bajaj-finance-jobs-cmp?rid=naukri_190126936503,ambitionbox.com,N/A,"7 hours ago 7,146 Bajaj Finance Jobs. Job Details. Bajaj Finance logo. posted 1 day ago. Deputy Area Manager - Debt Management Services"
2026-01-20 22:29:59,Market Intelligence,Google Custom Search,N/A,GenAI-Powered Loan KYC Automation for NBFCs | Smartinfologiks,https://www.smartinfologiks.com/usecases/genai-loan-kyc-automation-nbfc,smartinfologiks.com,N/A,4 hours ago Fintech | Automating Debt collection for Microfinance Industry. Automating Major Challenges of Loan KYC Document Processing Addressed by GenAI-Powered
2026-01-20 22:29:59,Market Intelligence,Google Custom Search,N/A,ICICI Bank - Wikipedia,https://en.wikipedia.org/wiki/ICICI_Bank,en.wikipedia.org,N/A,4 hours ago ICICI Bank Limited is an Indian multinational bank and financial services company. headquartered in Mumbai with a registered office in Vadodara.
2026-01-20 22:29:59,Market Intelligence,Google Custom Search,N/A,About ADB | Asian Development Bank,https://www.adb.org/who-we-are/about,adb.org,N/A,"4 hours ago Cumulative Loans, Grants, Equity Investments, Technical Assistance, and Trade and Supply Chain Finance and Microfinance Program Commitments (b, c, d). as of"
2026-01-20 22:29:59,Market Intelligence,Google Custom Search,N/A,Administrative Procurement,https://www.worldbank.org/en/about/corporate-procurement/business-opportunities/administrative-procurement,worldbank.org,N/A,"16 hours ago Solicitation Title, Number, Issue Date, Closing Date. RFxNow 2019359 - ""Assessing Government-to-Person (G2P) Payments for Adaptive Social Protection in"
2026-01-20 22:29:59,Market Intelligence,Google Custom Search,N/A,"Moody's - credit ratings, research, and data for global capital markets",https://www.moodys.com/,moodys.com,N/A,"6 hours ago Moody's CreditView is our flagship solution for global capital markets that incorporates credit ratings, research and data from Moody's Investors Service"
2026-01-20 22:29:59,Market Intelligence,Google Custom Search,N/A,Criss Financial Limited (erstwhile Criss Financial Holdings Limited ...,https://www.icra.in/Rating/RatingDetails?CompanyId=27600&CompanyName=Criss%20Financial%20Limited%20(erstwhile%20Criss%20Financial%20Holdings%20Limited),icra.in,N/A,13 hours ago microfinance loan securitisation transaction - Structured Finance Rating 16 Jan 2026. Strong import growth and tepid rise in exports to widen India's CAD to
2026-01-20 22:29:59,Market Intelligence,Google Custom Search,N/A,20th January 2026 Q3'FY26 Earnings presentation,https://www.au.bank.in/QR_Investor-Presentation_Quarter_3-2025-26-Q3FY26-IR-ppt_20th%20Jan.pdf,au.bank.in,N/A,"3 hours ago India (Issue of Capital and Disclosure Requirements) Regulations, 2009 Supported 7,100+ families across 8 states with dry ration kits during crisis."
2026-01-20 22:29:59,Market Intelligence,Google Custom Search,N/A,Psychosocial Support for Harmony and Peacebuilding: Rebuilding ...,https://link.springer.com/chapter/10.1007/978-3-032-02511-1_18,link.springer.com,N/A,"9 hours ago One such incident occurred in the Indian state of Gujarat, where a communal conflict led to significant loss of life and the displacement of more than one"
2026-01-20 22:29:59,Market Intelligence,Google Custom Search,N/A,Financial Times: Home,https://www.ft.com/,ft.com,N/A,"3 hours ago News, analysis and opinion from the Financial Times on the latest in markets, economics and politics."
2026-01-20 22:29:59,Market Intelligence,Google Custom Search,N/A,"Policy Circle - Economy, Policy, Sustainable Development",https://www.policycircle.org/,policycircle.org,N/A,"9 hours ago India unemployment data shows resilience, but fails to capture insecurity, low wages, and distress employment across India."
2026-01-20 22:29:59,Market Intelligence,Google Custom Search,N/A,IANS,https://www.ianshindi.in/english-wire/business,ianshindi.in,N/A,"18 hours ago Davos, Jan 19 (IANS) Maharashtra Chief Minister Devendra Fadnavis on Monday said that international investors are increasingly looking at India as an important"
2026-01-20 22:29:59,Market Intelligence,Google Custom Search,N/A,Apply Instant Personal Loan Online Upto Rs. 50 Lakh,https://pnb.bank.in/personal.aspx,pnb.bank.in,N/A,3 hours ago Housing Finance Scheme For Public - PNB Max-Saver. Personal Loan Scheme For Life Insurance Corporation (LIC) Of India Employees. Personal Loan Scheme for LIC
2026-01-20 22:29:59,Market Intelligence,Google Custom Search,N/A,"Moody's - credit ratings, research, and data for global capital markets",https://www.moodys.com/,moodys.com,N/A,"6 hours ago Moody's CreditView is our flagship solution for global capital markets that incorporates credit ratings, research and data from Moody's Investors Service"
2026-01-20 22:29:59,Market Intelligence,Google Custom Search,N/A,NRI Services | NRI Banking and Services | Punjab National Bank,https://pnb.bank.in/NRI-Service.aspx,pnb.bank.in,N/A,3 hours ago Easy way to manage domestic funds from any corner of the world. Hassle free disbursals at your convenience. Transmitting money to India from anywhere in the
2026-01-20 22:29:59,Market Intelligence,Google Custom Search,N/A,Business Loan Calculator - Business Loan EMI Calculator | Axis Bank,https://www.axis.bank.in/calculators/business-loan-calculator,axis.bank.in,N/A,"2 hours ago Business Loan Calculator - Calculate your EMI for a business loan, interest rates and eligibility by using Axis Bank business loan EMI Calculator."
2026-01-20 22:29:59,Market Intelligence,Google Custom Search,N/A,All Rating Rationales,https://www.icra.in/Rating/AllRatingRationales,icra.in,N/A,4 hours ago Rating Rationales · Structured Finance Rating Rationales · Our Rating Approach & Methodologies · Webinars · Credit Perspective Reports · Research Reports · ICRA
2026-01-20 22:29:59,Market Intelligence,Google Custom Search,N/A,Loan Refinance: Types & Steps of Refinancing Personal Loan | Axis ...,https://www.axis.bank.in/blogs/financial-planning/what-is-a-loan-refinance,axis.bank.in,N/A,"20 hours ago Personal Loan refinancing means replacing your current loan with a new one, possibly featuring better interest rates or repayment terms. This might prove"
2026-01-20 22:29:59,Market Intelligence,Google Custom Search,N/A,Canara Bank Forex Card Rates | Real-Time Currency Exchange Rates,https://canarabank.bank.in/pages/forex-card-rates,canarabank.bank.in,N/A,4 hours ago Access Canara Bank real-time Forex Card Rates for accurate currency exchange information. Plan your foreign transactions with confidence.
2026-01-20 22:29:59,Market Intelligence,Google Custom Search,N/A,Importance of Car Loan Interest Rates | karnataka bank,https://www.karnatakabank.bank.in/blog/importance-car-loan-interest-rates,karnatakabank.bank.in,N/A,"5 hours ago That way, lenders will find it less probable for you to default on any payment. A new car buyer will get a lower car loan interest rate because a new car offers"
2026-01-20 22:29:59,Market Intelligence,Google Custom Search,N/A,Gensol Engineering Limited,https://www.icra.in/Rating/RatingDetails?CompanyId=30316&CompanyName=Gensol%20Engineering%20Limited,icra.in,N/A,9 hours ago Instrument Ratings. Fund-based: Cash Credit [ICRA]D ISSUER NOT COOPERATING; Long term and short term - BG (Sub-limit of CC limit) [ICRA]D ISSUER NOT
2026-01-20 22:29:59,Market Intelligence,Google Custom Search,N/A,Savings Account Interest Calculator | PNB India - PNB,https://www.pnb.bank.in/Calculator_.aspx/document/images/card/education.aspx,pnb.bank.in,N/A,21 hours ago Fixed Deposit Calculator Recurring Deposit Calculator. Monthly Loan EMI (Approx.). Loan Amount. Rate of Interest. Period (In Months). Home Loan eligibility
2026-01-20 22:29:59,Market Intelligence,Google Custom Search,N/A,Electric Vehicle Used Car Loan: Battery Health Check & Warranty ...,https://poonawallafincorp.com/blogs/pre-owned-car-loan/electric-vehicle-used-car-loan-battery-health-check-warranty-coverage,poonawallafincorp.com,N/A,7 hours ago Consumer Durable Loan · Consumer Durable Loan · Gold Loan · Gold Loan · Education News & Media · Financials · Governance · Investor Info · Credit Rating · Pay
2026-01-20 22:29:59,Market Intelligence,Google Custom Search,N/A,"Moody's - credit ratings, research, and data for global capital markets",https://www.moodys.com/,moodys.com,N/A,6 hours ago Adaptation and resilience investment and good governance can limit exposure. Watch the video podcast. Sustainable finance 2026 outlook consumer sentiment and
2026-01-20 22:29:59,Market Intelligence,Google Custom Search,N/A,Environmental Finance: Home,https://www.environmental-finance.com/,environmental-finance.com,N/A,"4 hours ago Environmental Finance is an online news and analysis service reporting on sustainable investment, green finance and the people and companies active in"
2026-01-20 22:29:59,Market Intelligence,Google Custom Search,N/A,Procurement News - SBI In the News,https://sbi.bank.in/web/sbi-in-the-news/procurement-news,sbi.bank.in,N/A,"1 hour ago Location, Tender Description, Start Date, End Date. LHO, LUCKNOW, RBO-III SHAHJAHANPUR: NOTICE FOR HIRING OF PREMISES FOR STATE BANK OF INDIA ,RAUSAR BRANCH"
2026-01-20 22:29:59,Market Intelligence,Google Custom Search,N/A,Latest Procurement Information: Tender Details | IOB,https://www.iob.bank.in/TenderDetails.aspx?Tendertype=Tender,iob.bank.in,N/A,"23 hours ago Tenders ; 15 ; Tender Document of Interior, Electrical & Air Conditioning Works of Proposed New Premises of Our Loan Processing Center Karaikudi"
2026-01-20 22:29:59,Market Intelligence,Google Custom Search,N/A,ICRA An Affiliate of Moody's,https://www.icra.in/,icra.in,N/A,"4 hours ago ICRA rates debt instruments issued by corporate entities, commercial banks, non-banking finance companies, financial institutions, public sector"
2026-01-20 22:29:59,Market Intelligence,Google Custom Search,N/A,"Budget Expectations 2026: PLI Extension, GST Cuts to Drive Growth ...",https://www.outlookbusiness.com/budget/budget-2026-expectations-live-updates-january-20-2026,outlookbusiness.com,N/A,"4 hours ago Union Budget 2026: As Finance Minister Nirmala Sitharaman prepares to present the Union Budget for FY27 on February 1, focus is sharpening on the policy"
2026-01-20 22:29:59,Market Intelligence,Google Custom Search,N/A,All Research Reports,https://www.icra.in/Research/AllResearchReports?isSpecialComments=False,icra.in,N/A,"13 hours ago ICRA Research is based on our analysts' insights, gained from rating corporates and financial sector entities. The research reports are tailored to meet the"
2026-01-20 22:29:59,Market Intelligence,Google Custom Search,N/A,Barometers trade with sharp losses; consumer durables shares skid ...,https://www.business-standard.com/markets/capital-market-news/barometers-trade-with-sharp-losses-consumer-durables-shares-skid-126012000478_1.html,business-standard.com,N/A,10 hours ago Total capital expenditure incurred so far is around Rs 85 crore. Powered by Capital Market - Live News. Disclaimer: No Business Standard Journalist was involved
2026-01-20 22:29:59,Market Intelligence,Google Custom Search,N/A,Barometers trade with sharp losses; consumer durables shares skid,https://www.icicidirect.com/equity/market-news-list/m/barometers-trade-with-sharp-losses-consumer-durables-shares-skid/1665922,icicidirect.com,N/A,"9 hours ago The key equity benchmarks traded with major losses in early afternoon trade amid the expiry of F&O contracts on the NSE. The Nifty slipped below the 25,450 mark"
2026-01-20 22:29:59,Market Intelligence,Google Custom Search,N/A,"Moody's - credit ratings, research, and data for global capital markets",https://www.moodys.com/,moodys.com,N/A,"6 hours ago Moody's CreditView is our flagship solution for global capital markets that incorporates credit ratings, research and data from Moody's Investors Service"
2026-01-20 22:29:59,Market Intelligence,Google Custom Search,N/A,Procurement News - SBI In the News,https://sbi.bank.in/web/sbi-in-the-news/procurement-news,sbi.bank.in,N/A,"2 hours ago Location, Tender Description, Start Date, End Date. LHO, LUCKNOW, RBO-III SHAHJAHANPUR: NOTICE FOR HIRING OF PREMISES FOR STATE BANK OF INDIA ,RAUSAR BRANCH"
2026-01-20 22:29:59,Market Intelligence,Google Custom Search,N/A,ICRA An Affiliate of Moody's,https://www.icra.in/,icra.in,N/A,"4 hours ago ICRA rates debt instruments issued by corporate entities, commercial banks, non-banking finance companies, financial institutions, public sector"
2026-01-20 22:29:59,Market Intelligence,Google Custom Search,N/A,Tender Details Online & Submission Date - BOI,https://bankofindia.bank.in/tender,bankofindia.bank.in,N/A,23 hours ago TENDER DOCUMENT FOR AWARD OF RATE CONTRACT FOR REFILLING AND SUPPLY OF NEW FIRE EXTINGUISHERS FOR BANK' BRANCHES/ OFFICES AND RESIDENTIAL QUARTERS AT RANCHI
2026-01-20 22:29:59,Market Intelligence,Google Custom Search,N/A,Expectations from Union Budget 2026: Agri sector's access to ...,https://www.ey.com/en_in/insights/tax/expectations-from-union-budget-2026-agri-sector-s-access-to-finance,ey.com,N/A,"7 hours ago Union Budget 2026 is expected to expand affordable, climate-ready agricultural credit, strengthen Kisan Credit Cards, and improve access for women farmers."
2026-01-20 22:29:59,Market Intelligence,Google Custom Search,N/A,Apply Instant Personal Loan Online Upto Rs. 50 Lakh,https://pnb.bank.in/personal.aspx,pnb.bank.in,N/A,3 hours ago Apply for an instant personal loan online with PNB and get up to ₹50 lakh with quick approval and minimal documentation. Enjoy flexible repayment options
2026-01-20 22:29:59,Market Intelligence,Google Custom Search,N/A,SEBI | News List All,https://www.sebi.gov.in/sebiweb/home/HomeAction.do?doListingAll=yes,sebi.gov.in,N/A,"4 hours ago Date, Type, Title. Jan 20, 2026, Research, Investor Survey 2025 - Main Report and Data. Jan 20, 2026, Recovery Proceedings"
2026-01-20 22:29:59,Market Intelligence,Google Custom Search,N/A,PNB Tenders | View Latest Tender Notices – Punjab National Bank,https://pnb.bank.in/tender.aspx,pnb.bank.in,N/A,"15 hours ago Browse the latest tender notices from Punjab National Bank. Access procurement opportunities, bid details, submission deadlines, and vendor guidelines"
2026-01-20 22:29:59,Market Intelligence,Google Custom Search,N/A,Careers | EY - India,https://www.ey.com/en_in/careers,ey.com,N/A,"3 hours ago At EY, we develop you with future-focused skills, and equip you with world-class experiences. We empower you in a flexible environment."
2026-01-20 22:29:59,Market Intelligence,Google Custom Search,N/A,India 10-Year Government Bond Yield - Quote - Chart - News,https://tradingeconomics.com/india/government-bond-yield,tradingeconomics.com,N/A,"3 hours ago Generally, a government bond is issued by a national government and is denominated in the country`s own currency. Bonds issued by national governments in"
2026-01-20 22:29:59,Market Intelligence,Google Custom Search,N/A,23 Bnpl Jobs and Vacancies - 20 January 2026 | Indeed,https://in.indeed.com/q-bnpl-jobs.html,in.indeed.com,N/A,4 hours ago We provide proprietary payment solutions accepted by merchants that enable the completion of payments on our platform on behalf of our customers.
2026-01-20 22:29:59,Market Intelligence,Google Custom Search,N/A,Financial Conduct Authority | FCA,https://www.fca.org.uk/,fca.org.uk,N/A,"6 hours ago The FCA enables a fair and thriving financial services market, for the good of consumers and the economy."
2026-01-20 22:29:59,Market Intelligence,Google Custom Search,N/A,"The Economic Times: Business News Live, Share Market News ...",https://m.economictimes.com/,m.economictimes.com,N/A,"3 hours ago Business news today: Read India Business News Live. Latest Business news and updates on Finance, share market, IPO, and economy. Discover Business News"
2026-01-20 22:29:59,Market Intelligence,Google Custom Search,N/A,Reserve Bank of India lifts ban on Mastercard onboarding new ...,https://www.fintechfutures.com/bankingtech/reserve-bank-of-india-lifts-ban-on-mastercard-onboarding-new-customers,fintechfutures.com,N/A,"11 hours ago The Reserve Bank of India (RBI) has lifted the business restrictions it imposed on Mastercard APAC, allowing it to resume card issuance in the country."
2026-01-20 22:29:59,Market Intelligence,Google Custom Search,N/A,Pour Moi India Lace Suspender | Very,https://www.very.co.uk/pour-moi-india-lace-suspender/2000000876.prd,very.co.uk,N/A,8 hours ago Wear this style how you see fit with adjustable suspender straps and hook-and-eye fastening. Featuring a luxe gold hardware belt.
2026-01-20 22:29:59,Market Intelligence,Google Custom Search,N/A,BRICS payment rails get CBDC upgrade under India plan,https://paymentexpert.com/2026/01/20/india-cbdc-upgrade-brics-payment-rail/,paymentexpert.com,N/A,5 hours ago India's central bank has reportedly put forward a new framework which would allow BRICS nations to connect CBDCs.
2026-01-20 22:29:59,Market Intelligence,Google Custom Search,N/A,Mastercard Warns Interest Caps Will Exclude High-Risk Borrowers,https://www.whalesbook.com/news/English/BankingFinance/Mastercard-Warns-Interest-Caps-Will-Exclude-High-Risk-Borrowers/696efc88ad039ca929a6aaac,whalesbook.com,N/A,"13 hours ago She noted that while banks would be unable to serve these individuals, fintech companies may innovate with new pricing models, like buy now pay later (BNPL), to"
2026-01-20 22:29:59,Market Intelligence,Google Custom Search,N/A,Fibe Careers - 17 Fibe Jobs January 2026 - Naukri.com,https://www.naukri.com/fibe-jobs-careers-3597004,naukri.com,N/A,"15 hours ago Growth Manager - BNPL Digitech. Fibe rating-star 3.6. company-location Kochi, Vijayawada All rights reserved © 2026 Info Edge (India) Ltd."
2026-01-20 22:29:59,Market Intelligence,Google Custom Search,N/A,Senior Manager Sales Job in Opt4Solution Private Limited at All India,https://www.shine.com/jobs/senior-manager-sales/opt4solution-private-limited/18443907,shine.com,N/A,"17 hours ago BNPL ecosystem. Your strong negotiation skills, extensive network among decision-makers, and experience in B2B sales within Insurance, Fintech, or BFSI"
2026-01-20 22:29:59,Market Intelligence,Google Custom Search,N/A,Reddit eCommerce,https://www.reddit.com/r/ecommerce/,reddit.com,N/A,"21 hours ago r/ecommerce: A community dedicated to the design and implementation of eCommerce sites. For seasoned retailers or newcomers to the industry, this is the"
2026-01-20 22:29:59,Market Intelligence,Google Custom Search,N/A,Tata Capital Housing Finance Limited,https://www.icra.in/Rating/RatingDetails?CompanyId=15410&CompanyName=Tata+Capital+Housing+Finance+Limited,icra.in,N/A,12 hours ago About Us · Ratings · ICRA Research · About Credit Perspective Reports · Media & Events · Rating Rationales · Credit Perspective Reports · Sector Research.
2026-01-20 22:29:59,Market Intelligence,Google Custom Search,N/A,"PNB E-Auction, Punjab National Bank Auction, Property Auction ...",https://pnb.bank.in/EAuction.aspx,pnb.bank.in,N/A,"7 hours ago Participate in Punjab National Bank's E-Auction to bid on secured assets, foreclosed properties, and bank auctions online. Get the best deals on various"
2026-01-20 22:29:59,Market Intelligence,Google Custom Search,N/A,Shubham Housing Development Finance Company Limited: Rating ...,https://www.icra.in/Rating/RatingDetails?CompanyId=12054&CompanyName=Shubham+Housing+Development+Finance+Company+Limited,icra.in,N/A,8 hours ago Long-term bank facilities [ICRA]A+ (Positive) · Non-Convertible Debentures [ICRA]A+ (Positive).
2026-01-20 22:29:59,Market Intelligence,Google Custom Search,N/A,Presale: Japan Housing Finance Agency (Series 225) | S&P Global ...,https://www.spglobal.com/ratings/en/regulatory/article/-/view/type/HTML/id/3504885,spglobal.com,N/A,"10 hours ago In our view, the transaction has limited exposure to setoff risk. This is because when JHF purchases loans from private-sector financial institutions the agency"
2026-01-20 22:29:59,Market Intelligence,Google Custom Search,N/A,Housing finance News - Latest & Breaking News on housing finance,https://www.thehindubusinessline.com/topic/housing-finance/,thehindubusinessline.com,N/A,2 hours ago Housing finance News Read latest housing finance news & headlines today from Andrii Yalanskyi. Money & Banking. Repco Home Finance to tap the bond market
2026-01-20 22:29:59,Market Intelligence,Google Custom Search,N/A,"The Economic Times: Business News Live, Share Market News ...",https://m.economictimes.com/,m.economictimes.com,N/A,"3 hours ago Business news today: Read India Business News Live. Latest Business news and updates on Finance, share market, IPO, and economy. Discover Business News"
2026-01-20 22:29:59,Market Intelligence,Google Custom Search,N/A,Bajaj Housing Finance Ltd. - Share/Stock Price,https://www.moneycontrol.com/india/stockpricequote/finance-housing/bajajhousingfinance/BHFL,moneycontrol.com,N/A,5 hours ago Bajaj Housing Share Price: Find the latest news on Bajaj Housing Stock Price. Get all the information on Bajaj Housing with historic price charts for NSE
2026-01-20 22:29:59,Market Intelligence,Google Custom Search,N/A,Procurement News - SBI In the News,https://sbi.bank.in/web/sbi-in-the-news/procurement-news,sbi.bank.in,N/A,"1 hour ago Location, Tender Description, Start Date, End Date. LHO, LUCKNOW, RBO-III SHAHJAHANPUR: NOTICE FOR HIRING OF PREMISES FOR STATE BANK OF INDIA ,RAUSAR BRANCH"
2026-01-20 22:29:59,Market Intelligence,Google Custom Search,N/A,European Central Bank,https://www.ecb.europa.eu/,ecb.europa.eu,N/A,3 hours ago The European Central Bank (ECB) is the central bank of the European Union countries which have adopted the euro. Our main task is to maintain price
2026-01-20 22:29:59,Market Intelligence,Google Custom Search,N/A,PNB Housing Finance Ltd Valuation Shifts Signal Renewed P...,https://www.marketsmojo.com/news/stocks-in-action/pnb-housing-finance-ltd-valuation-shifts-signal-renewed-price-attractiveness-3793667,marketsmojo.com,N/A,"8 hours ago This ratio now aligns more closely with sector norms and peer valuations, signalling a more balanced price relative to earnings. The price-to-book value has"
2026-01-20 22:29:59,Market Intelligence,Google Custom Search,N/A,"Moody's - credit ratings, research, and data for global capital markets",https://www.moodys.com/,moodys.com,N/A,6 hours ago from rising insurance premiums to lower property Economic growth and lower policy rates will support profitability and moderate asset risks for most finance
2026-01-20 22:29:59,Market Intelligence,Google Custom Search,N/A,Alternatives to Fixed Deposits: Explore Better Investment Options,https://www.bajajfinserv.in/investments/fixed-deposits-alternatives,bajajfinserv.in,N/A,"14 hours ago Explore debt funds, corporate FDs, and more for smarter savings. Looking for safe returns? Choose AAA-rated Bajaj Finance FD—trusted by over 10 lakh investors."
2026-01-20 22:29:59,Market Intelligence,Google Custom Search,N/A,Loan Against Property EMI Calculator Online - Arka Fincap - Arka,https://www.arkafincap.com/loan-against-property-calculate-emi,arkafincap.com,N/A,"23 hours ago from data input by the user/ customer. The use of the calculator is entirely at the risk of the user/ customer, AFL is not responsible for any reason, for"
2026-01-20 22:29:59,Market Intelligence,Google Custom Search,N/A,Insurance - Best Insurance Plans Online in India | Axis Bank,https://www.axis.bank.in/insurance,axis.bank.in,N/A,3 hours ago Check out life insurance and general insurance policies and get financial security for yourself and your loved ones. Visit Axis Bank to know more in detail.
2026-01-20 22:29:59,Market Intelligence,Google Custom Search,N/A,Secured Business Loan EMI Calculator - Arka Fincap - Arka,https://www.arkafincap.com/secured-business-loans-calculate-emi,arkafincap.com,N/A,21 hours ago The interest rate applied on the loan will depend on the prevailing rates at the time of loan booking. The calculator(s) are not intended to provide its users/
2026-01-20 22:29:59,Market Intelligence,Google Custom Search,N/A,Procurement News - SBI In the News,https://sbi.bank.in/web/sbi-in-the-news/procurement-news,sbi.bank.in,N/A,"2 hours ago Location, Tender Description, Start Date, End Date. LHO, LUCKNOW, RBO-III SHAHJAHANPUR: NOTICE FOR HIRING OF PREMISES FOR STATE BANK OF INDIA ,RAUSAR BRANCH"
2026-01-20 22:29:59,Market Intelligence,Google Custom Search,N/A,PNB Tenders | View Latest Tender Notices – Punjab National Bank,https://pnb.bank.in/tender.aspx,pnb.bank.in,N/A,"15 hours ago Browse the latest tender notices from Punjab National Bank. Access procurement opportunities, bid details, submission deadlines, and vendor guidelines"
2026-01-20 22:29:59,Market Intelligence,Google Custom Search,N/A,High-risk third countries for AML purposes | The Law Society,https://www.lawsociety.org.uk/topics/anti-money-laundering/high-risk-third-countries-for-aml-purposes,lawsociety.org.uk,N/A,"3 hours ago All countries included in FATF's lists have significant shortcomings in their AML, counter-terrorist financing and counter-proliferation financing controls. HM"
2026-01-20 22:29:59,Market Intelligence,Google Custom Search,N/A,E-Auction Property Search,https://pnb.bank.in/EAuction-Property-List.aspx,pnb.bank.in,N/A,8 hours ago Lead Generation System for E-Auction. No Records Exists. Filters.
2026-01-20 22:29:59,Market Intelligence,Google Custom Search,N/A,keertana finserv limited,https://www.icra.in/Rating/RatingDetails?CompanyId=29656&CompanyName=KEERTANA%20FINSERV%20LIMITED,icra.in,N/A,10 hours ago Loan and Loan against property receivables - Structured Finance Rating 14 Jan 2026. Lenders shift focus to pre-owned vehicles; returns adjusted for risk
2026-01-20 22:29:59,Market Intelligence,Google Custom Search,N/A,The real estate slump may not be over yet,https://www.livemint.com/companies/news/the-real-estate-slump-may-not-be-over-yet-1564999127858.html,livemint.com,N/A,"15 hours ago Fifty years after bank nationalization, India is today witness to a unique form of nationalization of real estate, thanks to the Supreme Court."
2026-01-20 22:29:59,Market Intelligence,Google Custom Search,N/A,Searching for New-Age Careers in Indian Commercial Real Estate ...,https://www.reddit.com/r/indianrealestate/comments/1qhdufh/searching_for_newage_careers_in_indian_commercial/,reddit.com,N/A,"22 hours ago I currently work in the US (Mid-Atlantic region) and am trying to understand how my experience would translate to the Indian market, especially as the sector"
2026-01-20 22:29:59,Market Intelligence,Google Custom Search,N/A,More pain ahead? Top 10 retail-dominated stocks crash up to 43 ...,https://m.economictimes.com/markets/stocks/news/more-pain-ahead-top-10-retail-dominated-stocks-crash-up-to-43-as-indian-markets-underperformed-since-one-year/market-matrix/slideshow/126758305.cms,m.economictimes.com,N/A,12 hours ago Top 10 retail-dominated stocks crash up to 43% as Indian markets underperformed since one year Digital Real Estate · Technicals · Mind Over Money · Web
2026-01-20 22:29:59,Market Intelligence,Google Custom Search,N/A,A Comprehensive Guide to Top Investment & Personal Finance,https://www.gripinvest.in/blog,gripinvest.in,N/A,7 hours ago In case of non allotment the funds will remain in your bank account. Issued in the Interest of Investor. Investments in securities market are subject to market
2026-01-20 22:29:59,Market Intelligence,Google Custom Search,N/A,ICRA An Affiliate of Moody's,https://www.icra.in/,icra.in,N/A,"4 hours ago ICRA rates debt instruments issued by corporate entities, commercial banks, non-banking finance companies, financial institutions, public sector"
2026-01-20 22:29:59,Market Intelligence,Google Custom Search,N/A,Housing market in 2026: Waiting for a crash could cost first-time ...,https://www.msn.com/en-in/money/topstories/housing-market-in-2026-waiting-for-a-crash-could-cost-first-time-buyers-more-in-india-heres-why/ar-AA1UrbrS,msn.com,N/A,"8 hours ago For years, first-time homebuyers across India have been stuck in a familiar loop — waiting for a long-promised real estate “crash” before taking the plunge."
2026-01-20 22:29:59,Market Intelligence,Google Custom Search,N/A,Foreign Direct Investment in India | FDI Trends & Insights,https://www.ibef.org/economy/foreign-direct-investment,ibef.org,N/A,"16 hours ago Around 69% of investments flowed into commercial assets, reflecting strong global investor confidence in India's property market, supported by solid macro"
2026-01-20 22:29:59,Market Intelligence,Google Custom Search,N/A,Speculative Bubbles In Agricultural Commodities Evidence,https://innotech.kiet.edu/pdifferentiatea/lincorporatev/031218/L8K5443147/speculative-bubbles__in__agricultural_commodities-evidence.pdf,innotech.kiet.edu,N/A,"12 hours ago Later, average housing prices in the country increased 2007–2008 world food price crisis dropped due to the recession. Food portal 2000s commodities boom"
2026-01-20 22:29:59,Market Intelligence,Google Custom Search,N/A,"Stock market crash today: Nifty50 ends below 25,250; BSE Sensex ...",https://timesofindia.indiatimes.com/business/india-business/stock-market-today-nifty50-bse-sensex-january-20-2026-dalal-street-indian-equities-global-markets-donald-trump-tariffs/articleshow/126751353.cms,timesofindia.indiatimes.com,N/A,"13 hours ago India Business News: Stock market crash today: Indian equity benchmarks, Nifty50 and BSE Sensex, crashed in trade on Tuesday, with a sharp selloff in the"
2026-01-20 22:29:59,Market Intelligence,Google Custom Search,N/A,Exploring Real Estate Trends and Insights | Urbanrise,https://www.urbanrise.in/blogs/,urbanrise.in,N/A,12 hours ago The Chennai real estate market had emerged as one of India's most stable and reliable investment destinations in 2025. The city showed steady housing demand and
2026-01-20 22:29:59,Market Intelligence,Google Custom Search,N/A,Housing finance News - Latest & Breaking News on housing finance,https://www.thehindubusinessline.com/topic/housing-finance/,thehindubusinessline.com,N/A,"2 hours ago Affordable homes in India dwindle to 7-Year low, report shows · 01. Stock Market Highlights 20 January 2026: Sensex ends 1,065 points lower, Nifty below 26,000"
2026-01-20 22:29:59,Market Intelligence,Google Custom Search,N/A,CalHFA: California Housing Finance Agency,https://www.calhfa.ca.gov/,calhfa.ca.gov,N/A,"11 hours ago CalHFA supports the needs of renters and homebuyers by providing financing and home loan programs that create safe, decent and affordable housing"
2026-01-20 22:29:59,Market Intelligence,Google Custom Search,N/A,Canada supports improvements to affordable rental homes in ...,https://www.cmhc-schl.gc.ca/media-newsroom/news-releases/2026/canada-supports-improvements-affordable-rental-homes-squamish,cmhc-schl.gc.ca,N/A,22 hours ago To that end the Canada Greener Affordable Housing Fund (CGAH) provides access to low-interest repayable and forgivable loans for deep energy retrofits of multi-
2026-01-20 22:29:59,Market Intelligence,Google Custom Search,N/A,TD Bank and MassDevelopment Finance 56 Affordable Apartments ...,https://stories.td.com/us/en/article/td-bank-and-massdevelopment-finance-56-affordable-apartments-in-revere,stories.td.com,N/A,3 hours ago Million Tax-Exempt Bond to The Neighborhood Developers to Finance New Affordable Housing Development.
2026-01-20 22:29:59,Market Intelligence,Google Custom Search,N/A,Motilal Oswal Home Finance Limited,https://www.icra.in/Rating/RatingDetails?CompanyId=14486&CompanyName=Motilal%20Oswal%20Home%20Finance%20Limited,icra.in,N/A,"14 hours ago Affordable Housing Finance, Airlines, Airport Infrastructure, Alcoholic Beverages, Apparel & Fabric, Asset-Backed Security, Auto Components, Automobile, Banking"
2026-01-20 22:29:59,Market Intelligence,Google Custom Search,N/A,Wonder Home Finance Secures Major Rs 500 Crore Funding from ...,https://bfsi.eletsonline.com/wonder-home-finance-secures-major-rs-500-crore-funding-from-gcp/,bfsi.eletsonline.com,N/A,6 hours ago secures Rs 500 crore from Growtheum Capital Partners to fuel nationwide expansion. This strategic infusion bolsters the Jaipur-based affordable housing
2026-01-20 22:29:59,Market Intelligence,Google Custom Search,N/A,Tata Capital Housing Finance Limited,https://www.icra.in/Rating/RatingDetails?CompanyId=15410&CompanyName=Tata+Capital+Housing+Finance+Limited,icra.in,N/A,12 hours ago Non-Convertible Debentures · Subordinated Debt · Retail Bonds (including non-convertible debentures and subordinated debt) · Commercial Paper · Long Term-Fund-Based
2026-01-20 22:29:59,Market Intelligence,Google Custom Search,N/A,Tata Capital Ltd (CMP: Rs 360,https://x.com/_sbisecurities/status/2013451259249061903,x.com,N/A,14 hours ago 🔹️The company is expanding its distribution in affordable and micro housing markets to retain or improve margins despite competitive pressures. 🔹️In loan against
2026-01-20 22:29:59,Market Intelligence,Google Custom Search,N/A,Government of Nova Scotia News Releases,https://news.novascotia.ca/,news.novascotia.ca,N/A,"8 hours ago Mayor Rob Smalls, Minister John White, MP Alana Hirtle, Deborah Page, VP. Photo collection. Affordable Housing Announcement in Amherst. 19 January 2026 | 4:30"
2026-01-20 22:29:59,Market Intelligence,Google Custom Search,N/A,New Pennsylvania loan program seeks to expand affordable rentals ...,https://whyy.org/articles/pennsylvania-loan-program-affordable-rentals-homeless/,whyy.org,N/A,6 hours ago The $35 million initiative comes courtesy of the American Rescue Plan. The funding will be distributed by the Pennsylvania Housing Finance Agency.
2026-01-20 22:29:59,Market Intelligence,Google Custom Search,N/A,Business Loan Calculator - Business Loan EMI Calculator | Axis Bank,https://www.axis.bank.in/calculators/business-loan-calculator,axis.bank.in,N/A,"5 hours ago Business Loan Calculator - Calculate your EMI for a business loan, interest rates and eligibility by using Axis Bank business loan EMI Calculator."
2026-01-20 22:29:59,Market Intelligence,Google Custom Search,N/A,Achieving Efficiencies in MSME Sector through Convergence of ...,https://niti.gov.in/sites/default/files/2026-01/Achieving_Efficiencies_in_MSME_Sector_Through_Convergence_of_Schemes.pdf,niti.gov.in,N/A,"9 hours ago Administrative Staff College of India, Hyderabad has received financial assistance under the Research. Scheme of NITI Aayog to prepare the report. While."
2026-01-20 22:29:59,Market Intelligence,Google Custom Search,N/A,DBS: Trusted as the World's Best Bank | DBS Bank,https://www.dbs.com/,dbs.com,N/A,10 hours ago DBS Hong Kong empowers SMEs' sustainability journey with new SME Sustainable Finance Programme India. India·22 Dec 2025. Featured. DBS teams up with world
2026-01-20 22:29:59,Market Intelligence,Google Custom Search,N/A,"PNB E-Auction, Punjab National Bank Auction, Property Auction ...",https://pnb.bank.in/EAuction.aspx,pnb.bank.in,N/A,"7 hours ago Participate in Punjab National Bank's E-Auction to bid on secured assets, foreclosed properties, and bank auctions online. Get the best deals on various"
2026-01-20 22:29:59,Market Intelligence,Google Custom Search,N/A,Savings Account Interest Calculator | PNB India - PNB,https://www.pnb.bank.in/Calculator_.aspx/document/images/card/education.aspx,pnb.bank.in,N/A,21 hours ago Fixed Deposit Calculator Recurring Deposit Calculator. Monthly Loan EMI (Approx.). Loan Amount. Rate of Interest. Period (In Months). Home Loan eligibility
2026-01-20 22:29:59,Market Intelligence,Google Custom Search,N/A,Apply Instant Personal Loan Online Upto Rs. 50 Lakh,https://pnb.bank.in/personal.aspx,pnb.bank.in,N/A,3 hours ago Digi MSME Loan · eGST Housing Finance Scheme For Public - PNB Max-Saver. Personal Loan Scheme For Life Insurance Corporation (LIC) Of India Employees.
2026-01-20 22:29:59,Market Intelligence,Google Custom Search,N/A,OECD: The Organisation for Economic Co-operation and ...,https://www.oecd.org/,oecd.org,N/A,2 hours ago Featured topics; Agriculture and fisheries; Climate change; Development; Digital; Economy; Education and skills; Employment; Environment; Finance and
2026-01-20 22:29:59,Market Intelligence,Google Custom Search,N/A,Check Complaint Status | Track Your Complaint Request – Punjab ...,https://pnb.bank.in/ccsrms-status-complaint.aspx,pnb.bank.in,N/A,8 hours ago Timeline for Disposal of MSME Loan Application · OTS Policy For MSE Borrowers General Guidelines for Stand Up India Loans · Loan application Form Stand
2026-01-20 22:29:59,Market Intelligence,Google Custom Search,N/A,Top Advantages of Import Factoring for Indian SMEs - Credlix,https://www.credlix.com/blogs/top-advantages-of-import-factoring-for-indian-smes,credlix.com,N/A,"9 hours ago Indian SMEs face multiple hurdles in import invoice factoring, such as: Collateral requirements often restrict SMEs from accessing loans from traditional banks"
2026-01-20 22:29:59,Market Intelligence,Google Custom Search,N/A,All Rating Rationales,https://www.icra.in/Rating/AllRatingRationales,icra.in,N/A,4 hours ago Rating Rationales · Structured Finance Rating Rationales · Our Rating Approach & Methodologies · Webinars · Credit Perspective Reports · Research Reports · ICRA
2026-01-20 22:29:59,Market Intelligence,Google Custom Search,N/A,"Savings Slump, Revenue Crunch Capex Up, Optimism Vbbs - Daily ...",https://www.dailyexcelsior.com/savings-slump-revenue-crunch-capex-up-optimism-vbbs/,dailyexcelsior.com,N/A,"18 hours ago Shivaji Sarkar. By conventional macroeconomic yardsticks, India should enter the financial year 2026–27 (FY27) Budget cycle with a degree of comfort."
2026-01-20 22:29:59,Market Intelligence,Google Custom Search,N/A,Finance News & Analysis | Financial News Today,https://cfo.economictimes.indiatimes.com/news,cfo.economictimes.indiatimes.com,N/A,"9 hours ago credit squeeze. Image thumb sme credit squeeze. Budget 2026 must back localisation, MSMEs, supply chain resilience: Suzuki Motorcycle India CFO. Image thumb"
2026-01-20 22:29:59,Market Intelligence,Google Custom Search,N/A,GST Impact on Small Business Loans: Credit Trends Explained,https://www.lendingkart.com/blog/gst-credit-trends-what-tax-changes-could-mean-for-small-borrowers/,lendingkart.com,N/A,"6 hours ago Understand how GST changes affect cash flow, working capital, and small business loans. Learn why GST compliance improves credit access for MSMEs."
2026-01-20 22:29:59,Market Intelligence,Google Custom Search,N/A,"The Economic Times: Business News Live, Share Market News ...",https://m.economictimes.com/,m.economictimes.com,N/A,"3 hours ago Business news today: Read India Business News Live. Latest Business news and updates on Finance, share market, IPO, and economy. Discover Business News"
2026-01-20 22:29:59,Market Intelligence,Google Custom Search,N/A,GST reform idea: Turn payments quarterly to unburden small ...,https://www.livemint.com/opinion/online-views/gst-reform-payments-quarterly-unburden-small-businesses-cash-crunch-msme-11768807632738.html,livemint.com,N/A,10 hours ago Aligning GST payments with actual cash inflows could unlock liquidity trapped in India's long receivable cycles. By easing the monthly tax burden on
2026-01-20 22:29:59,Market Intelligence,Google Custom Search,N/A,Gold Loan in Pune - Apply Loan Against Gold at Low Interest Rate,https://www.iifl.com/gold-loans/gold-loan-in-pune,iifl.com,N/A,21 hours ago Getting a Gold Loan from IIFL Finance is simple and hassle-free. Any Indian resident aged 18 years or above with gold jewellery can apply. The process requires
2026-01-20 22:29:59,Market Intelligence,Google Custom Search,N/A,Drishti IAS State PCS Current Affairs for PCS Exam Preparation,https://www.drishtiias.com/statepcs,drishtiias.com,N/A,2 hours ago Nodal coordination: State government departments in convergence with MSME and Skill Development agencies. Convergence with state schemes: Implementation will be
2026-01-20 22:29:59,Market Intelligence,Google Custom Search,N/A,"Business News Today: Stock Markets, Financial News, India ...",https://timesofindia.indiatimes.com/business,timesofindia.indiatimes.com,N/A,"2 hours ago Check latest updates on business, finance, budget and economy from across the world. Get daily updates for BSE Sensex, Share price, Stock markets, BSE, NSE,"
2026-01-20 22:29:59,Market Intelligence,Google Custom Search,N/A,Mains Mains answer writing answer writing December,https://www.drishtiias.com/images/pdf/Daily%20Mains%20Answer%20Writing%20Program%20Files_English_December%205%20(1).pdf,drishtiias.com,N/A,3 hours ago It marked a shiftfrom political protest to economic self-reliance. The movement laid the foundation for economic nationalism in colonial India. Role in
2026-01-20 22:29:59,Market Intelligence,Google Custom Search,N/A,Sarthak Educational Trust's Rozgar Sarathi,https://www.rozgarsarathi.org/ui/,rozgarsarathi.org,N/A,"3 hours ago MSME, MSME - Technology Centre, MSME Technology Centre Rohtak, MSRLM, MSRLS Credit Spirit India Pvt. Ltd. CritiCare hospital, Croma - A Tata Entreprise"
2026-01-20 22:29:59,Market Intelligence,Google Custom Search,N/A,PNB Digital Education Loan – Fast Online Education Loans,https://pnb.bank.in/DigitalEducationLoan.html,pnb.bank.in,N/A,"7 hours ago loan to meritorious students for pursuing higher education in approved premier institutes in India. The main emphasis is that a meritorious student, is"
2026-01-20 22:29:59,Market Intelligence,Google Custom Search,N/A,Tender Details Online & Submission Date - BOI,https://bankofindia.bank.in/tender,bankofindia.bank.in,N/A,23 hours ago TENDER DOCUMENT FOR AWARD OF RATE CONTRACT FOR REFILLING AND SUPPLY OF NEW FIRE EXTINGUISHERS FOR BANK' BRANCHES/ OFFICES AND RESIDENTIAL QUARTERS AT RANCHI
2026-01-20 22:29:59,Market Intelligence,Google Custom Search,N/A,"PNB E-Auction, Punjab National Bank Auction, Property Auction ...",https://pnb.bank.in/EAuction.aspx,pnb.bank.in,N/A,"7 hours ago Participate in Punjab National Bank's E-Auction to bid on secured assets, foreclosed properties, and bank auctions online. Get the best deals on various"
2026-01-20 22:29:59,Market Intelligence,Google Custom Search,N/A,Loan Refinance: Types & Steps of Refinancing Personal Loan | Axis ...,https://www.axis.bank.in/blogs/financial-planning/what-is-a-loan-refinance,axis.bank.in,N/A,"20 hours ago Loan refinance: Explore the types, steps & pros of refinancing personal loan where an existing loan is replaced with a new one with better terms."
2026-01-20 22:29:59,Market Intelligence,Google Custom Search,N/A,Savings Account Interest Calculator | PNB India - PNB,https://www.pnb.bank.in/Calculator_.aspx/document/images/card/education.aspx,pnb.bank.in,N/A,21 hours ago Fixed Deposit Calculator Recurring Deposit Calculator. Monthly Loan EMI (Approx.). Loan Amount. Rate of Interest. Period (In Months). Home Loan eligibility
2026-01-20 22:29:59,Market Intelligence,Google Custom Search,N/A,"Education Loan Defaulter: Complete Guide to Consequences, Legal ...",https://eduvouchers.com/blogs/students-diary/education-loan-defaulter,eduvouchers.com,N/A,"4 hours ago Understanding who is an education loan defaulter and the consequences in India - legal actions, credit score impact and how to avoid becoming a defaulter in"
2026-01-20 22:29:59,Market Intelligence,Google Custom Search,N/A,Properties Under Auction | Karur Vysya Bank,https://www.kvb.bank.in/property-under-auction/,kvb.bank.in,N/A,21 hours ago Properties Under Auction Properties Under Auction S.No. State City / Village Details Of Auction Last Date for Submission of BID Date of Auction.
2026-01-20 22:29:59,Market Intelligence,Google Custom Search,N/A,Procurement News - SBI In the News,https://sbi.bank.in/web/sbi-in-the-news/procurement-news,sbi.bank.in,N/A,"2 hours ago Location, Tender Description, Start Date, End Date. LHO, LUCKNOW, RBO-III SHAHJAHANPUR: NOTICE FOR HIRING OF PREMISES FOR STATE BANK OF INDIA ,RAUSAR BRANCH"
2026-01-20 22:29:59,Market Intelligence,Google Custom Search,N/A,"ICICI Bank ATM, in Kozhikode",https://www.icici.bank.in/atm/kerala/cheruvannur/kozhikode/b1080,icici.bank.in,N/A,"13 hours ago Personal Loan. We got you all covered, with our Personal Loan for all your financial needs, at interest rates starting at 10.50% p.a.. Get"
2026-01-20 22:29:59,Market Intelligence,Google Custom Search,N/A,Sales Notice | Tamilnad Mercantile Bank Ltd.,https://tmb.bank.in/salenoticedetails/3435,tmb.bank.in,N/A,"16 hours ago Title, File. Sale of Property for Loan Recovery from Chennai Regional Office Branch [English]. Know more. footer logo. Tamilnad Mercantile Bank Limited"
2026-01-20 22:29:59,Market Intelligence,Google Custom Search,N/A,sigma research | Swiss Re,https://www.swissre.com/institute/research/sigma-research.html,swissre.com,N/A,"11 hours ago Our data driven research publications, including the industry leading sigma, enable risk focussed decision making and identify strategic opportunities in"
2026-01-20 22:29:59,Market Intelligence,Google Custom Search,N/A,ICRA An Affiliate of Moody's,https://www.icra.in/,icra.in,N/A,"4 hours ago ICRA rates debt instruments issued by corporate entities, commercial banks, non-banking finance companies, financial institutions, public sector"
2026-01-20 22:29:59,Market Intelligence,Google Custom Search,N/A,Techathon 6.0 | Building Tomorrow's Solutions for Today's India | EY ...,https://www.ey.com/en_in/techathon-6,ey.com,N/A,"13 hours ago Join Techathon 6.0 by EY and ignite innovation with Agentic AI, empowering India's brightest minds since 2020 to lead industries with goal-driven solutions."
2026-01-20 22:29:59,Market Intelligence,Google Custom Search,N/A,KYC Verification for Personal Loans: Why It's Manadatory?,https://www.dmifinance.in/kyc-verification/,dmifinance.in,N/A,6 hours ago 1. Prevent Identity Theft and Fraud borrower · 2. Comply with the Reserve Bank of India (RBI) Rules · 3. Prevent Money Laundering · 4. Assessing Creditworthiness.
2026-01-20 22:29:59,Market Intelligence,Google Custom Search,N/A,Insurance - Best Insurance Plans Online in India | Axis Bank,https://www.axis.bank.in/insurance,axis.bank.in,N/A,3 hours ago Check out life insurance and general insurance policies and get financial security for yourself and your loved ones. Visit Axis Bank to know more in detail.
2026-01-20 22:29:59,Market Intelligence,Google Custom Search,N/A,"Tax, Audit & Business Consulting | Grant Thornton Bharat",https://www.grantthornton.in/,grantthornton.in,N/A,5 hours ago Grant Thornton Bharat has over 12000+ people across 19 offices around the country. The Firm is reshaping the values of the profession and Going Beyond to
2026-01-20 22:29:59,Market Intelligence,Google Custom Search,N/A,KPMG in India | Home,https://kpmg.com/in/en.html,kpmg.com,N/A,"6 hours ago KPMG in India is one of the leading providers of risk, financial services and business advisory, internal audit, corporate governance."
2026-01-20 22:29:59,Market Intelligence,Google Custom Search,N/A,DMI Finance - Manager/Senior Manager - Credit Risk,https://in.talent.com/view?id=e57e97190876,in.talent.com,N/A,17 hours ago Manager / Senior Manager - Credit Risk (Secured & Unsecured) will be handling Secured (EV Financing) & Unsecured Loan-Risk & Policy for 1 or more
2026-01-20 22:29:59,Market Intelligence,Google Custom Search,N/A,Financial Times: Home,https://www.ft.com/,ft.com,N/A,"3 hours ago News, analysis and opinion from the Financial Times on the latest in markets, economics and politics."
2026-01-20 22:29:59,Market Intelligence,Google Custom Search,N/A,Brazil's Electric Vehicle Transition Offers a US$¼ Trillion (R$ 1.39 ...,https://carbontracker.org/brazils-electric-vehicle-transition-offers-a-us%C2%BC-trillion-r-1-39-trillion-saving/,carbontracker.org,N/A,"14 hours ago The new research highlights imported transport fuels as a growing source of risk to Brazil's economic and energy security. London, 20 January– In 2024, Brazil"
2026-01-20 22:29:59,Market Intelligence,Google Custom Search,N/A,EV Batteries recent news | Battery Tech,https://www.batterytechonline.com/batteries/ev-batteries,batterytechonline.com,N/A,"15 hours ago Explore the latest news and expert commentary on EV Batteries, brought to you by the editors of Battery Tech."
2026-01-20 22:29:59,Market Intelligence,Google Custom Search,N/A,"US lawmakers put EV Fires, drone threats and wildfire safety at ...",https://ctif.org/news/us-lawmakers-put-ev-fires-drone-threats-and-wildfire-safety-center-2026-congressional-agenda,ctif.org,N/A,"17 hours ago The 119th Congress opened 2026 with a burst of fire‑service‑focused legislation, targeting electric‑vehicle battery hazards, wildfire smoke exposure,"
2026-01-20 22:29:59,Market Intelligence,Google Custom Search,N/A,"Electrek | EV and Tesla News, Green Energy, Ebikes, and more",https://electrek.co/,electrek.co,N/A,"22 hours ago News, reviews, and analysis of the electric vehicle market. We provide coverage of the entire sustainable ecosystems and related products."
2026-01-20 22:29:59,Market Intelligence,Google Custom Search,N/A,"To make EVs greener, Colorado lawmakers may require ...",https://coloradosun.com/2026/01/20/ev-batteries-recycle-colorado-law/,coloradosun.com,N/A,"7 hours ago By recovering materials from existing batteries, carmakers could avoid importing critical minerals, create local jobs and keep fire-prone EV batteries out"
2026-01-20 22:29:59,Market Intelligence,Google Custom Search,N/A,CTIF - International Association of Fire Services for Safer Citizens ...,https://ctif.org/,ctif.org,N/A,"13 hours ago CTIF was founded in 1900 in Paris as “Comité Technique International de prevention et d'extinction de Feu”, for the purposes of encouraging and promoting"
2026-01-20 22:29:59,Market Intelligence,Google Custom Search,N/A,Batteries | An Open Access Journal from MDPI,https://www.mdpi.com/journal/batteries,mdpi.com,N/A,6 hours ago A growing number of fires and explosions in energy storage plants have been triggered by the thermal runaway of lithium-ion batteries. Owing to the complex
2026-01-20 22:29:59,Market Intelligence,Google Custom Search,N/A,The Better India: Media for Good News and Positive Stories,https://thebetterindia.com/,thebetterindia.com,N/A,"3 hours ago World's largest positive & solutions-based content driven impact platform for stories of change, inspiration, hope, resilience & more."
2026-01-20 22:29:59,Market Intelligence,Google Custom Search,N/A,Battery warning after Warwickshire bin lorry wrecked in fire,https://www.bbc.com/news/articles/cg4en50v6ngo,bbc.com,N/A,"4 hours ago It will cost about £250000 to replace the vehicle, North Warwickshire Borough Council says."
2026-01-20 22:29:59,Market Intelligence,Google Custom Search,N/A,Manufacturing Business Technology,https://www.mbtmag.com/,mbtmag.com,N/A,"20 hours ago Manufacturing Business Technology focuses on how ERP, CMMS, PLM, e-Commerce, CAM, CAD and other software platforms ensure competitiveness for industrial"
2026-01-20 22:29:59,Market Intelligence,Google Custom Search,N/A,Go the distance: New electric vehicle battery charge can last ...,https://www.aol.com/news/distance-electric-vehicle-battery-charge-181928180.html,aol.com,N/A,"16 hours ago The new battery on display. Bloomberg via Getty Images. While there have been some EV car fires, most lithium-ion battery blazes, which burn faster and"
2026-01-20 22:29:59,Market Intelligence,Google Custom Search,N/A,Procurement News - SBI In the News,https://sbi.bank.in/web/sbi-in-the-news/procurement-news,sbi.bank.in,N/A,"1 hour ago Location, Tender Description, Start Date, End Date. LHO, LUCKNOW, RBO-III SHAHJAHANPUR: NOTICE FOR HIRING OF PREMISES FOR STATE BANK OF INDIA ,RAUSAR BRANCH"
2026-01-20 22:29:59,Market Intelligence,Google Custom Search,N/A,IMRC 2026: MRAI seeks policy support as India scales green metals,https://www.wasterecyclingmag.com/imrc-2026-mrai-seeks-policy-support-as-india-scales-green-metals,wasterecyclingmag.com,N/A,"6 hours ago Policy measures, including the Steel Scrap Recycling Policy 2019, the Vehicle Scrappage Policy Don't miss out on the latest news, market insights and other"
2026-01-20 22:29:59,Market Intelligence,Google Custom Search,N/A,India Auto Sector Banks on Budget 2026 for Demand Revival,https://www.whalesbook.com/news/English/auto/India-Auto-Sector-Banks-on-Budget-2026-for-Demand-Revival/696f0bc2ad039ca929a6bb88,whalesbook.com,N/A,"12 hours ago India's auto sector faces Union Budget 2026-27 with cautious optimism, seeking critical policy support to counter an uneven post-GST recovery."
2026-01-20 22:29:59,Market Intelligence,Google Custom Search,N/A,Budget 2026 could be the gear shift India's auto industry is waiting ...,https://m.economictimes.com/industry/auto/auto-news/auto-industry-budget-2026-expectations-this-budget-could-be-the-gear-shift-indias-auto-industry-is-waiting-for/articleshow/126755045.cms,m.economictimes.com,N/A,"12 hours ago Experts urge targeted measures for affordability, especially for entry-level cars and two-wheelers, and to boost EV adoption. Policy clarity on hybrids,"
2026-01-20 22:29:59,Market Intelligence,Google Custom Search,N/A,News - European Commission,https://policy.trade.ec.europa.eu/news_en,policy.trade.ec.europa.eu,N/A,14 hours ago All the latest news concerning the EU's trade policy.
2026-01-20 22:29:59,Market Intelligence,Google Custom Search,N/A,PNB Tenders | View Latest Tender Notices – Punjab National Bank,https://pnb.bank.in/tender.aspx,pnb.bank.in,N/A,"15 hours ago Browse the latest tender notices from Punjab National Bank. Access procurement opportunities, bid details, submission deadlines, and vendor guidelines"
2026-01-20 22:29:59,Market Intelligence,Google Custom Search,N/A,Foreign Policy – the Global Magazine of News and Ideas,https://foreignpolicy.com/,foreignpolicy.com,N/A,"3 hours ago By using this website, you agree to our use of cookies. This use includes personalization of content and ads, and traffic analytics."
2026-01-20 22:29:59,Market Intelligence,Google Custom Search,N/A,"Technology-driven reforms to transform road safety, transport ...",https://www.uniindia.com/~/technology-driven-reforms-to-transform-road-safety-transport-services-in-himachal-agnihotri/States/news/3713109.html,uniindia.com,N/A,"3 hours ago vehicles. Additional incentives are being offered under the state's vehicle scrappage policy, particularly for taxis and buses,"" he informed. The Deputy"
2026-01-20 22:29:59,Market Intelligence,Google Custom Search,N/A,ONGC Tender :,https://tenders.ongc.co.in/web/tendersweb,tenders.ongc.co.in,N/A,7 hours ago Latest Tender ; Procurement of Ultrasonic Cement Analyzer for RG (B24MC26001) goods. [Vadodara] [20 Jan 2026] [TENDERSINFO] ; Annual Rate contract for Repair
2026-01-20 22:29:59,Market Intelligence,Google Custom Search,N/A,Tender Details Online & Submission Date - BOI,https://bankofindia.bank.in/tender,bankofindia.bank.in,N/A,23 hours ago TENDER DOCUMENT FOR AWARD OF RATE CONTRACT FOR REFILLING AND SUPPLY OF NEW FIRE EXTINGUISHERS FOR BANK' BRANCHES/ OFFICES AND RESIDENTIAL QUARTERS AT RANCHI
2026-01-20 22:29:59,Market Intelligence,Google Custom Search,N/A,"Bajaj Finance News - Bajaj Finance Announcement, Latest News on ...",https://economictimes.indiatimes.com/bajaj-finance-ltd/stocksupdate/companyid-11260.cms,economictimes.indiatimes.com,N/A,4 hours ago Bajaj Finance reported a strong December-ended quarter with new loans booked jumping 15% year-on-year to 1.39 crore. The company's Assets Under Management (AUM)
2026-01-20 22:29:59,Market Intelligence,Google Custom Search,N/A,"Top gainers and losers, Jan 20: Bajaj Finance, Eternal, Jio Finserv ...",https://upstox.com/news/market-news/stocks/top-gainers-and-losers-jan-20-bajaj-finance-eternal-jio-finserv-slip-4-coal-india-down-3-check-full-list/article-188060/,upstox.com,N/A,"6 hours ago Market News. Top gainers and losers, Jan 20: Bajaj Finance, Eternal, Jio Finserv slip 4%, Coal India down 3%; check full list. Abha Raverkar. By Abha Raverkar."
2026-01-20 22:29:59,Market Intelligence,Google Custom Search,N/A,Bajaj Finance Ltd (BAJFINANCE) Stock Price & News - Google ...,https://www.google.com/finance/quote/BAJFINANCE:NSE,google.com,N/A,"2 hours ago Get the latest Bajaj Finance Ltd (BAJFINANCE) real-time quote, historical performance, charts, and other financial information to help you make more"
2026-01-20 22:29:59,Market Intelligence,Google Custom Search,N/A,Bajaj Finance Limited Today Live NSE/BSE,https://www.bajajfinserv.in/investments/bajfinance-share-price,bajajfinserv.in,N/A,"2 hours ago Bajaj Finance Limited, formerly known as 'Bajaj Auto Finance Limited' was incorporated on March 25, 1987 as a Non-Banking Financial Company."
2026-01-20 22:29:59,Market Intelligence,Google Custom Search,N/A,"Bajaj Finance Limited Price: Quote, Forecast, Charts & News ...",https://www.perplexity.ai/finance/BAJFINANCE.NS,perplexity.ai,N/A,"19 hours ago Bajaj Finance Limited shares are trading up 1.80%, currently at ₹967.35, reaching a day high of ₹972.90 driven by positive market sentiment and strong"
2026-01-20 22:29:59,Market Intelligence,Google Custom Search,N/A,Bajaj Housing Finance Ltd. - Share/Stock Price,https://www.moneycontrol.com/india/stockpricequote/finance-housing/bajajhousingfinance/BHFL,moneycontrol.com,N/A,5 hours ago Bajaj Housing Share Price: Find the latest news on Bajaj Housing Stock Price. Get all the information on Bajaj Housing with historic price charts for NSE
2026-01-20 22:29:59,Market Intelligence,Google Custom Search,N/A,"Stock market: Sensex slips 192 pts, Nifty below 25,750; Bajaj ...",https://www.msn.com/en-in/money/topstories/stock-market-sensex-slips-192-pts-nifty-below-25-750-bajaj-finance-indigo-lead-losers/ar-AA1Uy8Gs?ocid=finance-verthp-feeds,msn.com,N/A,"12 hours ago Stock market: Sensex slips 192 pts, Nifty below 25,750; Bajaj Finance, IndiGo lead losers Domestic equity benchmarks Sensex and Nifty opened lower on Tuesday,"
2026-01-20 22:29:59,Market Intelligence,Google Custom Search,N/A,NSE:BAJFINANCE - Bajaj Finance Limited,https://in.tradingview.com/symbols/NSE-BAJFINANCE/,in.tradingview.com,N/A,"10 hours ago TradingView India. View live Bajaj Finance Limited chart to track its stock's price action. Find market predictions, BAJFINANCE financials and market news."
2026-01-20 22:29:59,Market Intelligence,Google Custom Search,N/A,Bajaj Finserv Share Price Today - BAJAJFINSV Live Updates NSE ...,https://dhan.co/stocks/bajaj-finserv-ltd-share-price/,dhan.co,N/A,7 hours ago BAJAJFINSV News. View All News arrow. error icon. Unable to load news. Please try again later.
2026-01-20 22:29:59,Market Intelligence,Google Custom Search,N/A,Daily and Weekly Digest - Latest News and Updates on Digest at ...,https://groww.in/digest,groww.in,N/A,"6 hours ago Get the latest market news with a round-up of all the financial landscape weekly updates only at Groww Digest Bajaj Finance, Rs 969.45 △ 2.02%. TOP LOSERS("
2026-01-20 22:29:59,Market Intelligence,Google Custom Search,N/A,Shriram Finance Ltd. - Share/Stock Price,https://www.moneycontrol.com/india/stockpricequote/finance-leasinghire-purchase/shriramfinance/STF,moneycontrol.com,N/A,5 hours ago Shriram Finance Share Price: Find the latest news on Shriram Finance Stock Price. Get all the information on Shriram Finance with historic price charts for
2026-01-20 22:29:59,Market Intelligence,Google Custom Search,N/A,"Shriram Finance Share Price Today, Shriram Finance Stock Price ...",https://economictimes.indiatimes.com/shriram-finance-ltd/stocks/companyid-13106.cms,economictimes.indiatimes.com,N/A,"2 hours ago Shriram Finance Share Price Today - Get live NSE/BSE quotes of Shriram Finance with latest news, headlines and quick analysis."
2026-01-20 22:29:59,Market Intelligence,Google Custom Search,N/A,Shriram Finance Limited,https://www.icra.in/Rating/RatingDetails?CompanyId=13584&CompanyName=Shriram%20Finance%20Limited,icra.in,N/A,13 hours ago About Us · Ratings · ICRA Research · About Credit Perspective Reports · Media & Events · Rating Rationales · Structured Finance Rating Rationales · Credit Perspective
2026-01-20 22:29:59,Market Intelligence,Google Custom Search,N/A,"Trade Spotlight: How should you trade Tata Elxsi, Colgate Palmolive ...",https://www.moneycontrol.com/news/business/markets/trade-spotlight-how-should-you-trade-tata-elxsi-colgate-palmolive-shriram-finance-canara-bank-ccl-products-and-others-on-january-20-13779904.html,moneycontrol.com,N/A,"19 hours ago HomeNewsBusinessMarketsTrade Spotlight: How should you trade Tata Elxsi, Colgate Palmolive, Shriram Finance, Canara Bank, CCL Products, and others on January 20"
2026-01-20 22:29:59,Market Intelligence,Google Custom Search,N/A,Shriram Finance Ltd Ltd: Live Stock Update and Price as of January ...,https://www.angelone.in/live-blog/shriram-finance-ltd-20-jan-2026-394861,angelone.in,N/A,"9 hours ago Stock Market Live: Explore Shriram Finance Ltd Ltd live stock updates and prices for January 20, 2026. Read live stock-related news and trends for stock"
2026-01-20 22:29:59,Market Intelligence,Google Custom Search,N/A,Shriram Finance informs about conference call - Shriram Finance ...,https://www.moneyworks4me.com/company/news/index/id/794644,moneyworks4me.com,N/A,22 hours ago The above information is a part of company's filings submitted to BSE. Related Shriram Finance Ltd. Links: Stock Analysis Reports News Screener Sector News.
2026-01-20 22:29:59,Market Intelligence,Google Custom Search,N/A,Shriram Finance Executes ₹16.45 Crore Block Trade on NSE,https://scanx.trade/stock-market-news/orders-deals/shriram-finance-executes-16-45-crore-block-trade-on-nse/30431124,scanx.trade,N/A,"12 hours ago Shriram Finance Ltd. completed a major block trade on NSE involving 163794 shares at ₹1004.50 per share, totaling ₹16.45 crores."
2026-01-20 22:29:59,Market Intelligence,Google Custom Search,N/A,Shriram Finance Ltd Strengthens Position Amid Nifty 50 Me...,https://www.marketsmojo.com/news/stocks-in-action/shriram-finance-ltd-strengthens-position-amid-nifty-50-membership-and-institutional-shifts-3795579,marketsmojo.com,N/A,"13 hours ago Shriram Finance Ltd, a leading Non Banking Financial Company (NBFC), continues to solidify its position within the Indian equity landscape following its"
2026-01-20 22:29:59,Market Intelligence,Google Custom Search,N/A,Shriram Finance Executes ₹29.65 Crore Block Trade on NSE at ...,https://scanx.trade/stock-market-news/orders-deals/shriram-finance-executes-29-65-crore-block-trade-on-nse-at-1-002-80-per-share/30431099,scanx.trade,N/A,"12 hours ago Shriram Finance Schedules Conference Call on January 23, 2026 to Discuss Q3FY26 Financial Results More News on Shriram Finance. Shriram Finance Board Meeting"
2026-01-20 22:29:59,Market Intelligence,Google Custom Search,N/A,Shriram Finance (SHRIRAMFIN) Live Share Price Today on NSE ...,https://trendlyne.com/equity/1288/SHRIRAMFIN/shriram-finance-ltd/,trendlyne.com,N/A,"13 hours ago Incorporated in 1979, as Shriram Transport Finance Company, the company was rebranded as Shriram Finance after the merger of Shriram Transport Finance."
2026-01-20 22:29:59,Market Intelligence,Google Custom Search,N/A,Cholamandalam Investment and Finance Company Ltd Share Price ...,https://www.livemint.com/market/market-stats/stocks-cholamandalam-investment-and-finance-company-ltd-share-price-nse-bse-s0003157,livemint.com,N/A,16 hours ago Cholamandalam Investment and Finance Company Ltd News. Stocks to buy today: MarketSmith India's top stock picks for 28 February. 3 min read .28 Feb 2025
2026-01-20 22:29:59,Market Intelligence,Google Custom Search,N/A,Cholamandalam Investment and Finance Company Limited: Ratings ...,https://www.icra.in/Rating/RatingDetails?CompanyId=12224&CompanyName=Cholamandalam%20Investment%20and%20Finance%20Company%20Limited,icra.in,N/A,10 hours ago Instrument Ratings. Non-Convertible Debentures [ICRA]AA+ (Positive); Subordinated Debentures [ICRA]AA+ (Positive); Fund based Facilities from Banks
2026-01-20 22:29:59,Market Intelligence,Google Custom Search,N/A,Cholamandalam Investment & Finance Company Ltd Hits Intra...,https://www.marketsmojo.com/news/stocks-in-action/cholamandalam-investment-finance-company-ltd-hits-intraday-low-amid-price-pressure-3796763,marketsmojo.com,N/A,"7 hours ago Cholamandalam Investment & Finance Company Ltd experienced a notable intraday decline on 20 Jan 2026, touching a low of Rs 1644.8 as selling pressure intens"
2026-01-20 22:29:59,Market Intelligence,Google Custom Search,N/A,DBS VF Platinum Trust Sep 2022 III,https://www.icra.in/Rating/RatingDetails?CompanyId=12224&CompanyName=DBS%20VF%20Platinum%20Trust%20Sep%202022%20III,icra.in,N/A,9 hours ago DBS VF Platinum Trust Sep 2022 III. Cholamandalam Investment and Finance Company Limited: Ratings withdrawn for PTCs issued under vehicle loan receivables
2026-01-20 22:29:59,Market Intelligence,Google Custom Search,N/A,Cholamandalam Financial Holdings Ltd.,https://www.moneycontrol.com/india/stockpricequote/miscellaneous/cholamandalamfinancialholdings/TII,moneycontrol.com,N/A,15 hours ago Chola Fin Hold Share Price: Find the latest news on Chola Fin Hold Stock Price. Get all the information on Chola Fin Hold with historic price charts for NSE
2026-01-20 22:29:59,Market Intelligence,Google Custom Search,N/A,Cholamandalam Investment Finance Company Ltd vs Muthoot ...,https://blinkx.in/insights/stock-comparison/cholamandalam-investment-finance-company-ltd-vs-muthoot-finance-ltd,blinkx.in,N/A,"22 hours ago Muthoot Finance Ltd News Hub. News. Muthoot Finance infuses Rs 500-cr into Muthoot Money. The subsidiary has allotted 3,25,139"
2026-01-20 22:29:59,Market Intelligence,Google Custom Search,N/A,"Muthoot Finance Limited (MUTHOOTFIN.NS) Analyst insights, Price ...",https://uk.finance.yahoo.com/quote/MUTHOOTFIN.NS/analyst-insights/,uk.finance.yahoo.com,N/A,"8 hours ago MANAPPURAM.NS Manappuram Finance Limited. 302.40. -3.83%. CHOLAFIN.NS Cholamandalam Investment and Finance Company Limited. 1,655.30. -2.65%. LTF.NS L&T Finance"
2026-01-20 22:29:59,Market Intelligence,Google Custom Search,N/A,Cholamandalam Investment Finance Company Ltd vs Shriram ...,https://blinkx.in/insights/stock-comparison/cholamandalam-investment-finance-company-ltd-vs-shriram-finance-ltd,blinkx.in,N/A,16 hours ago Shriram Finance Ltd is up for a third straight session in a row. The stock is quoting at R Read more. 16 Jan 2026 13:05. News.
2026-01-20 22:29:59,Market Intelligence,Google Custom Search,N/A,Chola Fin Holdings - Cholamandalam Financial Holdings Share Price,https://economictimes.indiatimes.com/cholamandalam-financial-holdings-ltd/stocks/companyid-12889.cms,economictimes.indiatimes.com,N/A,"2 hours ago Chola Fin Holdings Share Price Today - Get live NSE/BSE quotes of Chola Fin Holdings with latest news, headlines and quick analysis."
2026-01-20 22:29:59,Market Intelligence,Google Custom Search,N/A,"Fruition Venture Limited Price: Quote, Forecast, Charts & News ...",https://www.perplexity.ai/finance/FRUTION.BO,perplexity.ai,N/A,"7 hours ago Fruition Venture Limited is a diversified investment and trading company based in New Delhi, India, operating in the Investment - Banking & Investment"
2026-01-20 22:29:59,Market Intelligence,Google Custom Search,N/A,Mahindra & Mahindra Financial Services Ltd: Technical Mom...,https://www.marketsmojo.com/news/stocks-in-action/mahindra-mahindra-financial-services-ltd-technical-momentum-shifts-signal-mildly-bullish-outlook-3780902,marketsmojo.com,N/A,"4 hours ago Mahindra & Mahindra Financial Services Ltd (M&M Fin. Serv.), a key News; Stocks in Action; Mahindra & Mahindra Financial Services Ltd: Technical"
2026-01-20 22:29:59,Market Intelligence,Google Custom Search,N/A,Press Releases and News | Tech Mahindra,https://www.techmahindra.com/insights/news/,techmahindra.com,N/A,11 hours ago Stay updated with the latest news on Tech Mahindra.
2026-01-20 22:29:59,Market Intelligence,Google Custom Search,N/A,Mahindra & Mahindra Financial Services Ltd Share Price Today ...,https://www.business-standard.com/markets/mahindra-mahindra-financial-services-ltd-share-price-16795.html,business-standard.com,N/A,22 hours ago What's Mahindra & Mahindra Financial Services Ltd share price today. Get Mahindra & Mahindra Financial Services Ltd latest news on BSE/NSE stock price live
2026-01-20 22:29:59,Market Intelligence,Google Custom Search,N/A,Kotak Mahindra Bank Ltd - Share/Stock Price,https://www.moneycontrol.com/india/stockpricequote/banks-private-sector/kotakmahindrabank/KMB,moneycontrol.com,N/A,2 hours ago Kotak Mahindra Share Price: Find the latest news on Kotak Mahindra Stock Price. Get all the information on Kotak Mahindra with historic price charts for NSE
2026-01-20 22:29:59,Market Intelligence,Google Custom Search,N/A,Mahindra Mahindra Financial Services Ltd vs Shriram Finance Ltd ...,https://blinkx.in/insights/stock-comparison/mahindra-mahindra-financial-services-ltd-vs-shriram-finance-ltd,blinkx.in,N/A,"22 hours ago For the nine months ended FY26, disbursements are seen at approximately Rs 43,900 crore, r Read more. 05 Jan 2026 09:44. News. Mahindra Finance Q3"
2026-01-20 22:29:59,Market Intelligence,Google Custom Search,N/A,"Mahindra Cars Price in India - Models 2026, Reviews, Specs ...",https://www.cardekho.com/cars/Mahindra,cardekho.com,N/A,"6 hours ago Mahindra Cars Price in India - Mahindra has currently 18 car models on sale, check prices of all Mahindra car models with reviews, specs, images, videos,"
2026-01-20 22:29:59,Market Intelligence,Google Custom Search,N/A,Kotak Mahindra Bank News and Updates,https://trendlyne.com/latest-news/only-news/758/KOTAKBANK/kotak-mahindra-bank-ltd/,trendlyne.com,N/A,3 hours ago SECTOR : BANKING AND FINANCE · INDUSTRY : BANKS · KOTAK MAHINDRA BANK LTD. Kotak Mahindra Bank Ltd. NSE: KOTAKBANK | BSE: 500247. Expensive Performer · In 7
2026-01-20 22:29:59,Market Intelligence,Google Custom Search,N/A,Tech Mahindra Advances to the Fourth Rank Among India ...,https://sg.finance.yahoo.com/news/tech-mahindra-advances-fourth-rank-141000352.html,sg.finance.yahoo.com,N/A,"3 hours ago Ranks ninth globally in Brand Strength Index in the annual Brand Finance report. PUNE, India, Jan. 20, 2026 /PRNewswire/ -- Tech Mahindra (NSE: TECHM),"
2026-01-20 22:29:59,Market Intelligence,Google Custom Search,N/A,Tech Mahindra Advances to the Fourth Rank Among India ...,https://au.finance.yahoo.com/news/tech-mahindra-advances-fourth-rank-141300844.html,au.finance.yahoo.com,N/A,"3 hours ago Ranks ninth globally in Brand Strength Index in the annual Brand Finance report. PUNE, India, Jan. 20, 2026 /PRNewswire/ -- Tech Mahindra (NSE: TECHM),"
2026-01-20 22:29:59,Market Intelligence,Google Custom Search,N/A,Mahindra Accelo Limited: Ratings reaffirmed,https://www.icra.in/Rating/RatingDetails?CompanyId=20790&CompanyName=Mahindra%20Accelo%20Limited,icra.in,N/A,"12 hours ago Instrument Ratings. Fund based - Working Capital Facilities [ICRA]AA+ (Stable); Non Fund Based Limits [ICRA]A1+; Unallocated [ICRA]AA+ (Stable), [ICRA]A1+."
2026-01-20 22:29:59,Market Intelligence,Google Custom Search,N/A,"Muthoot Finance, Manappuram shares surge up to 8%; here's why ...",https://upstox.com/news/market-news/stocks/muthoot-finance-shares-surge-after-finance-ministry-suggests-easier-gold-loan-norms-for-small-borrowers/article-170847/,upstox.com,N/A,"9 hours ago Muthoot Finance, Manappuram shares surge up to 8%; here's why gold loan financiers are surging. Upstox. By Upstox News Desk. 3 min read | Updated on May 30,"
2026-01-20 22:29:59,Market Intelligence,Google Custom Search,N/A,Muthoot Finance Ltd is Rated Strong Buy,https://www.marketsmojo.com/news/stock-recommendation/muthoot-finance-ltd-is-rated-strong-buy-3795940,marketsmojo.com,N/A,"12 hours ago Muthoot Finance Ltd is rated 'Strong Buy' by MarketsMOJO, with this rating last updated on 11 August 2025. However, the analysis and financial metrics"
2026-01-20 22:29:59,Market Intelligence,Google Custom Search,N/A,"Muthoot Finance Limited (MUTHOOTFIN.NS) Analyst insights, Price ...",https://uk.finance.yahoo.com/quote/MUTHOOTFIN.NS/analyst-insights/,uk.finance.yahoo.com,N/A,"8 hours ago Yahoo Finance provides the latest analyst insights, price targets and recommendations on Muthoot Finance Limited (MUTHOOTFIN."
2026-01-20 22:29:59,Market Intelligence,Google Custom Search,N/A,"Gold Loan Services in and near Rughanathpura, Surat | Muthoot ...",https://branches.muthootfinance.com/gold-loan-agency-in-rughanathpura-surat-11478119/home,branches.muthootfinance.com,N/A,"7 hours ago Get instant cash with a low-interest gold loan in Rughanathpura, Surat from Muthoot Finance your trusted NBFC. Explore personal loans, home loans with quick"
2026-01-20 22:29:59,Market Intelligence,Google Custom Search,N/A,Muthoot Finance Q1 Results,https://www.livemint.com/market/market-stats/muthoot-finance-q1-results-s0003078,livemint.com,N/A,"16 hours ago MUTHOOTFIN Q1 Results: Check out Muthoot Finance Q1 Result news, Muthoot Finance Q1 Earnings result updates and highlights. | MUTHOOTFIN Q1 Results 2026."
2026-01-20 22:29:59,Market Intelligence,Google Custom Search,N/A,Muthoot Securities,https://www.muthootsecurities.com/OtherMarkets/ADR-Prices,muthootsecurities.com,N/A,7 hours ago Sensex -0.39% · Nifty -0.42% · USDINR 0.08% · GBPINR -0.16% · EURINR -0.12% · Attention Investor :.
2026-01-20 22:29:59,Market Intelligence,Google Custom Search,N/A,UPL Ltd (UPL) Stock Price & News - Google Finance,https://www.google.com/finance/quote/UPL:NSE,google.com,N/A,"6 hours ago UPL Limited, formerly United Phosphorus Limited, is an Indian multinational company that manufactures and markets agrochemicals, industrial chemicals,"
2026-01-20 22:29:59,Market Intelligence,Google Custom Search,N/A,Paraprofessional Gifts Bulk India's Muthoot Finance Posts Bigger ...,https://yakuyoke-kaiun.jp/636460/Posts-Bigger-than-expected-Profit-On-Strong,yakuyoke-kaiun.jp,N/A,"16 hours ago Muthoot Finance launches ""Muthoot Gold Shield"" | Global Prime News Crafted from high-quality, durable zinc alloy, this wrench-shaped keychain is built to"
2026-01-20 22:29:59,Market Intelligence,Google Custom Search,N/A,Hitachi Energy India Ltd (POWERINDIA) Stock Price & News ...,https://www.google.com/finance/quote/POWERINDIA:NSE,google.com,N/A,"7 hours ago 3MINDIA 3.45%. Muthoot Finance Ltd. ₹3,928.00. MUTHOOTFIN 0.48%. Tata Elxsi Ltd. ₹5,385.00. TATAELXSI 3.20%. Nuvama Wealth Management Ltd. ₹1,420.10. NUVAMA"
2026-01-20 22:29:59,Market Intelligence,Google Custom Search,N/A,Cholamandalam Investment Finance Company Ltd vs Muthoot ...,https://blinkx.in/insights/stock-comparison/cholamandalam-investment-finance-company-ltd-vs-muthoot-finance-ltd,blinkx.in,N/A,"22 hours ago Muthoot Finance Ltd News Hub. News. Muthoot Finance infuses Rs 500-cr into Muthoot Money. The subsidiary has allotted 3,25,139 equity shares to Muthoot Finance."
2026-01-20 22:29:59,Market Intelligence,Google Custom Search,N/A,"Manappuram Finance Share Price Today, Manappuram Finance ...",https://economictimes.indiatimes.com/manappuram-finance-ltd/stocks/companyid-7134.cms,economictimes.indiatimes.com,N/A,"7 hours ago Manappuram Finance Share Price Today - Get live NSE/BSE quotes of Manappuram Finance with latest news, headlines and quick analysis."
2026-01-20 22:29:59,Market Intelligence,Google Custom Search,N/A,"Muthoot Finance, Manappuram shares surge up to 8%; here's why ...",https://upstox.com/news/market-news/stocks/muthoot-finance-shares-surge-after-finance-ministry-suggests-easier-gold-loan-norms-for-small-borrowers/article-170847/,upstox.com,N/A,"9 hours ago Muthoot Finance, Manappuram shares surge up to 8%; here's why gold loan financiers are surging. Upstox. By Upstox News Desk. 3 min read | Updated on May 30,"
2026-01-20 22:29:59,Market Intelligence,Google Custom Search,N/A,Manappuram Finance Ltd is Rated Hold,https://www.marketsmojo.com/news/stock-recommendation/manappuram-finance-ltd-is-rated-hold-3795976,marketsmojo.com,N/A,"12 hours ago Manappuram Finance Ltd is rated 'Hold' by MarketsMOJO, with this rating last updated on 18 February 2025. However, the analysis and financial metrics"
2026-01-20 22:29:59,Market Intelligence,Google Custom Search,N/A,Manappuram Finance Dividend: Check Manappuram Finance ...,https://www.livemint.com/manappuram-finance/dividend/companyid-s0003183,livemint.com,N/A,4 hours ago Manappuram Finance Dividend: Read About Manappuram Finance Dividend Payment Details to Shareholders Through Interim Dividends Every Quarter and Final
2026-01-20 22:29:59,Market Intelligence,Google Custom Search,N/A,Manappuram Finance Share Price Today: Manappuram Finance ...,https://www.financialexpress.com/market/manappuram-finance-ltd-share-price/,financialexpress.com,N/A,"7 hours ago Manappuram Finance Share Price Today (20th Jan, 2026): Check Manappuram Finance Stock Price live NSE/BSE on financialexpress.com. Get Manappuram Finance"
2026-01-20 22:29:59,Market Intelligence,Google Custom Search,N/A,531213 | Manappuram Finance Ltd | Stock Price vs Fair ...,https://morningstar.in/stocks/0p0000cb9o/bse-manappuram-finance-ltd/price.aspx,morningstar.in,N/A,"16 hours ago Dividends & Splits ; Trailing Dividend Yield %, 2.83, 1.62 ; Buyback Yield %, —, — ; Total Yield %, 2.83, 1.62 ; 58.05 5.92."
2026-01-20 22:29:59,Market Intelligence,Google Custom Search,N/A,"AI Tomorrow's Prediction [""Forecast""] Manappuram Finance ...",https://munafasutra.com/nse/tomorrow/MANAPPURAM,munafasutra.com,N/A,5 hours ago Manappuram Finance Limited Tomorrow's Movement Prediction Forecast & share price targets for tomorrow -MANAPPURAM Manappuram Finance Limited stock price
2026-01-20 22:29:59,Market Intelligence,Google Custom Search,N/A,Turn dreams back on track with trusted gold loans. Get your gold ...,https://x.com/ManappuramMAFIL/status/2013431467632664858,x.com,N/A,15 hours ago Manappuram Finance (@ManappuramMAFIL). 13 likes 13 replies 61 views. Turn dreams back on track with trusted gold loans. Get your gold loan today.
2026-01-20 22:29:59,Market Intelligence,Google Custom Search,N/A,CourtKutchehry Blog | Latest Legal News & Analysis,https://www.courtkutchehry.com/pages/blog/?tag=consumer%20protection,courtkutchehry.com,N/A,"7 hours ago Kerala High Court rules that brand ambassador Mohanlal is not liable for Manappuram Finance's actions, holding endorsers responsible only with a direct link."
2026-01-20 22:29:59,Market Intelligence,Google Custom Search,N/A,"Muthoot Finance Limited (MUTHOOTFIN.NS) Analyst insights, Price ...",https://uk.finance.yahoo.com/quote/MUTHOOTFIN.NS/analyst-insights/,uk.finance.yahoo.com,N/A,"8 hours ago MANAPPURAM.NS Manappuram Finance Limited. 302.40. -3.83%. CHOLAFIN.NS Cholamandalam Investment and Finance Company Limited. 1,655.30. -2.65%. LTF.NS L&T Finance"
2026-01-20 22:29:59,Market Intelligence,Google Custom Search,N/A,HDB Financial Services Share Price,https://economictimes.indiatimes.com/hdb-financial-services-ltd/stocks/companyid-28788.cms,economictimes.indiatimes.com,N/A,"8 hours ago HDB Financial Servic Share Price Today - Get live NSE/BSE quotes of HDB Financial Servic with latest news, headlines and quick analysis."
2026-01-20 22:29:59,Market Intelligence,Google Custom Search,N/A,HDB Financial Services Ltd. - Share/Stock Price,https://www.moneycontrol.com/india/stockpricequote/finance-nbfc/hdbfinancialservices/HFSL,moneycontrol.com,N/A,4 hours ago HDB Financial Share Price: Find the latest news on HDB Financial Stock Price. Get all the information on HDB Financial with historic price charts for NSE
2026-01-20 22:29:59,Market Intelligence,Google Custom Search,N/A,HDB Financial IPO opens for subscription: Here's how to apply ...,https://upstox.com/news/market-news/ipo/hdb-financial-ipo-here-s-how-to-apply-under-the-shareholders-quota-and-increase-chances-of-allotment/article-175048/,upstox.com,N/A,11 hours ago HDFC Bank shareholders can bid for the HDB Financial Services IPO under the shareholders' quota. HBD_Financial_logo. HDB Financial Services operates through
2026-01-20 22:29:59,Market Intelligence,Google Custom Search,N/A,HDB Financial Services (HDBFS) Live Share Price Today on NSE ...,https://trendlyne.com/equity/3147463/HDBFS/hdb-financial-services-ltd/,trendlyne.com,N/A,"24 hours ago HDB Financial Services (HDBFS) live share price today on NSE/BSE at 3:31 p.m. on Jan 19, 2026 is Rs 754.65. Explore financials, technicals, Deals,"
2026-01-20 22:29:59,Market Intelligence,Google Custom Search,N/A,"HDB Financial Services Ltd Share Price Today, HDBFS , Stock Price ...",https://www.aajtak.in/business/stock/hdb-financial-services-ltd-hdbfs-share-price-6561,aajtak.in,N/A,2 hours ago Advertisement. Hindi News · Business; HDB Financial Services Ltd. HDB Financial Services Ltd Share Price (HDBFS). सेक्टर: Finance(Mid Cap)
2026-01-20 22:29:59,Market Intelligence,Google Custom Search,N/A,HDB Financial Services Dividend,https://www.livemint.com/hdb-financial-services/dividend/companyid-s0006352,livemint.com,N/A,23 hours ago HDB Financial Services Dividend: Read About HDB Financial Services Dividend Payment Details to Shareholders Through Interim Dividends Every Quarter and
2026-01-20 22:29:59,Market Intelligence,Google Custom Search,N/A,Housing & Development Board (HDB),https://www.hdb.gov.sg/,hdb.gov.sg,N/A,"7 hours ago As Singapore's public housing authority, HDB build homes and transforms towns to create a quality living environment for all."
2026-01-20 22:29:59,Market Intelligence,Google Custom Search,N/A,BSE (formerly Bombay Stock Exchange) | Live Stock Market updates ...,https://www.bseindia.com/?,bseindia.com,N/A,"16 hours ago premier stock exchange. Get all the live BSE SENSEX, real time stock/share prices, bse indices, company news, results, currency and commodity derivatives."
2026-01-20 22:29:59,Market Intelligence,Google Custom Search,N/A,HDFC Bank Ltd. Share Price Today: Live updates,https://zerodha.com/markets/stocks/NSE/HDFCBANK/,zerodha.com,N/A,"9 hours ago Jan 14 (Reuters) - India's HDB Financial Services HDBF.NS posted a near 36% rise in third-quarter profit on Wednesday, aided by improved loan growth. Net profit"
2026-01-20 22:29:59,Market Intelligence,Google Custom Search,N/A,Hdb Financial Services Limited company has vacancy of Emi ...,https://www.workindia.in/jobs/emi_collection_officer-sector_58_noida-delhi-8932784/,workindia.in,N/A,"10 hours ago Apply for Emi Collection Officer at Hdb Financial Services Limited in Sector 58 - Noida, delhi, Salary Rs. 12000 - Rs. 35000 per month."
2026-01-20 22:29:59,Market Intelligence,Google Custom Search,N/A,Investor Information And Financials | Tata Capital,https://www.tatacapital.com/about-us/investor-information-and-financials.html,tatacapital.com,N/A,11 hours ago Learn more about Tata Capital's investor information and financials. We are committed to providing our investors with timely and accurate information about
2026-01-20 22:29:59,Market Intelligence,Google Custom Search,N/A,Tata Capital Housing Finance Limited,https://www.icra.in/Rating/RatingDetails?CompanyId=15410&CompanyName=Tata+Capital+Housing+Finance+Limited,icra.in,N/A,12 hours ago Non-Convertible Debentures · Subordinated Debt · Retail Bonds (including non-convertible debentures and subordinated debt) · Commercial Paper · Long Term-Fund-Based
2026-01-20 22:29:59,Market Intelligence,Google Custom Search,N/A,Press Release on Unaudited Financial Results for the quarter and ...,https://www.tatacapital.com/content/dam/tata-capital/pdf/investors-and-financial-reports/stock-exchange/Press-Release-on-Unaudited-Financial-Results-for-the-quarter-and-nine-%20months-ended-31-2025.pdf,tatacapital.com,N/A,"22 hours ago Mumbai, January 19, 2026: A meeting of the Board of Directors of Tata Capital Limited (TCL) was held today to consider and approve the unaudited consolidated"
2026-01-20 22:29:59,Market Intelligence,Google Custom Search,N/A,Tata Capital News - The Economic Times - The Economic Times,https://economictimes.indiatimes.com/tata-capital-ltd/stocksupdate/companyid-23856.cms,economictimes.indiatimes.com,N/A,3 hours ago Tata Capital shares surged over 2% to Rs 368 after the company reported a strong December quarter performance. Consolidated net profit jumped 17% year-on-year
2026-01-20 22:29:59,Market Intelligence,Google Custom Search,N/A,"AUM of ₹ 81,585 crore (up 30% YoY), and PAT(1) of ₹ 464 crore ...",https://www.tatacapital.com/content/dam/tata-capital/pdf/media-center/press-release/2026/TCHFL-Q3FY26-Press-Release-vF-3.pdf,tatacapital.com,N/A,"21 hours ago PRESS RELEASE. Financial Results for Q3FY26. Mumbai, January 19, 2026: A meeting of the Board of Directors of Tata Capital Housing Finance Limited. (TCHFL) was"
2026-01-20 22:29:59,Market Intelligence,Google Custom Search,N/A,#3QWithCNBCTV18 | Tata Capital Q3: AUM Growth Ahead Of ...,https://x.com/CNBCTV18News/status/2013511630588649821,x.com,N/A,"10 hours ago CNBC-TV18 (@CNBCTV18News). #3QWithCNBCTV18 | Tata Capital Q3: AUM Growth Ahead Of Guidance Rajiv Sabharwal, MD and CEO of Tata Capital tells @CNBCTV18News"
2026-01-20 22:29:59,Market Intelligence,Google Custom Search,N/A,Tata Capital Share Price Today 19 Jan 2026: Live NSE/BSE Rates ...,https://www.livemint.com/market/market-stats/stocks-tata-capital-share-price-nse-bse-s0006565,livemint.com,N/A,"14 hours ago Tata Capital News. Stocks to watch: ITC Hotels, Adani Power, LTIMindtree among 10 shares in focus today; full list inside. 3 min read .20 Jan 2026. 'Nifty 50"
2026-01-20 22:29:59,Market Intelligence,Google Custom Search,N/A,"Top stocks in news: LTIMindTree, ABFRL, Tata Capital, UPL ...",https://x.com/business_today/status/2013437332368597020,x.com,N/A,"15 hours ago Business Today (@business_today). 365 views. #MarketToday | Top stocks in news: LTIMindTree, ABFRL, Tata Capital, UPL, Havells, ABLBL, MahaBank, CEAT."
2026-01-20 22:29:59,Market Intelligence,Google Custom Search,N/A,Tata Capital passes on lower borrowing costs to customers; targets ...,https://m.economictimes.com/markets/expert-view/tata-capital-passes-on-lower-borrowing-costs-to-customers-targets-sub-1-credit-cost-25-aum-growth-by-fy28/articleshow/126781202.cms,m.economictimes.com,N/A,"7 hours ago Business NewsMarketsExpert ViewsTata Capital passes on lower borrowing costs to customers; targets sub-1% credit cost, 25% AUM growth by FY28. Browse Company."
2026-01-20 22:29:59,Market Intelligence,Google Custom Search,N/A,"Tata Capital IPO Date: Check Issue Date, Price, Lot size ...",https://www.moneycontrol.com/ipo/tata-capital-ltd-tcl06-ipodetail,moneycontrol.com,N/A,4 hours ago The issue is a fresh issue of 47.58 crore shares. Read More. IPO Details; IPO Dates; Subscription; Reservation; Financials; News; Forum; Company Info.
2026-01-20 22:29:59,Market Intelligence,Google Custom Search,N/A,L&T Finance Ltd (BOM:533519) Q3 2026 Earnings Call Highlights ...,https://finance.yahoo.com/news/l-t-finance-ltd-bom-010215532.html,finance.yahoo.com,N/A,"16 hours ago L&T Finance Ltd (BOM:533519) Q3 2026 Earnings Call Highlights: Record Growth in Retail GuruFocus News. Mon, January 19, 2026 at 5:02 PM PST 4 min"
2026-01-20 22:29:59,Market Intelligence,Google Custom Search,N/A,L&T Fin Holding - L&T Finance Share Price,https://economictimes.indiatimes.com/lt-finance-ltd/stocks/companyid-30050.cms,economictimes.indiatimes.com,N/A,"9 hours ago L&T Fin Holding Share Price Today - Get live NSE/BSE quotes of L&T Fin Holding with latest news, headlines and quick analysis."
2026-01-20 22:29:59,Market Intelligence,Google Custom Search,N/A,"AB Capital, L&T Finance - High Chances Of Getting INCLUDED in ...",https://x.com/soumeet_sarkar/status/2013467102930444364,x.com,N/A,13 hours ago Index IRCTC could see outflows of $113 million #ABCAPITAL #LARSENFinance #IRCTC · 0. 1. 32. 3378 · · Explore Trending StoriesGo to HomeSearch XNews.
2026-01-20 22:29:59,Market Intelligence,Google Custom Search,N/A,L&T Finance Ltd: Share Price Today - Live Updates | Motilal Oswal,https://www.motilaloswal.com/share-market/lt-finance-ltd,motilaloswal.com,N/A,"10 hours ago L&T Finance Ltd Share Price Today - Get latest Performance analysis and chart, shareholding pattern, technical analysis, financial and annual report at"
2026-01-20 22:29:59,Market Intelligence,Google Custom Search,N/A,L&T Finance share price,https://www.business-standard.com/markets/l-t-finance-ltd-share-price-41147.html,business-standard.com,N/A,"1 hour ago What's L&T Finance Ltd share price today. Get L&T Finance Ltd latest news on BSE/NSE stock price live updates, L&T Finance Ltd financial results and"
2026-01-20 22:29:59,Market Intelligence,Google Custom Search,N/A,L&T Finance Records Highest Ever Core Profit After Tax of Rs. 760 ...,https://www.newsvoir.com/release/l-t-finance-records-highest-ever-core-profit-after-tax-of-rs-760-crore-before-one-time-impact-of-new-labour-code-provision-up-21-y-o-y-in-q3fy26-34383.html,newsvoir.com,N/A,"5 hours ago L&T Finance Ltd., formerly known as L&T Finance Holdings Ltd. (LTF), one of the leading Non-Banking Financial Companies (NBFCs) in India, has recorded its"
2026-01-20 22:29:59,Market Intelligence,Google Custom Search,N/A,Analysts bullish on L&T Finance stock amid strong Q3 growth ...,https://www.business-standard.com/markets/news/analysts-bullish-on-l-t-finance-amid-strong-q3-growth-profitability-gains-bse-sensex-today-nbfc-stock-market-126012000170_1.html,business-standard.com,N/A,"12 hours ago L&T Finance share price rating: Emkay Global has upgraded the L&T Finance stock to 'Buy' from 'Reduce,' on the back of improved visibility on asset quality,"
2026-01-20 22:29:59,Market Intelligence,Google Custom Search,N/A,L&T Finance Consolidated December 2025 Net Sales at Rs ...,https://www.moneycontrol.com/news/business/earnings/lt-finance-consolidated-december-2025-net-sales-at-rs-4578-27-crore-up-11-73-y-o-y-13781185.html,moneycontrol.com,N/A,"9 hours ago HomeNewsBusinessEarningsL&T Finance Consolidated December 2025 Net Sales at Rs 4,578.27 crore, up 11.73% Y-o-Y. Trending Topics; PNB Q3 Results · Tata Capital"
2026-01-20 22:29:59,Market Intelligence,Google Custom Search,N/A,L&T Finance Ltd is Rated Hold by MarketsMOJO,https://www.marketsmojo.com/news/stock-recommendation/lt-finance-ltd-is-rated-hold-by-marketsmojo-3796000,marketsmojo.com,N/A,"12 hours ago L&T Finance Ltd is rated 'Hold' by MarketsMOJO, with this rating last updated on 14 May 2025. However, the analysis and financial metrics discussed here"
2026-01-20 22:29:59,Market Intelligence,Google Custom Search,N/A,L&T Finance Sets ROA Target of 2.8-3% by Q4 FY27 Under Lakshya ...,https://scanx.trade/stock-market-news/stocks/l-t-finance-sets-roa-target-of-2-8-3-by-q4-fy27-under-lakshya-2026-strategic-plan/30426163,scanx.trade,N/A,"13 hours ago L&T Finance has announced its Lakshya 2026 strategic goals, targeting a return on assets of 2.8% to 3% by Q4 FY27 while maintaining net interest margin plus"
2026-01-20 22:29:59,Market Intelligence,Google Custom Search,N/A,Aditya Birla Cap. - Aditya Birla Capital Share Price,https://economictimes.indiatimes.com/aditya-birla-capital-ltd/stocks/companyid-66696.cms,economictimes.indiatimes.com,N/A,"18 hours ago Aditya Birla Cap. Share Price Today - Get live NSE/BSE quotes of Aditya Birla Cap. with latest news, headlines and quick analysis."
2026-01-20 22:29:59,Market Intelligence,Google Custom Search,N/A,Aditya Birla Capital Ltd Stock Price: Aditya Birla Cap Share Price ...,https://www.indiainfoline.com/company/aditya-birla-capital-ltd-share-price,indiainfoline.com,N/A,15 hours ago Aditya Birla Capital Ltd NEWS AND UPDATE ; Aditya Birla Capital Invests ₹40 Crore in Digital Arm ABCDL via Rights Issue · 26 Mar 2025 · 04:46 PM ; Top Stocks for
2026-01-20 22:29:59,Market Intelligence,Google Custom Search,N/A,Equity Company-Snapshot - Aditya Birla Money,https://stocksandsecurities.adityabirlacapital.com/markets/company-snapshot/45828,stocksandsecurities.adityabirlacapital.com,N/A,"21 hours ago Volumes spurt at AAVAS Financiers Ltd counter ; SOURCES OF FUNDS : ; Share Capital, 79.15, 79.14, 79.06."
2026-01-20 22:29:59,Market Intelligence,Google Custom Search,N/A,"GMDC, Hindustan Zinc, IEX, Deepak Nitrite, Aditya Birla Capital ...",https://x.com/SmarTradingA/status/2013431408501665967,x.com,N/A,"15 hours ago Smart Trading Alerts (@SmarTradingA). 439 views. GMDC, Hindustan Zinc, IEX, Deepak Nitrite, Aditya Birla Capital, Hindustan Unilever, TCI Express,"
2026-01-20 22:29:59,Market Intelligence,Google Custom Search,N/A,Equity Company-Snapshot - Aditya Birla Money,https://stocksandsecurities.adityabirlacapital.com/markets/company-snapshot/5418,stocksandsecurities.adityabirlacapital.com,N/A,"12 hours ago ICICI Bank Limited was incorporated in January, 1994 as a part of the ICICI Group with the name ICICI Banking Corporation Limited. The initial equity capital"
2026-01-20 22:29:59,Market Intelligence,Google Custom Search,N/A,Aditya Birla Capital Ltd vs Aditya Birla Sun Life Amc Ltd Stock ...,https://blinkx.in/insights/stock-comparison/aditya-birla-capital-ltd-vs-aditya-birla-sun-life-amc-ltd,blinkx.in,N/A,"23 hours ago Aditya Birla Capital (ABCL) has made an investment of Rs. 40 crore on rights basis, in the Read more. 29 Dec 2025 17:42. News."
2026-01-20 22:29:59,Market Intelligence,Google Custom Search,N/A,@MDLZ | @Unilever | @KelloggCompany | @UltraTechCement ...,https://x.com/e4mevents/status/2013490226715328761,x.com,N/A,11 hours ago @havellsindia | @asianpaints | #AdityaBirlaCapital | #Britannia | @GodrejEnt_group · 0. 0. 0. 17 · · Explore Trending StoriesGo to HomeSearch XNews.
2026-01-20 22:29:59,Market Intelligence,Google Custom Search,N/A,"Share Market Today | Latest Stock Market News, Sensex Today and ...",https://www.business-standard.com/markets/aditya-birla-capital-ltd-share-price-40903/announcements/bse-exchange-50647033,business-standard.com,N/A,12 hours ago Aditya Birla Capital Limited has informed the Stock Exchange regarding the allotment of its Non-Convertible Debentures.
2026-01-20 22:29:59,Market Intelligence,Google Custom Search,N/A,Aditya Birla Capital Keychains Bulk Gifts India ADITYA BIRLA ...,https://yakuyoke-kaiun.jp/636959/ADITYA-BIRLA-CAPITAL-Keychains-Bulk-Gifts,yakuyoke-kaiun.jp,N/A,"4 hours ago Aditya gift gallery | Customize Acrylic Keychain | Oval Shape | ₹199.00 with 33 percent savings -33% ₹199 MRP Despite their low cost, they offer a high"
2026-01-20 22:29:59,Market Intelligence,Google Custom Search,N/A,Aditya Birla capital company has vacancy of Customer Service in ...,https://www.workindia.in/jobs/customer_service-thane_west-mumbai-8929941/,workindia.in,N/A,"22 hours ago Apply for Customer Service at Aditya Birla capital in Thane West, mumbai, Salary Rs. 20000 - Rs. 30000 per month. 12th Pass candidates can apply."
2026-01-20 22:29:59,Market Intelligence,Google Custom Search,N/A,Kotak Mahindra Bank Ltd - Share/Stock Price,https://www.moneycontrol.com/india/stockpricequote/banks-private-sector/kotakmahindrabank/KMB,moneycontrol.com,N/A,2 hours ago Kotak Mahindra Share Price: Find the latest news on Kotak Mahindra Stock Price. Get all the information on Kotak Mahindra with historic price charts for NSE
2026-01-20 22:29:59,Market Intelligence,Google Custom Search,N/A,Kotak Mahindra Bank News and Updates,https://trendlyne.com/latest-news/only-news/758/KOTAKBANK/kotak-mahindra-bank-ltd/,trendlyne.com,N/A,3 hours ago Kotak Mahindra Bank. Buy: Kotak Mahindra Bank Ltd. Consistent in delivering superior RoA of 2+% and RoE of 13+% Key Development: Kotak Mahindra Bank's 1:5
2026-01-20 22:29:59,Market Intelligence,Google Custom Search,N/A,Kotak Bank Share Price Today - KOTAKBANK Live Updates NSE ...,https://dhan.co/stocks/kotak-mahindra-bank-ltd-share-price/,dhan.co,N/A,"5 hours ago Kotak Bank Stock Price Today (NSE: KOTAKBANK, BSE: 500247) - Get KOTAKBANK Share Price History, Live Updates, Chart, Returns, Technicals, Balance Sheet,"
2026-01-20 22:29:59,Market Intelligence,Google Custom Search,N/A,Kotak Mahindra Bank Ltd Sees Robust Trading Activity Amid...,https://www.marketsmojo.com/news/stocks-in-action/kotak-mahindra-bank-ltd-sees-robust-trading-activity-amid-market-outperformance-3796219,marketsmojo.com,N/A,"10 hours ago Kotak Mahindra Bank Ltd (KOTAKBANK) emerged as one of the most actively traded stocks by value on 20 Jan 2026, reflecting strong investor participation and"
2026-01-20 22:29:59,Market Intelligence,Google Custom Search,N/A,Kotak Mahindra Bank Allots 8.3 Lakh Shares Under ESOP Schemes ...,https://prysm.fi/news/kotak-mahindra-bank-allots-83-lakh-shares-under-esop-schemes,prysm.fi,N/A,11 hours ago AI models can summarize market news but cannot assess portfolio-specific impact or simulate investment scenarios. Platforms like Prysm provide stock-level and
2026-01-20 22:29:59,Market Intelligence,Google Custom Search,N/A,Kotak Mahindra Bank Board Meetings | Board Meeting Dates of ...,https://www.livemint.com/kotak-mahindra-bank/board-meetings/companyid-s0003043,livemint.com,N/A,"21 hours ago Kotak Mahindra Bank Board Meetings: Dividends, Bonus, Splits, Rights, Board Meetings, AGM, Related News"
2026-01-20 22:29:59,Market Intelligence,Google Custom Search,N/A,"Kotak Mahindra Bank Ltd (500247) Stock, Price, News, Quotes ...",https://www.msn.com/en-in/money/markets?id=ah7y6h&tab=MostActives&ocid=ob-fb-enin-76,msn.com,N/A,21 hours ago Vodafone Idea Ltd. IDEA. 10.59. -2.13%. Yes Bank Ltd. YESBANK. 22.76. -2.98%. Jindal SAW Ltd. JINDALSAW. 179.29. +15.94%. IFCI Ltd. IFCI. 62.17. +2.47%
2026-01-20 22:29:59,Market Intelligence,Google Custom Search,N/A,"Kotak Mahindra Bank slips Tuesday, still outperforms market ...",https://www.marketwatch.com/story/kotak-mahindra-bank-slips-tuesday-still-outperforms-market-7fe138d1-8d1ad86bd3aa,marketwatch.com,N/A,"6 hours ago Shares of Kotak Mahindra Bank Ltd. 500247. +2.02%. inched down 0.69% to 423.75 Indian rupees Tuesday, on what proved to be an all-around poor trading"
2026-01-20 22:29:59,Market Intelligence,Google Custom Search,N/A,"Kotak Mahindra Bank Ltd (KOTAKBANK) Stock, Price, News, Quotes ...",https://www.msn.com/en-in/money/markets?id=ahinjc&tab=TopLosers&ocid=legacy_redirected,msn.com,N/A,"13 hours ago Bharat Rasayan Ltd · 1,851.00 · My Mudra Fincorp Ltd · 82.40 · Krishival Foods Ltd · 100.00 · Best Agrolife Ltd · 24.95."
2026-01-20 22:29:59,Market Intelligence,Google Custom Search,N/A,Canara Bank vs Kotak Mahindra Bank Ltd Stock Comparison | BlinkX,https://blinkx.in/insights/stock-comparison/canara-bank-vs-kotak-mahindra-bank-ltd,blinkx.in,N/A,"6 hours ago Compare Canara Bank and Kotak Mahindra Bank Ltd stock performance, financials, market trends, and key metrics with BlinkX. Get in-depth analysis and"
2026-01-20 22:29:59,Market Intelligence,Google Custom Search,N/A,HDFC Bank Ltd - Share/Stock Price,https://www.moneycontrol.com/india/stockpricequote/banks-private-sector/hdfcbank/HDF01,moneycontrol.com,N/A,2 hours ago HDFC Bank Share Price: Find the latest news on HDFC Bank Stock Price. Get all the information on HDFC Bank with historic price charts for NSE / BSE.
2026-01-20 22:29:59,Market Intelligence,Google Custom Search,N/A,HDFC Bank News,https://economictimes.indiatimes.com/hdfc-bank-ltd/stocksupdate/companyid-9195.cms,economictimes.indiatimes.com,N/A,13 hours ago HDFC Bank Q3 Results: HDFC Bank announced a strong performance for the December quarter. The bank's net profit surged by 11 percent year-on-year. This growth
2026-01-20 22:29:59,Market Intelligence,Google Custom Search,N/A,HDFC Bank enables digital rupee payments for merchants | Asian ...,https://asianbankingandfinance.net/retail-banking/news/hdfc-bank-enables-digital-rupee-payments-merchants,asianbankingandfinance.net,N/A,14 hours ago bank said. HDFC Bank is India's largest private bank by asset size. Follow the link s for more news on. HDFC Bank · central bank digital currency · India
2026-01-20 22:29:59,Market Intelligence,Google Custom Search,N/A,"HDFC Bank Share Price Today, HDFC Bank Stock Price Live NSE ...",https://economictimes.indiatimes.com/hdfc-bank-ltd/stocks/companyid-9195.cms,economictimes.indiatimes.com,N/A,"6 hours ago HDFC Bank Share Price Today - Get live NSE/BSE quotes of HDFC Bank with latest news, headlines and quick analysis. View forecasts, quarterly results,"
2026-01-20 22:29:59,Market Intelligence,Google Custom Search,N/A,[URGENT] HDFC Bank refusing to initiate Chargeback for ₹1.3 ...,https://www.reddit.com/r/india/comments/1qi17vw/urgent_hdfc_bank_refusing_to_initiate_chargeback/,reddit.com,N/A,"3 hours ago 23 votes, 20 comments. Hi everyone, I'm in a very stressful situation and need some guidance on how to deal with HDFC Bank regarding a transaction…"
2026-01-20 22:29:59,Market Intelligence,Google Custom Search,N/A,HDFC Bank ADR Share Price Today | NYSE: HDB Stock - Investing ...,https://in.investing.com/equities/hdfc-bank,in.investing.com,N/A,5 hours ago HDFC Bank Limited ADR News & Analysis. Summarize HDB's latest news. Recent; Analysis; Earnings; Transcripts; Company; Analyst Ratings; Insider Trading; SEC
2026-01-20 22:29:59,Market Intelligence,Google Custom Search,N/A,"HDFC Bank News, Corporate filings and Earnings/Conference Calls",https://trendlyne.com/latest-news/533/HDFCBANK/hdfc-bank-ltd/,trendlyne.com,N/A,"12 hours ago HDFC Bank reported a steady Q3 FY26 performance, with NII growing ~6% YoY. NIM stood at 3.35%, flat sequentially but down ~8 bps YoY."
2026-01-20 22:29:59,Market Intelligence,Google Custom Search,N/A,HDFCBANK Share Price: HDFC Bank Live,https://www.tickertape.in/stocks/hdfc-bank-HDBK,tickertape.in,N/A,"18 hours ago HDFCBANK stock price live today with intraday chart, market cap, 52-week range, earnings, dividends and latest market news & research updates."
2026-01-20 22:29:59,Market Intelligence,Google Custom Search,N/A,"HDFC Bank's forced balancing act drags stock, makes it Nifty Bank's ...",https://m.economictimes.com/markets/stocks/news/hdfc-banks-forced-balancing-act-drags-stock-6-makes-it-nifty-banks-biggest-laggard-what-to-do/articleshow/126762903.cms,m.economictimes.com,N/A,11 hours ago HDFC Bank shares remain under pressure despite in-line Q3 results as deposit concerns and a stretched CD ratio weigh on sentiment.
2026-01-20 22:29:59,Market Intelligence,Google Custom Search,N/A,Procurement News - SBI In the News,https://sbi.bank.in/web/sbi-in-the-news/procurement-news,sbi.bank.in,N/A,"2 hours ago Location, Tender Description, Start Date, End Date. LHO, LUCKNOW, RBO-III SHAHJAHANPUR: NOTICE FOR HIRING OF PREMISES FOR STATE BANK OF INDIA ,RAUSAR BRANCH"
2026-01-20 22:29:59,Market Intelligence,Google Custom Search,N/A,ICICI Bank Ltd - Share/Stock Price,https://www.moneycontrol.com/india/stockpricequote/banks-private-sector/icicibank/ICI02,moneycontrol.com,N/A,3 hours ago ICICI Bank Share Price: Find the latest news on ICICI Bank Stock Price. Get all the information on ICICI Bank with historic price charts for NSE / BSE.
2026-01-20 22:29:59,Market Intelligence,Google Custom Search,N/A,"ICICI Bank Share Price Today, ICICI Bank Stock Price Live NSE/BSE ...",https://economictimes.indiatimes.com/icici-bank-ltd/stocks/companyid-9194.cms,economictimes.indiatimes.com,N/A,"2 hours ago ICICI Bank Share Price Today - Get live NSE/BSE quotes of ICICI Bank with latest news, headlines and quick analysis. View forecasts, quarterly results,"
2026-01-20 22:29:59,Market Intelligence,Google Custom Search,N/A,Share Market News - Live Updates | ICICI Direct,https://www.icicidirect.com/share-market-today/news,icicidirect.com,N/A,2 hours ago Bank of Maharashtra has fixed 20 January 2026 as record date for payment of interim dividend of Re 1 per share of Rs 10 each for FY 2025-26. Powered by Capital
2026-01-20 22:29:59,Market Intelligence,Google Custom Search,N/A,ICICI Bank - Wikipedia,https://en.wikipedia.org/wiki/ICICI_Bank,en.wikipedia.org,N/A,4 hours ago ICICI Bank Limited is an Indian multinational bank and financial services company. headquartered in Mumbai with a registered office in Vadodara.
2026-01-20 22:29:59,Market Intelligence,Google Custom Search,N/A,Procurement News - SBI In the News,https://sbi.bank.in/web/sbi-in-the-news/procurement-news,sbi.bank.in,N/A,"2 hours ago Location, Tender Description, Start Date, End Date. LHO, LUCKNOW, RBO-III SHAHJAHANPUR: NOTICE FOR HIRING OF PREMISES FOR STATE BANK OF INDIA ,RAUSAR BRANCH"
2026-01-20 22:29:59,Market Intelligence,Google Custom Search,N/A,icici bank premises Tender News,https://www.tendernews.com/tenders/latest-tender/icici-bank-premises.html,tendernews.com,N/A,"18 hours ago Get latest information related to international tenders for icici bank premises Government tender document, icici bank premises tender notifications and"
2026-01-20 22:29:59,Market Intelligence,Google Custom Search,N/A,ICICI Bank Share Price Today | NSE: ICBK Stock - Investing.com India,https://in.investing.com/equities/icici-bank-ltd,in.investing.com,N/A,5 hours ago ICICI Bank Ltd News & Analysis. Summarize ICBK's latest news. Recent; Analysis; Earnings; Transcripts; Company; Analyst Ratings; Insider Trading; SEC Filings
2026-01-20 22:29:59,Market Intelligence,Google Custom Search,N/A,"HOW MANY MORE LIVES, ICICI BANK? Another banker lost her ...",https://x.com/iNitinTyagi/status/2013387368569675933/photo/1,x.com,N/A,"18 hours ago Another “target culture” murder silently buried under corporate PR. A 23 year old young banker in @ICICIBank died by suicide due to unbearable work pressure,"
2026-01-20 22:29:59,Market Intelligence,Google Custom Search,N/A,"ICICI Bank (IBN) Stock Price, News & Analysis",https://www.marketbeat.com/stocks/NYSE/IBN/,marketbeat.com,N/A,"6 hours ago IBN MarketRank™: · Earnings Growth. Earnings for ICICI Bank are expected to grow by 9.15% in the coming year, from $1.53 to $1.67 per share. · Price to Earnings"
2026-01-20 22:29:59,Market Intelligence,Google Custom Search,N/A,Banks feel the pinch as CASA pool shrinks - The Economic Times,https://m.economictimes.com/industry/banking/finance/banks-feel-the-pinch-as-casa-pool-shrinks/articleshow/126714472.cms,m.economictimes.com,N/A,"21 hours ago The pressure on CASA is also reflected in banks' savings rate strategies. While banks do not pay any interest on current account balances, HDFC Bank and ICICI"
2026-01-20 22:29:59,Market Intelligence,Google Custom Search,N/A,Axis Bank Ltd - Invest Smarter with Independent Research & Analyst ...,https://simplehai.axisdirect.in/share-stock-prices/nse/Axis-Bank-Ltd-5554,simplehai.axisdirect.in,N/A,"8 hours ago Axis Bank Ltd Share Price – NSE / BSE. Banks, Mid Cap · Critical Parameters · 0% · 0%."
2026-01-20 22:29:59,Market Intelligence,Google Custom Search,N/A,Axis Bank - Disclosures under Insider Trades & Substantial ...,https://trendlyne.com/equity/insider-trading-sast/all/AXISBANK/140/axis-bank-ltd/,trendlyne.com,N/A,15 hours ago The latest insider trade disclosure was made by Manish Saraf in Axis Bank on 15 Dec 2025 where a Disposal of 1000 Equity Shares was done.
2026-01-20 22:29:59,Market Intelligence,Google Custom Search,N/A,"Q1 results: Axis Bank, Jio Financial, Wipro, LTIMindtree, Polycab ...",https://upstox.com/news/market-news/earnings/q1-results-axis-bank-jio-financial-wipro-lti-mindtree-polycab-hdfc-amc-waaree-renewable-others-to-post-earnings-on-july-17-check-list/article-178210/,upstox.com,N/A,"10 hours ago Upstox News Desk is a team of journalists who passionately cover stock markets, economy, commodities, latest business trends, and personal finance. Next"
2026-01-20 22:29:59,Market Intelligence,Google Custom Search,N/A,BluPine Energy secures Rs 54 billion loan underwritten by Axis Bank,https://powerline.net.in/2026/01/19/blupine-energy-secures-rs-54-billion-loan-underwritten-by-axis-bank/,powerline.net.in,N/A,14 hours ago BluPine Energy secures Rs 54 billion loan underwritten by Axis Bank - Power Line Magazine - News.
2026-01-20 22:29:59,Market Intelligence,Google Custom Search,N/A,Axis Bank Share Price Live Updates: Axis Bank's Current Trading ...,https://m.economictimes.com/markets/stocks/stock-liveblog/axis-bank-stock-price-today-live-20-jan-2026/liveblog/126747742.cms,m.economictimes.com,N/A,"8 hours ago Axis Bank Share Price Live Updates: Axis Bank News. Stay up-to-date with the latest developments and Axis Bank News. 11:57:36 AM IST, 20 Jan 2026. Axis Bank"
2026-01-20 22:29:59,Market Intelligence,Google Custom Search,N/A,Axis Bank Shareholders Approve Key Leadership Appointments via ...,https://www.psuconnect.in/bank-news/axis-bank-shareholders-approve-key-leadership-appointments-via-postal-ballot,psuconnect.in,N/A,23 hours ago Axis Bank shareholders approve appointment of Neeraj Gambhir as Executive Director & Malavika R. Harita as Independent Subscribe for our daily news.
2026-01-20 22:29:59,Market Intelligence,Google Custom Search,N/A,India's GDP growth expected to accelerate to 7.5 pc in FY27: Report ...,https://ddnews.gov.in/en/indias-gdp-growth-expected-to-accelerate-to-7-5-pc-in-fy27-report/,ddnews.gov.in,N/A,"22 hours ago Axis Bank's Economic Outlook 2026 on Tuesday. The report, authored by Neelkanth Mishra, Chief Economist at Axis Bank and Head of Global Research at Axis"
2026-01-20 22:29:59,Market Intelligence,Google Custom Search,N/A,Davos 2026: Axis Bank CEO Flags Need For Consistent Growth ...,https://www.ndtvprofit.com/markets/davos-2026-axis-bank-ceo-flags-need-for-consistent-growth-calls-for-fiscal-prudence-and-higher-r-d-spend-10790204,ndtvprofit.com,N/A,"11 hours ago Axis Bank Managing Director and CEO Amitabh Chaudhry said the bank's Watch LIVE TV, Get Stock Market Updates, Top Business, IPO and Latest News on NDTV Profit"
2026-01-20 22:29:59,Market Intelligence,Google Custom Search,N/A,premises required by axis bank Tender News | Latest premises ...,https://www.tendernews.com/tenders/latest-tender/premises-required-by-axis-bank.html,tendernews.com,N/A,"21 hours ago Get latest information related to international tenders for premises required by axis bank Government tender document, premises required by axis bank tender"
2026-01-20 22:29:59,Market Intelligence,Google Custom Search,N/A,"Axis Bank Allots 59,522 Equity Shares Under ESOP/RSU Scheme ...",https://scanx.trade/stock-market-news/corporate-actions/axis-bank-allots-59-522-equity-shares-under-esop-rsu-scheme-paid-up-capital-rises/30460811,scanx.trade,N/A,"4 hours ago Axis Bank completed the allotment of 59522 equity shares on January 20, 2026, under its ESOP/RSU scheme, increasing paid-up capital from ₹621.06 crores to"
2026-01-20 22:29:59,Market Intelligence,Google Custom Search,N/A,IDFC First Bank News - The Economic Times - The Economic Times,https://economictimes.indiatimes.com/idfc-first-bank-ltd/stocksupdate/companyid-62245.cms,economictimes.indiatimes.com,N/A,"22 hours ago IDFC First Bank shares rose after Nomura initiated coverage with a Buy rating, citing strong loan growth, improving margins and moderating credit costs. The"
2026-01-20 22:29:59,Market Intelligence,Google Custom Search,N/A,IDFC First Bank Ltd. - Share/Stock Price,https://www.moneycontrol.com/india/stockpricequote/banks-private-sector/idfcfirstbank/IDF01,moneycontrol.com,N/A,5 hours ago IDFC First Bank Share Price: Find the latest news on IDFC First Bank Stock Price. Get all the information on IDFC First Bank with historic price charts for
2026-01-20 22:29:59,Market Intelligence,Google Custom Search,N/A,#IDFCFIRSTBank #IDFCFIRSTBankCSR #FIRSTIMPACT #EkPrayas,https://x.com/IDFCFIRSTBank/status/2013501452061417906,x.com,N/A,10 hours ago IDFC FIRST Bank (@IDFCFIRSTBank). 145 views. #IDFCFIRSTBank #IDFCFIRSTBankCSR #FIRSTIMPACT #EkPrayas.
2026-01-20 22:29:59,Market Intelligence,Google Custom Search,N/A,IDFC First Bank Ltd Ltd: Live Stock Update and Price as of January ...,https://www.angelone.in/live-blog/idfc-first-bank-ltd-20-jan-2026-446643,angelone.in,N/A,"6 hours ago Stock Market Live: Explore IDFC First Bank Ltd Ltd live stock updates and prices for January 20, 2026. Read live stock-related news and trends for stock"
2026-01-20 22:29:59,Market Intelligence,Google Custom Search,N/A,#IDFCFIRSTBank #IDFCFIRSTBankCSR #FIRSTIMPACT #EkPrayas,https://x.com/IDFCFIRSTBank/status/2013501452061417906/photo/1,x.com,N/A,10 hours ago IDFC FIRST Bank (@IDFCFIRSTBank). 59 views. #IDFCFIRSTBank #IDFCFIRSTBankCSR #FIRSTIMPACT #EkPrayas.
2026-01-20 22:29:59,Market Intelligence,Google Custom Search,N/A,IDFC FIRST Bank Limited: Rating reaffirmed,https://www.icra.in/Rating/RatingDetails?CompanyId=24838&CompanyName=IDFC%20First%20Bank%20Limited,icra.in,N/A,8 hours ago Non-Convertible Debenture [ICRA]AA+ (Stable) · Basel III Tier II Bonds [ICRA]AA+ (Stable).
2026-01-20 22:29:59,Market Intelligence,Google Custom Search,N/A,When organisations step into communities with open minds ...,https://x.com/IDFCFIRSTBank/status/2013501441751818663,x.com,N/A,"10 hours ago Earlier this month, Mr. Ravi Sakhare, Manager - CSR, IDFC FIRST Bank, FIRST IMPACT Ek Prayas NGO partners and their leadership teams came together at Satya"
2026-01-20 22:29:59,Market Intelligence,Google Custom Search,N/A,IDFC First Bank Ltd. is Rated Hold by MarketsMOJO,https://www.marketsmojo.com/news/stock-recommendation/idfc-first-bank-ltd-is-rated-hold-by-marketsmojo-3795805,marketsmojo.com,N/A,"12 hours ago IDFC First Bank Ltd. is rated 'Hold' by MarketsMOJO, with this rating last updated on 23 October 2025. However, the analysis and financial metrics discussed"
2026-01-20 22:29:59,Market Intelligence,Google Custom Search,N/A,539437 | IDFC First Bank Ltd | Stock Price vs Fair | Morningstar India,https://morningstar.in/stocks/0p00016z0r/bse-idfc-first-bank-ltd/price.aspx,morningstar.in,N/A,8 hours ago IDFC First Bank Ltd. 539437. Overview. Equity Style Box. Large Blend. Large Blend. Equity Style Box. Sector. Financial Services. Industry. Banks - Regional
2026-01-20 22:29:59,Market Intelligence,Google Custom Search,N/A,Query about IDFC First bank reward points. | DesiDime,https://www.desidime.com/discussions/query-about-idfc-first-bank-reward-points,desidime.com,N/A,18 hours ago Does anyone know if prepaid mobile recharges are eligible under the 500 reward points for bill payments offer? Thanks in advance.
2026-01-20 22:29:59,Market Intelligence,Google Custom Search,N/A,"IndusInd Bank, YES Bank, Federal Bank, AU SFB shares lead Nifty ...",https://www.businesstoday.in/markets/stocks/story/indusind-bank-yes-bank-federal-bank-au-sfb-shares-lead-nifty-bank-losers-whats-ahead-511767-2026-01-20,businesstoday.in,N/A,6 hours ago Disclaimer: Business Today provides stock market news for informational purposes only and should not be construed as investment advice. Readers are encouraged
2026-01-20 22:29:59,Market Intelligence,Google Custom Search,N/A,Quarter Finals of IndusInd Bank Womens National Cricket ...,https://blindcricket.in/quarter-finals-of-indusind-bank-womens-national-cricket-tournament-for-the-blind-2026/,blindcricket.in,N/A,3 hours ago News; Players; Rankings; Stats; Series and Tournaments; Archive. Quick Links Quarter Finals of IndusInd Bank Womens National Cricket Tournament For The Blind
2026-01-20 22:29:59,Market Intelligence,Google Custom Search,N/A,Odisha takes on Rajasthan! IndusInd Bank Women's National T20 ...,https://x.com/blind_cricket/status/2013524099151339702/photo/2,x.com,N/A,9 hours ago Cricket Association for the Blind in India (CABI) (@blind_cricket). 49 views. Odisha takes on Rajasthan! IndusInd Bank Women's National T20 Cricket for
2026-01-20 22:29:59,Market Intelligence,Google Custom Search,N/A,Indusind Bank Share Price Today Down 3%,https://www.equitymaster.com/indian-share-markets/Indusind-Bank-Plunges-3-BSE-BANKEX-Index-Down-05/9127/?utm_source=indian-share-markets&utm_medium=website&utm_campaign=content&utm_content=article,equitymaster.com,N/A,"12 hours ago Indusind Bank Plunges 3%; BSE BANKEX Index Down 0.5%. Tue, 20 Jan 10:44 Views on News Archive · Today's Stock Market Update · Research a Stock · Sector"
2026-01-20 22:29:59,Market Intelligence,Google Custom Search,N/A,IndusInd Bank Ltd - Invest Smarter with Independent Research ...,https://simplehai.axisdirect.in/share-stock-prices/nse/IndusInd-Bank-Ltd-5531,simplehai.axisdirect.in,N/A,"12 hours ago News. Stock Alert: IndusInd Bank, Axis Bank, Kotak Mahindra Bank, Tata Motors IndusInd Bank NIFTY. JavaScript chart by amCharts 3.17.0 IndusInd Bank Volume"
2026-01-20 22:29:59,Market Intelligence,Google Custom Search,N/A,IndusInd Bank Share Price Live Updates: IndusInd Bank Price and ...,https://m.economictimes.com/markets/stocks/stock-liveblog/indusind-bank-share-price-live-updates-20-jan-2026/liveblog/126747974.cms,m.economictimes.com,N/A,"7 hours ago Welcome to the IndusInd Bank Stock Liveblog, your ultimate source for real-time updates and analysis of one of the most prominent stocks in the market."
2026-01-20 22:29:59,Market Intelligence,Google Custom Search,N/A,"IndusInd Bank slips Tuesday, underperforms competitors ...",https://www.marketwatch.com/story/indusind-bank-slips-tuesday-underperforms-competitors-1874a192-cea916540ea7,marketwatch.com,N/A,"6 hours ago Shares of IndusInd Bank Ltd. 532187. +0.91%. shed 4.66% to 905.00 Indian rupees Tuesday, on what proved to be an all-around poor trading session for the"
2026-01-20 22:29:59,Market Intelligence,Google Custom Search,N/A,INDUSINDBK Share Price: Indusind Bank Live,https://www.tickertape.in/stocks/indusind-bank-INBK,tickertape.in,N/A,"8 hours ago INDUSINDBK stock price live today with intraday chart, market cap, 52-week range, earnings, dividends and latest market news & research updates."
2026-01-20 22:29:59,Market Intelligence,Google Custom Search,N/A,INDUSINDBK Share Price | IndusInd Bank Ltd. Stock Analysis ...,https://www.marketsmojo.com/stocks-analysis/indusind-bank-250217-0,marketsmojo.com,N/A,"12 hours ago Get IndusInd Bank Ltd. (INDUSINDBK) share price, Mojo Score, PE ratio, returns & buy/sell recommendation. Stock analysis with financials & peer comparison."
2026-01-20 22:29:59,Market Intelligence,Google Custom Search,N/A,Bank Nifty extends decline for second day as PSU banks fall 1.15 ...,https://scanx.trade/stock-market-news/stocks/bank-nifty-extends-decline-for-second-day-as-psu-banks-fall-1-15-yes-bank-indusind-bank-drop-4-each/30442540,scanx.trade,N/A,"9 hours ago Bank Nifty declined 0.42% to 59642.70 for the second consecutive session, with PSU Bank index falling 1.15% to 8884. Yes Bank and IndusInd Bank led losses"
2026-01-20 22:29:59,Market Intelligence,Google Custom Search,N/A,"Q3 Results: Persistent Systems, SRF, United Spirits, ITC Hotels, AU ...",https://upstox.com/news/market-news/earnings/q3-results-persistent-systems-srf-united-spirits-itc-hotels-au-small-finance-bank-gujarat-gas-among-others-to-post-earnings-on-jan-20-check-list/article-188005/,upstox.com,N/A,"15 hours ago Q3 Results: Persistent Systems, SRF, United Spirits, ITC Hotels, AU Small Finance Bank, Gujarat Gas, among others to post earnings on Jan 20; check list. Kamal"
2026-01-20 22:29:59,Market Intelligence,Google Custom Search,N/A,"Q3 results 2026: ITC Hotels, AU Small Finance, Gujarat Gas among ...",https://www.livemint.com/market/stock-market-news/q3-results-2026-itc-hotels-au-small-finance-gujarat-gas-among-companies-to-declare-earnings-today-check-full-list-11768875398716.html,livemint.com,N/A,"14 hours ago Q3 results today: ITC Hotels, AU Small Finance Bank, Gujarat Gas, SRF, Rallis India, Persistent Systems, and Shoppers Stop are among companies to declare"
2026-01-20 22:29:59,Market Intelligence,Google Custom Search,N/A,AU Small Finance Bank Ltd: Share Price Today - Live Updates ...,https://www.motilaloswal.com/share-market/au-small-finance-bank-ltd,motilaloswal.com,N/A,"17 hours ago Track key metrics, price trends & market sentiment for informed decisions. Explore all data at Motilal Oswal. AU Small Finance Bank Ltd. AUBANK 19 Jan 2026"
2026-01-20 22:29:59,Market Intelligence,Google Custom Search,N/A,AU Small Finance Bank Q3 Results: Profit jumps 26% to ₹668 crore ...,https://www.livemint.com/market/stock-market-news/au-small-finance-bank-q3-results-profit-jumps-26-to-rs-668-crore-nii-rises-16-11768909812076.html,livemint.com,N/A,5 hours ago AU Small Finance Bank Q3 Results: The lender's profit stood at ₹667.65 crore during the quarter under review as against ₹528.44 crore in the year-ago period
2026-01-20 22:29:59,Market Intelligence,Google Custom Search,N/A,"Q3 Results 2026: ITC Hotels, AU Small Finance Bank, Gujarat Gas ...",https://www.5paisa.com/news/q3-results-2026-itc-hotels-au-small-finance-bank-gujarat-gas-lead-earnings-announcements-today,5paisa.com,N/A,"10 hours ago Join 5paisa and stay updated with Market News. Q3 Results 2026: ITC Hotels, AU Small Finance Bank, Gujarat Gas Lead Earnings. On January 12, 40-plus"
2026-01-20 22:29:59,Market Intelligence,Google Custom Search,N/A,"AU Small Finance Bank strengthens leadership, reports 26% jump ...",https://m.economictimes.com/industry/banking/finance/banking/au-small-finance-bank-strengthens-leadership-reports-26-jump-in-q3-profit/articleshow/126805113.cms,m.economictimes.com,N/A,"4 hours ago Business NewsIndustryBanking/FinanceBankingAU Small Finance Bank strengthens leadership, reports 26% jump in Q3 profit. Browse Company. A · B · C · D · E · F"
2026-01-20 22:29:59,Market Intelligence,Google Custom Search,N/A,"AU Small Finance Bank Q3 Net Profit 6.68 Billion Rupees, ETBFSI",https://bfsi.economictimes.indiatimes.com/news/banking/au-small-finance-bank-q3-net-profit-6-68-billion-rupees/126795147,bfsi.economictimes.indiatimes.com,N/A,"5 hours ago AU Small Finance Bank has announced its financial results for the third quarter, reporting a net profit of a substantial 6.68 billion Indian Rupees."
2026-01-20 22:29:59,Market Intelligence,Google Custom Search,N/A,"Q3 Earnings Preview: AU Small Fin Bank, SRF Estimates Shine ...",https://www.whalesbook.com/news/English/research-reports/Q3-Earnings-Preview-AU-Small-Fin-Bank-SRF-Estimates-Shine-Amid-Mixed-Outlook/696e67fcad039ca929a6381f,whalesbook.com,N/A,"24 hours ago AU Small Finance Bank, SRF, Gujarat Gas, IndiaMart Q3 results due Jan 20. AU, SRF show strong profit growth; Gujarat Gas faces revenue dip."
2026-01-20 22:29:59,Market Intelligence,Google Custom Search,N/A,#Q3WithETNOW | AU Small Finance Bank reports Q3; checkout the ...,https://x.com/ETNOWlive/status/2013576810680984048/photo/1,x.com,N/A,5 hours ago ET NOW (@ETNOWlive). 4 likes 555 views. #Q3WithETNOW | AU Small Finance Bank reports Q3; checkout the numbers #AUBANK #StockMarket #EarningsWithETNOW.
2026-01-20 22:29:59,Market Intelligence,Google Custom Search,N/A,"AU Small Finance Bank reports strong Q3 with profit, NII up 26 ...",https://www.cnbctv18.com/market/au-small-finance-bank-share-price-q3fy26-results-net-profit-nii-beats-forecasts-asset-quality-ws-l-19824717.htm,cnbctv18.com,N/A,"5 hours ago On expectations, the bank's performance came in ahead of estimates, with net profit exceeding the CNBC-TV18 poll of ₹654 crore and NII topping the poll"
2026-01-20 22:29:59,Market Intelligence,Google Custom Search,N/A,"Utkarsh Small Finance Bank Limited Price: Quote, Forecast, Charts ...",https://www.perplexity.ai/finance/UTKARSHBNK.BO,perplexity.ai,N/A,11 hours ago The decline appears driven by continued pressure on small finance bank stocks amid concerns about asset quality and higher credit costs in the microfinance
2026-01-20 22:29:59,Market Intelligence,Google Custom Search,N/A,Relationship Manager Job in Equitas Small Finance Bank Limited at ...,https://www.shine.com/jobs/relationship-manager/equitas-small-finance-bank-limited/18443113,shine.com,N/A,"20 hours ago Job Description. Job Description You will be part of Equitas Small Finance Bank, which empowers individuals by offering innovative banking services."
2026-01-20 22:29:59,Market Intelligence,Google Custom Search,N/A,"Equitas Small Finance Bank Ltd Share Price Today, 68.19, Equitas ...",https://www.business-standard.com/markets/equitas-small-finance-bank-ltd-share-price-43685.html,business-standard.com,N/A,"11 hours ago What's Equitas Small Finance Bank Ltd share price today. Get Equitas Small Finance Bank Ltd latest news on BSE/NSE stock price live updates, Equitas Small"
2026-01-20 22:29:59,Market Intelligence,Google Custom Search,N/A,"AU SMALL FINANCE BANK Stock/Share price , NSE/BSE Forecast ...",https://www.equitymaster.com/share-price/AUSFB/AUBANK-540611/AU-SMALL-FINANCE-BANK-Share-Price,equitymaster.com,N/A,7 hours ago CANARA BANK. CAPITAL SMALL FINANCE BANK LTD. CENTRAL BANK. CITY UNION BANK. CORPORATION BANK. CSB BANK. DCB BANK. DENA BANK. DHANLAXMI BANK. EQUITAS SMALL
2026-01-20 22:29:59,Market Intelligence,Google Custom Search,N/A,Equitas Small finance Bank company has vacancy of Premium ...,https://www.workindia.in/jobs/premium_acquisition_manager_bankin-kothrud-pune-8936139/,workindia.in,N/A,"7 hours ago Apply for Premium Acquisition Manager (Bankin at Equitas Small finance Bank in Kothrud, pune, Salary Rs. 25000 - Rs. 45000 per month."
2026-01-20 22:29:59,Market Intelligence,Google Custom Search,N/A,Jana Small Finance Bank Share Price,https://economictimes.indiatimes.com/jana-small-finance-bank-ltd/stocks/companyid-36320.cms,economictimes.indiatimes.com,N/A,"9 hours ago Jana Small Finance Bank Share Price Today - Get live NSE/BSE quotes of Jana Small Finance Bank with latest news, headlines and quick analysis."
2026-01-20 22:29:59,Market Intelligence,Google Custom Search,N/A,Equitas Small Finance Bank company has vacancy of Insurance ...,https://www.workindia.in/jobs/insurance_sales_executive-jafferkhanpet-chennai-8934210/,workindia.in,N/A,"9 hours ago Apply for Insurance Sales Executive at Equitas Small Finance Bank in Jafferkhanpet, chennai, Salary Rs. 17000 - Rs. 35000 per month."
2026-01-20 22:29:59,Market Intelligence,Google Custom Search,N/A,Equitas Small Finance Bank Share Price Today: Equitas Small ...,https://www.financialexpress.com/market/equitas-small-finance-bank-ltd-share-price/,financialexpress.com,N/A,"6 hours ago Equitas Small Finance Bank Share Price Today (20th Jan, 2026): Check Equitas Small Finance Bank Stock Price live NSE/BSE on financialexpress.com."
2026-01-20 22:29:59,Market Intelligence,Google Custom Search,N/A,"Ujjivan Small Finance Bank Ltd Share Price Today, UJJIVANSFB ...",https://www.businesstoday.in/stocks/ujjivan-small-finance-bank-ltd-ujjivansfb-share-price-365724,businesstoday.in,N/A,"8 hours ago Ujjivan Small Finance Bank Ltd Share price NSE, BSE today: check share/stock price of UJJIVANSFB, get live NSE/BSE stock price of Ujjivan Small Finance Bank"
2026-01-20 22:29:59,Market Intelligence,Google Custom Search,N/A,Ujjivan Small Finance Bank Share Price Today - Stocks,https://www.icicidirect.com/stocks/ujjivan-small-finance-bank-ltd-share-price,icicidirect.com,N/A,"17 hours ago Ujjivan Small Finance Bank Share Price - Get live BSE/NSE Ujjivan Small Finance Bank share price with latest research reports, balance sheet, stock analysis"
2026-01-20 22:29:59,Market Intelligence,Google Custom Search,N/A,Ujjivan Small Finance Bank Share Price Today - Stocks,https://www.icicidirect.com/stocks/ujjivan-small-finance-bank-ltd-share-price,icicidirect.com,N/A,"17 hours ago Deals; About the company; FAQs; News. UJJIVAN SMALL FINANCE BANK SHARE PRICE. NSE BSE. Sector Banks. BSE 542904. NSE UJJIVANSFB. NSE. NSE; BSE. NSE, BSE. ₹60.26."
2026-01-20 22:29:59,Market Intelligence,Google Custom Search,N/A,Ujjivan Small Finance Bank Ltd - Share/Stock Price,https://www.moneycontrol.com/india/stockpricequote/bank-private/ujjivansmallfinancebank/USF,moneycontrol.com,N/A,4 hours ago Ujjivan Small Share Price: Find the latest news on Ujjivan Small Stock Price. Get all the information on Ujjivan Small with historic price charts for NSE
2026-01-20 22:29:59,Market Intelligence,Google Custom Search,N/A,"What is Gratuity? Eligibility, Rules & Calculation",https://www.ujjivansfb.bank.in/banking-blogs/personal-finance/gratuity-eligibility-rules-calculation,ujjivansfb.bank.in,N/A,"5 hours ago According to news reports, as the new labour codes take effect, fixed-term Ujjivan Small Finance Bank Limited makes no representation or warranty"
2026-01-20 22:29:59,Market Intelligence,Google Custom Search,N/A,Ujjivan Small Finance Bank Ltd is Rated Hold,https://www.marketsmojo.com/news/stock-recommendation/ujjivan-small-finance-bank-ltd-is-rated-hold-3795973,marketsmojo.com,N/A,"12 hours ago Ujjivan Small Finance Bank Ltd is rated 'Hold' by MarketsMOJO, a rating that was last updated on 09 September 2025. However, the analysis and financial"
2026-01-20 22:29:59,Market Intelligence,Google Custom Search,N/A,"Utkarsh Small Finance Bank Limited Price: Quote, Forecast, Charts ...",https://www.perplexity.ai/finance/UTKARSHBNK.BO,perplexity.ai,N/A,11 hours ago The decline appears driven by continued pressure on small finance bank stocks amid concerns about asset quality and higher credit costs in the microfinance
2026-01-20 22:29:59,Market Intelligence,Google Custom Search,N/A,"Ujjivan Small Finance Bank Ltd Share Price Today, UJJIVANSFB ...",https://www.businesstoday.in/stocks/ujjivan-small-finance-bank-ltd-ujjivansfb-share-price-365724,businesstoday.in,N/A,"8 hours ago Ujjivan Small Finance Bank Ltd Share price NSE, BSE today: check share/stock price of UJJIVANSFB, get live NSE/BSE stock price of Ujjivan Small Finance Bank"
2026-01-20 22:29:59,Market Intelligence,Google Custom Search,N/A,Ujjivan Small Financ Bank Today Live NSE/BSE,https://www.bajajfinserv.in/investments/ujjivansfb-share-price,bajajfinserv.in,N/A,"3 hours ago Ujjivan Small Finance Bank Limited is a mass market focused small finance bank in India, catering to financially unserved and underserved segments."
2026-01-20 22:29:59,Market Intelligence,Google Custom Search,N/A,companies close to new highs which are bought by diis in the last 3 ...,https://x.com/RupeezyOfficial/status/2013512727030120585,x.com,N/A,10 hours ago Ujjivan Small Finance Bank: CMP 59.09 | Chg in DII Hold 3Yr: 20.46% 2 RBL Bank: CMP 297.85 | Chg in DII Hold 3Yr: 19.84% 3 Sansera Engineering: CMP 1804.55
2026-01-20 22:29:59,Market Intelligence,Google Custom Search,N/A,"AU SMALL FINANCE BANK Stock/Share price , NSE/BSE Forecast ...",https://www.equitymaster.com/share-price/AUSFB/AUBANK-540611/AU-SMALL-FINANCE-BANK-Share-Price,equitymaster.com,N/A,"7 hours ago Get the latest AU SMALL FINANCE BANK stock price updates: AU SMALL FINANCE BANK live share price, financial results, financial report & balance sheet,"
2026-01-20 22:29:59,Market Intelligence,Google Custom Search,N/A,MFs' Favourite: 13 smallcap stocks surge up to 170% in FY26 so far ...,https://m.economictimes.com/markets/stocks/news/mfs-favourite-13-smallcap-stocks-surge-up-to-170-in-fy26-so-far-5-turn-multibaggers/mf-hotpicks/slideshow/126782297.cms,m.economictimes.com,N/A,7 hours ago Mutual Funds increased their holdings to 15.02% in December from 14.61% in September. Ujjivan Small Finance Bank. Agencies. 11/14. Ujjivan Small Finance Bank.
2026-01-20 22:29:59,Market Intelligence,Google Custom Search,N/A,"Bandhan Bank Share Price Today, Bandhan Bank Stock Price Live ...",https://economictimes.indiatimes.com/bandhan-bank-ltd/stocks/companyid-67665.cms,economictimes.indiatimes.com,N/A,"8 hours ago Bandhan Bank Share Price Today - Get live NSE/BSE quotes of Bandhan Bank with latest news, headlines and quick analysis. View forecasts, quarterly results,"
2026-01-20 22:29:59,Market Intelligence,Google Custom Search,N/A,Bandhan Bank Ltd: Share Price Today - Live Updates | Motilal Oswal,https://www.motilaloswal.com/share-market/bandhan-bank-ltd,motilaloswal.com,N/A,"16 hours ago Bandhan Bank Ltd Share Price Today - Get latest Performance analysis and chart, shareholding pattern, technical analysis, financial and annual report at"
2026-01-20 22:29:59,Market Intelligence,Google Custom Search,N/A,Bandhan Bank Ltd - Invest Smarter with Independent Research ...,https://simplehai.axisdirect.in/share-stock-prices/nse/Bandhan-Bank-Ltd-68090,simplehai.axisdirect.in,N/A,"20 hours ago Bandhan Bank Ltd Share Price – NSE / BSE. Banks, Small Cap · Critical Parameters · 0% · 0%."
2026-01-20 22:29:59,Market Intelligence,Google Custom Search,N/A,Bandhan Bank Ltd Ltd: Live Stock Update and Price as of January ...,https://www.angelone.in/live-blog/bandhan-bank-ltd-20-jan-2026-641777,angelone.in,N/A,"10 hours ago Stock Market Live: Explore Bandhan Bank Ltd Ltd live stock updates and prices for January 20, 2026. Read live stock-related news and trends for stock"
2026-01-20 22:29:59,Market Intelligence,Google Custom Search,N/A,"Bandhan Bank Ltd (BANDHANBNK) Stock, Price, News, Quotes ...",https://www.msn.com/en-in/money/markets?id=azhlcw&tab=TopLosers&ocid=MH13QD,msn.com,N/A,20 hours ago Baweja Studios Ltd · 35.55 · Supreme Holdings & Hospitality (India) Ltd · 62.26 · Gajanand International Ltd · 10.10 · HEC Infra Projects Ltd · 115.44.
2026-01-20 22:29:59,Market Intelligence,Google Custom Search,N/A,Bandhan Bank Q3 Results FY25–26,https://www.bajajbroking.in/blog/bandhan-bank-q3-results-fy-25-26,bajajbroking.in,N/A,"8 hours ago Check Bandhan Bank Q3 FY25–26 results, details from the previous quarter, and the date on which the bank plans to announce its Q3 financials."
2026-01-20 22:29:59,Market Intelligence,Google Custom Search,N/A,Bandhan Bank Ltd vs Dcb Bank Ltd Stock Comparison | BlinkX,https://blinkx.in/insights/stock-comparison/bandhan-bank-ltd-vs-dcb-bank-ltd,blinkx.in,N/A,14 hours ago Net interest income grew 17.09% YoY to Rs 596 crore for the quarter ended on 30 September Read more. 20 Oct 2025 12:58. News. DCB Bank to conduct board
2026-01-20 22:29:59,Market Intelligence,Google Custom Search,N/A,Bandhan Bank Limited 142.5 PE 27 Jan 2026 - Put Option Live ...,https://upstox.com/option-chain/bandhan-bank-limited/27jan142.5PE/,upstox.com,N/A,"6 hours ago Get the live price of Bandhan Bank Limited 142.5 PE 27 Jan 2026 Put Option, with charts and OI analysis on Upstox. Explore insights and start trading"
2026-01-20 22:29:59,Market Intelligence,Google Custom Search,N/A,Bandhan Bank Ltd. is Rated Sell,https://www.marketsmojo.com/news/stock-recommendation/bandhan-bank-ltd-is-rated-sell-3795913,marketsmojo.com,N/A,"10 hours ago Bandhan Bank Ltd. is rated 'Sell' by MarketsMOJO, with this rating last updated on 31 October 2025. However, all fundamentals, returns, and financial"
2026-01-20 22:29:59,Market Intelligence,Google Custom Search,N/A,Bandhan Bank Dividend: Check Bandhan Bank Interim Dividend ...,https://www.livemint.com/bandhan-bank/dividend/companyid-s0003080,livemint.com,N/A,3 hours ago Bandhan Bank Dividend: Read About Bandhan Bank Dividend Payment Details to Shareholders Through Interim Dividends Every Quarter and Final Dividends.
2026-01-20 22:29:59,Market Intelligence,Google Custom Search,N/A,Electric Vehicle Used Car Loan: Battery Health Check & Warranty ...,https://poonawallafincorp.com/blogs/pre-owned-car-loan/electric-vehicle-used-car-loan-battery-health-check-warranty-coverage,poonawallafincorp.com,N/A,7 hours ago Going for a used electric vehicle makes a solid proposition if you can pick a good one from the second-hand market and finance it with a Pre-owned Car Loan.
2026-01-20 22:29:59,Market Intelligence,Google Custom Search,N/A,Poonawalla Fincorp Ltd (BOM:524000) Q3 2026 Earnings Call ...,https://finance.yahoo.com/news/poonawalla-fincorp-ltd-bom-524000-010110762.html,finance.yahoo.com,N/A,"16 hours ago Poonawalla Fincorp Ltd (BOM:524000) Q3 2026 Earnings Call Highlights: Robust Growth in AUM and GuruFocus News. Mon, January 19, 2026 at 7:01 PM CST 3 min"
2026-01-20 22:29:59,Market Intelligence,Google Custom Search,N/A,"Poonawalla Fincorp Ltd Share Price Today, 458.45, Poonawalla ...",https://www.business-standard.com/markets/poonawalla-fincorp-ltd-share-price-5023.html,business-standard.com,N/A,"11 hours ago What's Poonawalla Fincorp Ltd share price today. Get Poonawalla Fincorp Ltd latest news on BSE/NSE stock price live updates, Poonawalla Fincorp Ltd"
2026-01-20 22:29:59,Market Intelligence,Google Custom Search,N/A,Poonawalla Fincorp Ltd (BOM:524000) Q3 2026 Earnings Call ...,https://ca.finance.yahoo.com/news/poonawalla-fincorp-ltd-bom-524000-010110762.html,ca.finance.yahoo.com,N/A,"16 hours ago Poonawalla Fincorp Ltd (BOM:524000) Q3 2026 Earnings Call Highlights: Robust Growth in AUM and GuruFocus News. Mon, January 19, 2026 at 7:01 p.m. CST 3"
2026-01-20 22:29:59,Market Intelligence,Google Custom Search,N/A,Poonawalla Finance Gets NCLT Nod for Lending and Real Estate ...,https://www.angelone.in/news/stocks/poonawalla-finance-gets-nclt-nod-for-lending-and-real-estate-business-demerger,angelone.in,N/A,21 hours ago Poonawalla Finance received NCLT approval for a demerger that splits its NBFC lending business and real estate leasing operations.
2026-01-20 22:29:59,Market Intelligence,Google Custom Search,N/A,"@puneetgujjar91 Dear Puneet, Greetings from Poonawalla Fincorp ...",https://x.com/poonawallafinco/status/2013537801384632580,x.com,N/A,"8 hours ago board. Rest assured we will address your concern shortly. Regards, Poonawalla Fincorp. 0. 0. 0. 15 · · Explore Trending StoriesGo to HomeSearch XNews."
2026-01-20 22:29:59,Market Intelligence,Google Custom Search,N/A,"Poonawalla Fincorp Q3 Results: AUM Soars 78% to ₹55,017 Crore ...",https://www.multibagg.ai/market-pulse/articles/poonawalla-fincorp-q3-results-fy26-cmkm0b7ax0001pa0ja2yvnj3h,multibagg.ai,N/A,"14 hours ago Poonawalla Fincorp reports strong Q3 FY26 results with a 78% year-on-year AUM growth to ₹55017 crore and improved asset quality, signaling robust expansion."
2026-01-20 22:29:59,Market Intelligence,Google Custom Search,N/A,"@rakesh_srg Hello Raki, Greetings from Poonawalla Fincorp ...",https://x.com/poonawallafinco/status/2013603359018885396,x.com,N/A,"4 hours ago Poonawalla Fincorp (@poonawallafinco). 4 views. @rakesh_srg Hello Raki, Greetings from Poonawalla Fincorp Limited! Please be assured that the team is"
2026-01-20 22:29:59,Market Intelligence,Google Custom Search,N/A,Poonawalla Fincorp Ltd Quality Grade Upgrade Reflects Str...,https://www.marketsmojo.com/news/stocks-in-action/poonawalla-fincorp-ltd-quality-grade-upgrade-reflects-strengthened-fundamentals-3795099,marketsmojo.com,N/A,"14 hours ago Poonawalla Fincorp Ltd has seen a significant upgrade in its quality grading from average to good, prompting MarketsMOJO to revise its rating from Hold to"
2026-01-20 22:29:59,Market Intelligence,Google Custom Search,N/A,Poonawalla Fincorp schedules institutional investor meetings in ...,https://scanx.trade/stock-market-news/stocks/poonawalla-fincorp-schedules-institutional-investor-meetings-in-hong-kong-and-singapore-for-january-26-30-2026/30462766,scanx.trade,N/A,"3 hours ago Poonawalla Fincorp Limited has scheduled institutional investor meetings from January 26-30, 2026 in Hong Kong and Singapore. The company will conduct"
2026-01-20 22:29:59,Market Intelligence,Google Custom Search,N/A,"Sundaram Finance Share Price Today, Sundaram Finance Stock ...",https://economictimes.indiatimes.com/tsf-investments-ltd/stocks/companyid-5778.cms,economictimes.indiatimes.com,N/A,"10 hours ago Sundaram Finance Share Price Today - Get live NSE/BSE quotes of Sundaram Finance with latest news, headlines and quick analysis."
2026-01-20 22:29:59,Market Intelligence,Google Custom Search,N/A,Sundaram Finance Limited: Ratings reaffirmed,https://www.icra.in/Rating/RatingDetails?CompanyId=22159&CompanyName=Sundaram+Finance+Limited,icra.in,N/A,13 hours ago Sundaram Finance Limited · Subordinated Debentures · Non-Convertible Debentures · Long-term Loans from Banks · Fixed Deposit · Commercial Paper · Fund based Limits
2026-01-20 22:29:59,Market Intelligence,Google Custom Search,N/A,Sundaram Finance Ltd Technical Momentum Shifts Signal Bul...,https://www.marketsmojo.com/news/stocks-in-action/sundaram-finance-ltd-technical-momentum-shifts-signal-bullish-outlook-3793740,marketsmojo.com,N/A,"14 hours ago This change is underpinned by a combination of positive moving averages, improving MACD signals, and supportive Bollinger Bands, signalling renewed investor"
2026-01-20 22:29:59,Market Intelligence,Google Custom Search,N/A,Sundaram Home Finance Limited,https://www.icra.in/Rating/RatingDetails?CompanyId=13575&CompanyName=Sundaram%20Home%20Finance%20Limited,icra.in,N/A,10 hours ago Instrument Ratings. Non-Convertible Debentures [ICRA]AAA (Stable); Commercial Paper [ICRA]A1+; Fixed Deposit [ICRA]AAA (Stable); Long term/ Short Term Bank
2026-01-20 22:29:59,Market Intelligence,Google Custom Search,N/A,SUNDARMFIN Share Price | Sundaram Finance Ltd Stock Analysis ...,https://www.marketsmojo.com/stocks-analysis/sundaram-finance-932267-0,marketsmojo.com,N/A,"4 hours ago Get Sundaram Finance Ltd (SUNDARMFIN) share price, Mojo Score, PE ratio, returns & buy/sell recommendation. Stock analysis with financials & peer"
2026-01-20 22:29:59,Market Intelligence,Google Custom Search,N/A,Sundaram Finance Holdings Ltd Share Price Today ...,https://www.businesstoday.in/stocks/sundaram-finance-holdings-ltd-sundarmhld-share-price-363615,businesstoday.in,N/A,8 hours ago Business News · markets · stocks. Sundaram Finance Holdings Ltd. Sundaram Finance Holdings Ltd (SUNDARMHLD) Share Price. Sector
2026-01-20 22:29:59,Market Intelligence,Google Custom Search,N/A,"TSF INVESTMENTS LIMITED Stock/Share price , NSE/BSE Forecast ...",https://www.equitymaster.com/share-price/SUFH/TSFINV-0/TSF-INVESTMENTS-LIMITED-Share-Price,equitymaster.com,N/A,"23 hours ago Although the benchmark indices opened higher, they traded positive throughout the session and ultimately closed green. Related Views On News. SUNDARAM FINANCE"
2026-01-20 22:29:59,Market Intelligence,Google Custom Search,N/A,"Bajaj Finance Limited Price: Quote, Forecast, Charts & News ...",https://www.perplexity.ai/finance/BAJFINANCE.NS,perplexity.ai,N/A,"19 hours ago Bajaj Finance Limited shares are trading up 1.80%, currently at ₹967.35, reaching a day high of ₹972.90 driven by positive market sentiment and strong"
2026-01-20 22:29:59,Market Intelligence,Google Custom Search,N/A,Press Releases,https://www.tn.gov.in/press_release.php,tn.gov.in,N/A,"10 hours ago News & Events Press Releases. Please Enter Release No | Date | Keyword January 19 ,2026. Honble Minister for Finance and Environment, Climate Change"
2026-01-20 22:29:59,Market Intelligence,Google Custom Search,N/A,Loyola College,https://www.loyolacollege.edu/,loyolacollege.edu,N/A,"4 hours ago Sundaram Hall (Jubilee Building). Feb 5, 2026. International Conference on Admin Staff. Adv Zoo & Biotech · B.Com (Accounting & Finance) · B.Com (Computer"
2026-01-20 22:29:59,Market Intelligence,Google Custom Search,N/A,TVS Credit Services Limited,https://www.icra.in/Rating/RatingDetails?CompanyId=20455&CompanyName=TVS+Credit+Services+Limited,icra.in,N/A,10 hours ago TVS Credit Services Limited. TVS Credit Services Limited: Long-term Ratings upgraded and short-term Rating reaffirmed; outlook revised to Stable.
2026-01-20 22:29:59,Market Intelligence,Google Custom Search,N/A,Financial Services Stock Performance - Yahoo Finance,https://finance.yahoo.com/sectors/financial-services/,finance.yahoo.com,N/A,"2 hours ago Companies that provide financial services include banks, savings and loans, asset management companies, credit services, investment brokerage firms, and"
2026-01-20 22:29:59,Market Intelligence,Google Custom Search,N/A,TVS Automobile Solutions Private Limited,https://www.icra.in/Rating/RatingDetails?CompanyId=30126&CompanyName=TVS%20Automobile%20Solutions%20Private%20Limited,icra.in,N/A,23 hours ago About Us · Ratings · ICRA Research · About Credit Perspective Reports · Media & Events · Rating Rationales · Credit Perspective Reports · Sector Research.
2026-01-20 22:29:59,Market Intelligence,Google Custom Search,N/A,"US Dollar Index (DX-Y.NYB) Charts, Data & News - Yahoo Finance",https://finance.yahoo.com/quote/DX-Y.NYB/,finance.yahoo.com,N/A,"3 hours ago Find the latest information on US Dollar Index (DX-Y.NYB) including data, charts, related news and more from Yahoo Finance."
2026-01-20 22:29:59,Market Intelligence,Google Custom Search,N/A,"Anna University, Chennai",https://www.annauniv.edu/events.php,annauniv.edu,N/A,"10 hours ago NEWS & EVENTS. Home; News & Events. News; Recruitment; FDTP / Workshop / Conference; Tender. Sl.No, Title, Department Name, Last Date. 1, Webinar on ""AI in"
2026-01-20 22:29:59,Market Intelligence,Google Custom Search,N/A,DBS: Trusted as the World's Best Bank | DBS Bank,https://www.dbs.com/,dbs.com,N/A,10 hours ago 12 Marina Boulevard DBS Asia Central @ Marina Bay Financial Centre Tower 3 Singapore 018982. DBSN Services Pte Ltd. 12 Marina Boulevard DBS Asia Central
2026-01-20 22:29:59,Market Intelligence,Google Custom Search,N/A,NIT Warangal,https://www.nitw.ac.in/,nitw.ac.in,N/A,"6 hours ago Towards a Global Knowledge Hub, striving continuously in pursuit of excellence in Education, Research, Entrepreneurship, and Technological services to the"
2026-01-20 22:29:59,Market Intelligence,Google Custom Search,N/A,TVS Motor Company (NSE:TVSMOTOR) Stock Price & Overview,https://stockanalysis.com/quote/nse/TVSMOTOR/,stockanalysis.com,N/A,"23 hours ago India News: MUMBAI: TVS Motor Company chairman emeritus Venu Srinivasan Chennai, October 29: TVS Credit Services Ltd, a non-banking finance company"
2026-01-20 22:29:59,Market Intelligence,Google Custom Search,N/A,"TVS Motor Share Price Today, TVS Motor Stock Price Live NSE/BSE ...",https://economictimes.indiatimes.com/tvs-motor-company-ltd/stocks/companyid-12940.cms,economictimes.indiatimes.com,N/A,14 hours ago Geojit Financial Services; BUY. Target₹2890; OrganizationAxis Securities; OVERWEIGHT. View all Stock Recommendations. News & Analysis. Image for Auto upcycle
2026-01-20 22:29:59,Market Intelligence,Google Custom Search,N/A,"Finance Companies in Parola, Jalgaon - Loans, Investments ...",https://www.justdial.com/Jalgaon/Finance-Companies-in-Parola/nct-10206580,justdial.com,N/A,"24 hours ago Discover finance companies in Parola, Jalgaon on Justdial and connect with providers offering business loans, investment plans, credit facilities,"
2026-01-20 22:29:59,Market Intelligence,Google Custom Search,N/A,"Kinetic Watts & Volts Partners with Hero FinCorp, Bajaj Finserv for ...",https://ackodrive.com/news/kinetic-watts-and-volts-partners-with-hero-fin-corp-bajaj-finserv-for-electric-scooter-financing/,ackodrive.com,N/A,"22 hours ago News. search icon. Home / Top stories and News / Kinetic Watts & Volts Partners with Hero FinCorp, Bajaj Finserv for Electric Scooter Financing"
2026-01-20 22:29:59,Market Intelligence,Google Custom Search,N/A,"Kinetic Watts & Volts Partners Hero FinCorp, Bajaj Finserv and ...",https://www.energetica-india.net/news/kinetic-watts--volts-partners-hero-fincorp-bajaj-finserv-and-cleverpe-to-boost-ev-scooter-financing,energetica-india.net,N/A,"9 hours ago Hero FinCorp, Bajaj Finserv and CleverPe to accelerate EV adoption across India. January 20, 2026. By News Bureau. Kinetic Watts & Volts has announced the"
2026-01-20 22:29:59,Market Intelligence,Google Custom Search,N/A,@VickyKarma1 of any query. Team Hero FinCorp (2/2),https://x.com/HeroFinCorpLtd/status/2013524090611802334,x.com,N/A,9 hours ago HeroFinCorpLtd. 5h. HeroFinCorpLtd. of any query. Team Hero FinCorp (2/2). 0. 0. 0. 4 · · Explore Trending StoriesGo to HomeSearch XNews.
2026-01-20 22:29:59,Market Intelligence,Google Custom Search,N/A,Hero Fincorp,https://www.herofincorp.com/investor-relations/financial-performance,herofincorp.com,N/A,13 hours ago financial performance · Financial Performance · Notices & Intimations · Unclaimed & Unpaid Dividend · Statutory Compliances · Investor Contact · Press / Media.
2026-01-20 22:29:59,Market Intelligence,Google Custom Search,N/A,@aps_blr (Monday to Saturday) or write to us at customer.care ...,https://x.com/HeroFinCorpLtd/status/2013592842078388323,x.com,N/A,4 hours ago Hero FinCorp (@HeroFinCorpLtd). @aps_blr (Monday to Saturday) or write to us at customer.care@herofincorp.com. Team Hero FinCorp (2/2)
2026-01-20 22:29:59,Market Intelligence,Google Custom Search,N/A,7 Reasons to Choose Hero FinCorp Personal Loans for Emergency,https://www.taxtmi.com/news?id=33622,taxtmi.com,N/A,"19 hours ago Hero FinCorp offers Personal Loans as a reliable solution for financial emergencies, providing several benefits. Key features include instant funding access"
2026-01-20 22:29:59,Market Intelligence,Google Custom Search,N/A,Kinetic Watts & Volts Builds Nationwide Retail Finance Network to ...,https://evtechnews.in/kinetic-watts-volts-builds-nationwide-retail-finance-network-to-boost-dx-e-scooter-adoption/,evtechnews.in,N/A,"12 hours ago Hero FinCorp and Bajaj Finserv bring national scale, trust and deep EV Tech News, powered by MOTORINDIA, is a one-stop platform for all the latest news, views"
2026-01-20 22:29:59,Market Intelligence,Google Custom Search,N/A,Latest Electric Vehicle News & Updates in INDIA | EVINDIA,https://evindia.online/news,evindia.online,N/A,"7 hours ago News · Toyota Urban Cruiser EV Launch Tomorrow: Price, Range, and Features Expected · Kinetic Watts & Volts Inks Strategic Pact with Hero FinCorp, Bajaj Finserv &"
2026-01-20 22:29:59,Market Intelligence,Google Custom Search,N/A,Kinetic Ties Up With Lenders to Boost EV Financing,https://www.indiamanufacturingreview.com/manufacturing/news/kinetic-ties-up-with-lenders-to-boost-ev-financing-nwid-10515.html,indiamanufacturingreview.com,N/A,"10 hours ago Kinetic Watts & Volts partners with Hero FinCorp, Bajaj Finserv, and CleverPe to offer flexible financing for its DX+ and DX electric scooters"
2026-01-20 22:29:59,Market Intelligence,Google Custom Search,N/A,"CreditAccess Grameen Share Price Today, CreditAccess Grameen ...",https://economictimes.indiatimes.com/creditaccess-grameen-ltd/stocks/companyid-31253.cms,economictimes.indiatimes.com,N/A,"15 hours ago CreditAccess Grameen Share Price Today - Get live NSE/BSE quotes of CreditAccess Grameen with latest news, headlines and quick analysis."
2026-01-20 22:29:59,Market Intelligence,Google Custom Search,N/A,CreditAccess Grameen turns profitable as provisions fall in Q3 - The ...,https://m.economictimes.com/markets/stocks/earnings/creditaccess-grameen-turns-profitable-as-provisions-fall-in-q3/articleshow/126819994.cms,m.economictimes.com,N/A,"2 hours ago CreditAccess Grameen swung to a Rs 252 crore Q3 profit from a year-ago loss, aided by sharply lower provisions. Operating profit rose, assets grew,"
2026-01-20 22:29:59,Market Intelligence,Google Custom Search,N/A,"CreditAccess Grameen Allots 10,925 Equity Shares Under ESOP to ...",https://scanx.trade/stock-market-news/corporate-actions/creditaccess-grameen-allots-10-925-equity-shares-under-esop-to-5-employees/30446877,scanx.trade,N/A,"7 hours ago CreditAccess Grameen Limited allotted 10925 equity shares with face value of ₹10 each to 5 employees under its ESOP scheme on January 20, 2026."
2026-01-20 22:29:59,Market Intelligence,Google Custom Search,N/A,CreditAccess Grameen Q3 | Micro lender returns to profit with a ...,https://www.cnbctv18.com/market/creditaccess-grameen-q3-lender-returns-to-profit-with-a-bang-nii-rises-13-ws-l-19824805.htm,cnbctv18.com,N/A,"3 hours ago CreditAccess Grameen posts ₹252 crore Q3 profit, reversing last year's loss. NII rises 13%, marking strong recovery for the microfinance lender."
2026-01-20 22:29:59,Market Intelligence,Google Custom Search,N/A,CreditAccess Grameen Reports Strong Q3FY26 Recovery with 353 ...,https://scanx.trade/stock-market-news/earnings/creditaccess-grameen-reports-strong-q3fy26-recovery-with-353-profit-growth/30460292,scanx.trade,N/A,"4 hours ago CreditAccess Grameen Limited reported exceptional Q3FY26 results with net profit surging 353% year-on-year to ₹252.09 crore, recovering from a ₹99.52 crore"
2026-01-20 22:29:59,Market Intelligence,Google Custom Search,N/A,#Q3WithETNOW | CreditAccess Grameen reports Q3 earnings ...,https://x.com/ETNOWlive/status/2013595711003148310,x.com,N/A,4 hours ago ET NOW (@ETNOWlive). 5 likes 776 views. #Q3WithETNOW | CreditAccess Grameen reports Q3 earnings; checkout the numbers #CREDITACC #StockMarket
2026-01-20 22:29:59,Market Intelligence,Google Custom Search,N/A,CreditAccess Grameen Q3 FY26 Highlights - Improved Growth ...,https://www.investywise.com/creditaccess-grameen-q3-fy26-results-investor-presentation/,investywise.com,N/A,"4 hours ago The company has funding visibility with sanctions of INR 3,431 Cr in hand and INR 5,781 Cr in the pipeline. Source: BSE · InvestyWise News. onJanuary 20, 2026."
2026-01-20 22:29:59,Market Intelligence,Google Custom Search,N/A,CreditAccess Grameen Limited,https://www.icra.in/Rating/RatingDetails?CompanyId=13389&CompanyName=CreditAccess%20Grameen%20Limited,icra.in,N/A,7 hours ago Instrument Ratings. Long term fund based bank facilities [ICRA]AA- (Stable); Commercial Paper [ICRA]A1+; Non-Convertible Debenture Programme (Public
2026-01-20 22:29:59,Market Intelligence,Google Custom Search,N/A,CreditAccess Grameen Q3 FY26 PAT Surges 153.3% YoY to INR ...,https://www.investywise.com/creditaccess-grameen-q3-fy26-results-pat-up-1533/,investywise.com,N/A,"4 hours ago He highlighted the normalisation in asset quality trends and the company's refocused approach to growth. Source: BSE · InvestyWise News. onJanuary 20, 2026."
2026-01-20 22:29:59,Market Intelligence,Google Custom Search,N/A,CreditAccess Grameen Share Price Today: CreditAccess Grameen ...,https://www.financialexpress.com/market/creditaccess-grameen-ltd-share-price/,financialexpress.com,N/A,"15 hours ago CreditAccess Grameen Share Price Today (20th Jan, 2026): Check CreditAccess Grameen Stock Price live NSE/BSE on financialexpress.com."
2026-01-20 22:29:59,Market Intelligence,Google Custom Search,N/A,Fusion Finance Share Price,https://www.business-standard.com/markets/fusion-finance-ltd-share-price-64977.html,business-standard.com,N/A,"3 hours ago What's Fusion Finance Ltd share price today. Get Fusion Finance Ltd latest news on BSE/NSE stock price live updates, Fusion Finance Ltd financial results"
2026-01-20 22:29:59,Market Intelligence,Google Custom Search,N/A,Fusion Micro Finance Limited,https://www.icra.in/Rating/RatingDetails?CompanyId=16206&CompanyName=Fusion+Micro+Finance+Limited,icra.in,N/A,9 hours ago News · Podcast · Media Release · TV Coverage · Webinars · Events · Photo Gallery · Newsletter · Know more. Quick links. Ratings · Research Services · Credit
2026-01-20 22:29:59,Market Intelligence,Google Custom Search,N/A,Microfinance institutions News - Latest & Breaking News on ...,https://www.thehindubusinessline.com/topic/microfinance-institutions/,thehindubusinessline.com,N/A,"4 hours ago CreditAccess Grameen, Spandana Sphoorty, Fusion Finance, Satin Creditcare, Ujjivan SFB et al: Are microfinance lenders out of the woods yet? Prev; 1 · 2 · 3 · 4"
2026-01-20 22:29:59,Market Intelligence,Google Custom Search,N/A,Canon Global,https://global.canon/,global.canon,N/A,"6 hours ago This is Canon's official global site. You can view Canon's vision, management strategies, business areas, the latest news, corporate information,"
2026-01-20 22:29:59,Market Intelligence,Google Custom Search,N/A,"Muthoot Microfin Share Price Today, Muthoot Microfin Stock Price ...",https://economictimes.indiatimes.com/muthoot-microfin-ltd/stocks/companyid-53100.cms,economictimes.indiatimes.com,N/A,"7 hours ago Muthoot Microfin Share Price Today - Get live NSE/BSE quotes of Muthoot Microfin with latest news, headlines and quick analysis."
2026-01-20 22:29:59,Market Intelligence,Google Custom Search,N/A,Fusion Finance Ltd. - - Company Brief,https://indiaadvantage.co.in/company-profile/fusion-finance,indiaadvantage.co.in,N/A,5 hours ago Fusion Micro Finance Limited as an organization was set-up in 2010 & is a registered NBFC - MFI which operates in a Joint Liability Group lending model of
2026-01-20 22:29:59,Market Intelligence,Google Custom Search,N/A,"CreditAccess Grameen Share Price Today, CreditAccess Grameen ...",https://economictimes.indiatimes.com/creditaccess-grameen-ltd/stocks/companyid-31253.cms,economictimes.indiatimes.com,N/A,"15 hours ago CreditAccess Grameen Share Price Today - Get live NSE/BSE quotes of CreditAccess Grameen with latest news, headlines and quick analysis."
2026-01-20 22:29:59,Market Intelligence,Google Custom Search,N/A,Spandana Sphoorty Financial Ltd: Share Price Today - Live Updates ...,https://www.motilaloswal.com/share-market/spandana-sphoorty-financial-ltd,motilaloswal.com,N/A,11 hours ago Stock Name Fusion Finance Ltd ₹169.75 (-1.93%) M. Cap (Cr) 27.29 1 Yr The Company was granted NBFC - Microfinance Institution (NBFC-MFI) status by
2026-01-20 22:29:59,Market Intelligence,Google Custom Search,N/A,"Federal Bank in Nilamel, Kollam, Kerala | Official Branches/ATMs",https://locations.federal.bank.in/federal-bank-nilamel-banks-nilamel-kollam/home,locations.federal.bank.in,N/A,6 hours ago Microfinance services. Financial inclusion. Banking for the underprivileged Timeline. News and Articles. Admin. 20 Jan 2026. Start your year with
2026-01-20 22:29:59,Market Intelligence,Google Custom Search,N/A,Companies Archive - FF News | Fintech Finance,https://ffnews.com/companies/,ffnews.com,N/A,"14 hours ago Advans Microfinance Network, Advantage Credit, Advantage One Credit Union Fusion Bank, Fusion Risk Management, FusionMGA, Futura Genetics, FUTURE, Future"
2026-01-20 22:29:59,Market Intelligence,Google Custom Search,N/A,"Spandana Sphoorty Share Price Today, Spandana Sphoorty Stock ...",https://economictimes.indiatimes.com/spandana-sphoorty-financial-ltd/stocks/companyid-30581.cms,economictimes.indiatimes.com,N/A,"7 hours ago Spandana Sphoorty Share Price Today - Get live NSE/BSE quotes of Spandana Sphoorty with latest news, headlines and quick analysis."
2026-01-20 22:29:59,Market Intelligence,Google Custom Search,N/A,Spandana Sphoorty Financial Ltd: Share Price Today - Live Updates ...,https://www.motilaloswal.com/share-market/spandana-sphoorty-financial-ltd,motilaloswal.com,N/A,"11 hours ago Track key metrics, price trends & market sentiment for informed decisions. Explore all data at Motilal Oswal. Spandana Sphoorty Financial Ltd Share Price Chart."
2026-01-20 22:29:59,Market Intelligence,Google Custom Search,N/A,Spandana Sphoorty Financial Shareholders Approve Leadership ...,https://scanx.trade/stock-market-news/stocks/spandana-sphoorty-financial-shareholders-approve-leadership-appointments-and-remuneration-changes-via-postal-ballot/30457599,scanx.trade,N/A,"4 hours ago Spandana Sphoorty Financial Limited completed its postal ballot process on January 20, 2026, with shareholders overwhelmingly approving three key"
2026-01-20 22:29:59,Market Intelligence,Google Custom Search,N/A,Greencell Mobility Private Limited,https://www.icra.in/Rating/RatingDetails?CompanyId=29245&CompanyName=Greencell%20Mobility%20Private%20Limited,icra.in,N/A,12 hours ago Spandana Sphoorty Financial Limited: Rating reaffirmed for PTCs issued under microfinance loan receivables securitisation transaction. Spandana Sphoorty
2026-01-20 22:29:59,Market Intelligence,Google Custom Search,N/A,Spandana Sphoorty Financial Ltd Partly Paidup Share Price Today ...,https://www.mstock.com/equity-trading/spandana-sphoorty-financial-ltd-partly-paidup/eq6383,mstock.com,N/A,"15 hours ago News. About Spandana Sphoorty Financial Ltd Partly Paidup. Equity img. undefined. ISIN :IN9572J01019. Registered Office. PNo 31&32 Ramky SeleniumTowers,Tower A"
2026-01-20 22:29:59,Market Intelligence,Google Custom Search,N/A,Repco Micro Finance Limited: Rating upgraded to [ICRA]A,https://www.icra.in/Rating/RatingDetails?CompanyId=21224&CompanyName=Repco%20Micro%20Finance%20Limited,icra.in,N/A,12 hours ago Spandana Sphoorty Financial Limited: Rating reaffirmed for PTCs issued under microfinance loan receivables securitisation transaction. Spandana Sphoorty
2026-01-20 22:29:59,Market Intelligence,Google Custom Search,N/A,Tata Capital Housing Finance Limited,https://www.icra.in/Rating/RatingDetails?CompanyId=15410&CompanyName=Tata+Capital+Housing+Finance+Limited,icra.in,N/A,12 hours ago Spandana Sphoorty Financial Limited: Rating reaffirmed for PTCs issued under microfinance loan receivables securitisation transaction News · Podcast · Media
2026-01-20 22:29:59,Market Intelligence,Google Custom Search,N/A,ManiBhavnam Home Finance India Pvt. Ltd.: Rating reaffirmed,https://www.icra.in/Rating/RatingDetails?CompanyId=27981&CompanyName=ManiBhavnam%20Home%20Finance%20India%20Pvt.%20Ltd.,icra.in,N/A,8 hours ago Spandana Sphoorty Financial Limited: Rating reaffirmed for PTCs issued under microfinance loan receivables securitisation transaction News · Podcast · Media
2026-01-20 22:29:59,Market Intelligence,Google Custom Search,N/A,Lendingkart Finance Limited: Ratings upgraded to [ICRA]AA,https://www.icra.in/Rating/RatingDetails?CompanyId=26528&CompanyName=Lendingkart%20Finance%20Limited,icra.in,N/A,15 hours ago Spandana Sphoorty Financial Limited: Rating reaffirmed for PTCs issued under microfinance loan receivables securitisation transaction. Spandana Sphoorty
2026-01-20 22:29:59,Market Intelligence,Google Custom Search,N/A,Jagaran Microfin Private Limited: Rating withdrawn,https://www.icra.in/Rating/RatingDetails?CompanyId=17879&CompanyName=Jagaran%20Microfin%20Private%20Limited,icra.in,N/A,8 hours ago Spandana Sphoorty Financial Limited: Rating reaffirmed for PTCs issued under microfinance loan receivables securitisation transaction. Spandana Sphoorty
2026-01-20 22:29:59,Market Intelligence,Google Custom Search,N/A,AAVAS Financiers Ltd Share Price Today 19 Jan 2026: Live NSE ...,https://www.livemint.com/market/market-stats/stocks-aavas-financiers-ltd-share-price-nse-bse-s0003281,livemint.com,N/A,"16 hours ago Aavas Financiers Limited is an India-based retail, affordable housing finance company, primarily serving low- and middle-income self-employed customers in"
2026-01-20 22:29:59,Market Intelligence,Google Custom Search,N/A,AAVAS Financiers Schedules Q3FY26 Earnings Conference Call for ...,https://scanx.trade/stock-market-news/earnings/aavas-financiers-schedules-q3fy26-earnings-conference-call-for-february-05-2026/30467943,scanx.trade,N/A,"2 hours ago AAVAS Financiers Limited has scheduled its Q3FY26 earnings conference call for February 05, 2026, at 5:30 PM IST to discuss financial and operational"
2026-01-20 22:29:59,Market Intelligence,Google Custom Search,N/A,Aavas Financiers Ltd: Valuation Shift Signals Price Attra...,https://www.marketsmojo.com/news/stocks-in-action/aavas-financiers-ltd-valuation-shift-signals-price-attractiveness-decline-amid-sector-comparison-3793669,marketsmojo.com,N/A,21 hours ago Stock Market News · Mojo Premium · Home; News; Stocks in Action; Aavas Financiers Ltd: Valuation Shift Signals Price Attractiveness Decline Amid Sector
2026-01-20 22:29:59,Market Intelligence,Google Custom Search,N/A,"AAVAS Financiers Ltd Splits: Splits, Split History, Stock Split History",https://www.livemint.com/aavas-financiers-ltd/splits/companyid-s0003281,livemint.com,N/A,3 hours ago AAVAS Financiers Ltd Splits. Dividends Bonus Splits Rights Board Meetings AGM. AAVAS Financiers Ltd has not announced any Stock Split since 2018. Related News
2026-01-20 22:29:59,Market Intelligence,Google Custom Search,N/A,Ready to chase your next milestone? The Jaipur Marathon awaits ...,https://x.com/AavasFinanciers/status/2013503774636298476,x.com,N/A,10 hours ago Aavas Financiers Ltd (@AavasFinanciers). 12 views. Ready to chase your next milestone? The Jaipur Marathon awaits—where passion meets performance.
2026-01-20 22:29:59,Market Intelligence,Google Custom Search,N/A,AAVAS Financiers Board to Consider Unaudited Financial Results ...,https://www.investywise.com/aavas-financiers-board-meeting-scheduled-for-financial-results/,investywise.com,N/A,"3 hours ago AAVAS Financiers has announced that a meeting of the Board of Directors is scheduled for February 05, 2026. The primary agenda is to review and approve the"
2026-01-20 22:29:59,Market Intelligence,Google Custom Search,N/A,Stocks (52WK-L)(19/1/26) : Aavas Financiers ACE ADF Foods Mrs ...,https://x.com/JaayShaan/status/2013310037146624133,x.com,N/A,23 hours ago Stocks (52WK-L)(19/1/26) : Aavas Financiers ACE ADF Foods Mrs Bector Food Godrej Agro Jayshree Teacher Sapphire Food Aegis Vopak AFCONS Akzo India Ajax Engg
2026-01-20 22:29:59,Market Intelligence,Google Custom Search,N/A,Aavas Financiers Limited,https://www.icra.in/Rating/RatingDetails?CompanyId=21720&CompanyName=Aavas%20Financiers%20Limited,icra.in,N/A,13 hours ago Non-Convertible Debenture · Cash Credit · Commercial Paper · Term Loan · Long-term bank lines – NHB Refinance
2026-01-20 22:29:59,Market Intelligence,Google Custom Search,N/A,Nifty500 Stocks (52WK-L)(20/1/26) : Newgen Aavas Financiers ...,https://x.com/JaayShaan/status/2013562344736268788,x.com,N/A,6 hours ago Nifty500 Stocks (52WK-L)(20/1/26) : Newgen Aavas Financiers Aegis Vopak Aarti Inds ABREL ABLBL ABFRL AFCONS Bajaj HFL ACE Havells ITC Inox Wind Jyothy Lab
2026-01-20 22:29:59,Market Intelligence,Google Custom Search,N/A,Stock Market: Top Stocks in NSE/BSE & Latest Stock News | CNBC ...,https://www.cnbctv18.com/market/stocks/,cnbctv18.com,N/A,"11 hours ago Discover the best stocks to invest in today at CNBC TV18. Stay up-to-date with the latest stock market news, trends, expert analysis, and investment tips to"
2026-01-20 22:29:59,Market Intelligence,Google Custom Search,N/A,Home First Finance Company India Share Price,https://economictimes.indiatimes.com/home-first-finance-company-india-ltd/stocks/companyid-55367.cms,economictimes.indiatimes.com,N/A,"9 hours ago Home First Finance Co Share Price Today - Get live NSE/BSE quotes of Home First Finance Co with latest news, headlines and quick analysis."
2026-01-20 22:29:59,Market Intelligence,Google Custom Search,N/A,Home First Finance Company India Limited,https://www.icra.in/Rating/RatingDetails?CompanyId=27272&CompanyName=Home+First+Finance+Company+India+Limited,icra.in,N/A,11 hours ago Long-term – Fund-based – Others [ICRA]AA (Stable) · Non-Convertible Debentures [ICRA]AA (Stable) · Commercial Paper [ICRA]A1+.
2026-01-20 22:29:59,Market Intelligence,Google Custom Search,N/A,"Home First Finance Company India Ltd Share Price Today, 1,053.70 ...",https://www.business-standard.com/markets/home-first-finance-company-india-ltd-share-price-71865.html,business-standard.com,N/A,"11 hours ago What's Home First Finance Company India Ltd share price today. Get Home First Finance Company India Ltd latest news on BSE/NSE stock price live updates,"
2026-01-20 22:29:59,Market Intelligence,Google Custom Search,N/A,Home First Finance Company India Ltd: Valuation Shifts Si...,https://www.marketsmojo.com/news/stocks-in-action/home-first-finance-company-india-ltd-valuation-shifts-signal-changing-market-sentiment-3793672,marketsmojo.com,N/A,"9 hours ago Home First Finance Company India Ltd has experienced a notable shift in its valuation parameters, moving from an expensive to a fair valuation grade."
2026-01-20 22:29:59,Market Intelligence,Google Custom Search,N/A,Home First Finance Company Allots 1.72 Lakh Equity Shares ...,https://scanx.trade/stock-market-news/corporate-actions/home-first-finance-company-allots-1-72-lakh-equity-shares-through-esop-exercise/30460063,scanx.trade,N/A,"4 hours ago Home First Finance Company India Limited allotted 1,72424 equity shares on January 20, 2026, through employee stock option exercise under two ESOP schemes."
2026-01-20 22:29:59,Market Intelligence,Google Custom Search,N/A,Islamic Finance News,https://www.islamicfinancenews.com/,islamicfinancenews.com,N/A,"6 hours ago A digital, subscription-based publication available online and through smartphone and tablet applications. IFN provides exclusive and comprehensive coverage"
2026-01-20 22:29:59,Market Intelligence,Google Custom Search,N/A,KUHS - Home,http://kuhs.ac.in/,kuhs.ac.in,N/A,"6 hours ago KERALA UNIVERSITY OF HEALTH SCIENCES, THRISSUR, KERALA."
2026-01-20 22:29:59,Market Intelligence,Google Custom Search,N/A,Environmental Finance: Home,https://www.environmental-finance.com/,environmental-finance.com,N/A,"4 hours ago Environmental Finance is an online news and analysis service reporting on sustainable investment, green finance and the people and companies active in"
2026-01-20 22:29:59,Market Intelligence,Google Custom Search,N/A,Auction Properties by home first finance company india limited ...,https://www.auctionbazaar.com/auction-properties-by-home-first-finance-company-india-limited,auctionbazaar.com,N/A,"14 hours ago chennai, tamil nadu. residential / flat. Area. 1150 Sq. ft. Deadline Date. 19 January 2026. Auction Date. 19 January 2026. flat no.s-1, a/c no.7662891968."
2026-01-20 22:29:59,Market Intelligence,Google Custom Search,N/A,Securities Finance Times: Securities finance news and commentary,https://www.securitiesfinancetimes.com/,securitiesfinancetimes.com,N/A,"15 hours ago Repo · State Street completes first Eurex Repo trade for MN. 19 January 2026 Europe Reporter: Carmella Haswell In a newly designed structure, State Street"
2026-01-20 22:29:59,Market Intelligence,Google Custom Search,N/A,Aadhar Housing Finance Ltd. - Share/Stock Price,https://www.moneycontrol.com/india/stockpricequote/finance-housing/aadharhousingfinance/AHFL,moneycontrol.com,N/A,7 hours ago Aadhar Housing Share Price: Find the latest news on Aadhar Housing Stock Price. Get all the information on Aadhar Housing with historic price charts for NSE
2026-01-20 22:29:59,Market Intelligence,Google Custom Search,N/A,Aadhar Housing Finance Limited: Ratings reaffirmed,https://www.icra.in/Rating/RatingDetails?CompanyId=16376&CompanyName=AADHAR%20HOUSING%20FINANCE%20LIMITED,icra.in,N/A,13 hours ago AADHAR HOUSING FINANCE LIMITED · Commercial Paper [ICRA]A1+ · Subordinated Debt [ICRA]AA (Positive) · Non Convertible Debenture [ICRA]AA (Positive) · Long Term Bank
2026-01-20 22:29:59,Market Intelligence,Google Custom Search,N/A,Aadhar Housing Finance Ltd is Rated Hold,https://www.marketsmojo.com/news/stock-recommendation/aadhar-housing-finance-ltd-is-rated-hold-3795909,marketsmojo.com,N/A,"11 hours ago Aadhar Housing Finance Ltd is rated 'Hold' by MarketsMOJO, with this rating last updated on 19 January 2026. However, the analysis and financial metrics"
2026-01-20 22:29:59,Market Intelligence,Google Custom Search,N/A,"Aadhar Housing Finance Ltd. Property Auctions, Online Property ...",https://bankeauctions.com/Aahfl,bankeauctions.com,N/A,"16 hours ago Aadhar Housing Finance Ltd. selling residential, commercial, industrial, agricultural properties, land, plots, house and flats across the India."
2026-01-20 22:29:59,Market Intelligence,Google Custom Search,N/A,AADHARHFC Share Price: Aadhar Housing Finance Live,https://www.tickertape.in/stocks/aadhar-housing-finance-AADH,tickertape.in,N/A,"11 hours ago AADHARHFC stock price live today with intraday chart, market cap, 52-week range, earnings, dividends and latest market news & research updates."
2026-01-20 22:29:59,Market Intelligence,Google Custom Search,N/A,Aadhar Housing Finance to table results | Capital Market News,https://www.capitalmarket.com/markets/news/corporate-news/aadhar-housing-finance-to-table-results/1665817,capitalmarket.com,N/A,8 hours ago Aadhar Housing Finance will hold a meeting of the Board of Directors of the Company on 30 January 2026.
2026-01-20 22:29:59,Market Intelligence,Google Custom Search,N/A,"Share Market Today | Latest Stock Market News, Sensex Today and ...",https://www.business-standard.com/markets/aadhar-housing-finance-ltd-share-price-14236/announcements/bse-exchange-50646748,business-standard.com,N/A,14 hours ago Aadhar Housing Finance Ltd · Board Meeting Intimation for To Consider The Standalone And Consolidated Unaudited Financial Results Along With The Limited Review
2026-01-20 22:29:59,Market Intelligence,Google Custom Search,N/A,Apply Instant Personal Loan Online Upto Rs. 50 Lakh,https://pnb.bank.in/personal.aspx,pnb.bank.in,N/A,3 hours ago Personal Loans. “Say Yes to Your Dreams with Our flexible Personal loan”. Housing Finance Scheme For Public - PNB Max-Saver. Personal Loan For Working Woman
2026-01-20 22:29:59,Market Intelligence,Google Custom Search,N/A,eGazette Home,https://egazette.gov.in/,egazette.gov.in,N/A,"4 hours ago Ministry of Road Transport and Highways, Publication of User Fee Notification 20-Jan-2026, CG-DL-E-20012026-269458"
2026-01-20 22:29:59,Market Intelligence,Google Custom Search,N/A,"PNB E-Auction, Punjab National Bank Auction, Property Auction ...",https://pnb.bank.in/EAuction.aspx,pnb.bank.in,N/A,"7 hours ago Participate in Punjab National Bank's E-Auction to bid on secured assets, foreclosed properties, and bank auctions online. Get the best deals on various"
2026-01-20 22:29:59,Market Intelligence,Google Custom Search,N/A,@SBICard_Connect @SBICards @SBICard_Connect Recovery ...,https://x.com/YSirasapal75952/status/2013536720097267895,x.com,N/A,"8 hours ago harassed my mother with police threats. This is harassment, not recovery, and a clear violation of RBI guidelines.Recovery agent number: +91 72077 75359."
2026-01-20 22:29:59,Market Intelligence,Google Custom Search,N/A,Japan Wire by KYODO NEWS | Japan's leading news agency.,https://english.kyodonews.net/,english.kyodonews.net,N/A,4 hours ago Japan Wire by KYODO NEWS is an online publication delivering the latest news from Japan together with those stories from around the globe in which Japan
2026-01-20 22:29:59,Market Intelligence,Google Custom Search,N/A,@poonawallafinco @adarpoonawalla Your recovery agent is ...,https://x.com/PublicServ48258/status/2013491505571524641/photo/1,x.com,N/A,11 hours ago Public Service (@PublicServ48258). 10 views. @poonawallafinco @adarpoonawalla Your recovery agent is harassing me excessively and is repeatedly visiting my
2026-01-20 22:29:59,Market Intelligence,Google Custom Search,N/A,"Latest Medical News, Clinical Trials, Guidelines - Today on Medscape",https://www.medscape.com/,medscape.com,N/A,"3 hours ago Today on Medscape : Get the latest medical news, clinical trial coverage, drug updates, journal articles, CME activities & more on Medscape."
2026-01-20 22:29:59,Market Intelligence,Google Custom Search,N/A,"NFTE - BSNL, National Federation of Telecom Employees",https://nftechq.co.in/,nftechq.co.in,N/A,7 hours ago 27-02-2025 : BSNL HQR News:- POS – Four Cases of PO relating to Maharashtra Circle have been sent to DOT by Corporate office. The CHQ will now contact DOT
2026-01-20 22:29:59,Market Intelligence,Google Custom Search,N/A,Enforcement directorate attaches properties worth 10.86 crore ...,https://www.newsonair.gov.in/enforcement-directorate-attaches-properties-worth-10-86-crore-rupees-in-land-fraud-case/,newsonair.gov.in,N/A,"3 hours ago The agency said that the investigation also revealed that the accused are habitual offenders, with multiple FIRs registered against them. They cheated people by"
2026-01-20 22:29:59,Market Intelligence,Google Custom Search,N/A,The Department of Transport,https://www.transport.gov.za/,transport.gov.za,N/A,"4 hours ago C-BRTA hosts MSME Conference to Accelerate Inclusive Growth in the Transport Sector. Cross-Border Road Transport Agency (C-BRTA), in collobaration with the"
2026-01-20 22:29:59,Market Intelligence,Google Custom Search,N/A,Editorial Photos and Videos | AP Newsroom,https://newsroom.ap.org/editorial-photos-videos/home,newsroom.ap.org,N/A,"4 hours ago Find timely, powerful, informative editorial photos and videos to tell richer stories for breaking news and iconic moments."
2026-01-20 22:29:59,Market Intelligence,Google Custom Search,N/A,Identity Theft Resource Center | ITRC,https://www.idtheftcenter.org/,idtheftcenter.org,N/A,"7 hours ago The ITRC, a non-profit founded in 1999, supports victims of identity theft, fraud, and scams — free of charge."
2026-01-20 22:29:59,Market Intelligence,Google Custom Search,N/A,GDG News -,https://gdgbhopal.com/,gdgbhopal.com,N/A,"23 hours ago However, aggressive recovery practices by banks and their agents have often caused stress and harassment for cardholders. In response to repeated complaints"
2026-01-20 22:29:59,Market Intelligence,Google Custom Search,N/A,"Bank strike on January 27, 2026? Services like Cash Withdrawal ...",https://gdgbhopal.com/bank-strike/,gdgbhopal.com,N/A,17 hours ago bank employees' unions have indicated the possibility of a nationwide bank strike. Bank strikes in India are not uncommon and often arise due to policy
2026-01-20 22:29:59,Market Intelligence,Google Custom Search,N/A,1 मानव संपदा बंधन (भत एवं पदो ित) क ीय कायालय Human Capital Mana,https://centralbank.bank.in/sites/default/files/Recruitment%20of%20Foreign%20Exchange%20officer%20in%20Scale%20III%20%26%20Marketing%20officer%20in%20Scale%20I%20in%20Specialist%20category.pdf,centralbank.bank.in,N/A,"21 hours ago Subject to fulfilling the eligibility criteria such as educational, experience, probation period etc. of existing employees of Central Bank of India may apply"
2026-01-20 22:29:59,Market Intelligence,Google Custom Search,N/A,UNION BANK OF INDIA REGIONAL OFFICE NIZAMABAD ...,https://www.unionbankofindia.bank.in/TenderFiles/RFP%20TENDER%20SCHEDULE%20FOR%20INTERIOR%20WORKS%20UNION%20BANK%20OF%20INDIA%20BODHAN%20BRANCH.pdf,unionbankofindia.bank.in,N/A,"11 hours ago Should the work be suspended by reason of rain, strike, lock-outs or any other cause, the contractor shall take all precautions necessary for the protection"
2026-01-20 22:29:59,Market Intelligence,Google Custom Search,N/A,Jan 27 Bank Strike Over Five-Day Work Week May Trigger Four-Day ...,https://x.com/LogicalIndians/status/2013474334715572616,x.com,N/A,12 hours ago The Logical Indian (@LogicalIndians). 58 views. Jan 27 Bank Strike Over Five-Day Work Week May Trigger Four-Day Banking Shutdown.
2026-01-20 22:29:59,Market Intelligence,Google Custom Search,N/A,UNION BANK OF INDIA,https://www.unionbankofindia.bank.in/TenderFiles/electrification%20work.pdf,unionbankofindia.bank.in,N/A,"19 hours ago SUB: - TENDER FOR ELECTRICAL, TELEPHONE & NETWORKING. WORK OF THE PROPOSED BRANCH OFFICE AT GANDHI NAGAR,. BHILWARA. 1) Sealed, item rate, tenders are invited"
2026-01-20 22:29:59,Market Intelligence,Google Custom Search,N/A,Bank Unions Call Nationwide Strike Over Five-Day Workweek ...,https://www.bwpeople.in/article/bank-unions-call-nationwide-strike-over-five-day-workweek-demand-589912,bwpeople.in,N/A,10 hours ago employee well-being with operational requirements. The unions said discussions with the Indian Banks' Association (IBA) and government representatives have
2026-01-20 22:29:59,Market Intelligence,Google Custom Search,N/A,The All India Gramin Bank Workers Organisation / All India Gramin ...,https://x.com/CLCMOLE/status/2013594856690528417,x.com,N/A,4 hours ago of Financial Services (DFS) move to discuss IPOs of RRBs and served a strike notice to be held 23.01.2026.
2026-01-20 22:29:59,Market Intelligence,Google Custom Search,N/A,"Bank Employees' Unions Call Strike on Jan 27, Demand Five-Day ...",https://thelogicalindian.com/bank-employees-unions-call-strike-on-jan-27-demand-five-day-work-week/,thelogicalindian.com,N/A,"12 hours ago A proposed nationwide bank strike on January 27, combined with existing holidays, could disrupt physical banking services across India for four consecutive"
2026-01-20 22:29:59,Market Intelligence,Google Custom Search,N/A,state bank of india - tender notice,https://sbi.bank.in/documents/39129/51516783/NOTICE+INVITING+TENDER20260120053359246.pdf,sbi.bank.in,N/A,9 hours ago 39. Contractor is advised not to engage child labour during the contract period. 40. The SBI reserves the right to cancel or postpone the tenders at any
2026-01-20 22:29:59,Market Intelligence,Google Custom Search,N/A,"NFTE - BSNL, National Federation of Telecom Employees",https://nftechq.co.in/,nftechq.co.in,N/A,"7 hours ago NFTE CHQ conveys sincere thanks to all Circle Secretaries, All India office bearers and Comrades who have strengthen the hands of General Secretary to sign the"
2026-01-20 22:29:59,Market Intelligence,Google Custom Search,N/A,"PNB Complaint, File Complaint PNB, Punjab National Bank ...",https://pnb.bank.in/CcsrmsFormComplaint.aspx,pnb.bank.in,N/A,"5 hours ago Submit your complaint easily and efficiently with our step-by-step guide. Learn how to articulate your concerns, gather necessary documentation,"
2026-01-20 22:29:59,Market Intelligence,Google Custom Search,N/A,Directorate of Enforcement: Home,https://enforcementdirectorate.gov.in/,enforcementdirectorate.gov.in,N/A,"7 hours ago India. ED has been given the responsibility to conduct investigation into suspected contraventions of foreign exchange laws and regulations, to adjudicate"
2026-01-20 22:29:59,Market Intelligence,Google Custom Search,N/A,mPokket: Instant Loan App - Apps on Google Play,https://play.google.com/store/apps/details?id=com.mpokket.app&gl=IN,play.google.com,N/A,"4 hours ago Get an Instant Personal Loan or Business Loan up to ₹2,00,000 in just a few minutes! ⏱️ mPokket is India's best instant loan app , trusted by more than 6.5"
2026-01-20 22:29:59,Market Intelligence,Google Custom Search,N/A,Foreign Currency Demand Draft - Foreign Exchange in India | Axis ...,https://www.axis.bank.in/forex/foreign-currency-demand-draft,axis.bank.in,N/A,"23 hours ago Protect your overseas travel budget with Insurance and Forex Cards. Save money, avoid scams, and travel smarter"
2026-01-20 22:29:59,Market Intelligence,Google Custom Search,N/A,DBS: Trusted as the World's Best Bank | DBS Bank,https://www.dbs.com/,dbs.com,N/A,10 hours ago 07 Jan 2026. DBS Bank India extends INR 670 crore sustainability-linked trade facility to Indorama India. India·22 Dec 2025. Featured. DBS teams up with world
2026-01-20 22:29:59,Market Intelligence,Google Custom Search,N/A,Government eProcurement System,https://etenders.gov.in/eprocure/app?component=%24DirectLink&page=FrontEndTendersByOrganisation&service=direct&sp=SpUU0rj42FI3UoCfR2Ztdaw%3D%3D,etenders.gov.in,N/A,"7 hours ago APP Based Cab Aggregator in AAI Airports] [EOI_ABCA_2026][2026_AAI_263588_1], Airports Authority of India||Southern Region - AAI||CHENNAI-AIRPORT - AAI"
2026-01-20 22:29:59,Market Intelligence,Google Custom Search,N/A,"Now validate your payee, before transferring funds.",https://www.icici.bank.in/personal-banking/iplay/validate-your-payee-before-transferring-funds,icici.bank.in,N/A,18 hours ago Learn how to transfer funds with utmost security using payee validation service on ICICI Bank Corporate Internet Banking. Login Now.
2026-01-20 22:29:59,Market Intelligence,Google Custom Search,N/A,"Huntington Bank: Online Banking, Insurance, Investing, Loans ...",https://www.huntington.com/,huntington.com,N/A,"2 hours ago Huntington provides online banking solutions, mortgage, investing, loans, credit cards, and personal, small business, and commercial financial services."
2026-01-20 22:29:59,Market Intelligence,Google Custom Search,N/A,Oro Money: Tension-Free Gold Loan At Highest Per Gram Rate,https://www.oromoney.in/,oromoney.in,N/A,"7 hours ago This app extremely simple to use and is very straight forward & the offers they provide a company are extremely transparent. There are no hidden charges, fees"
2026-01-20 22:29:59,Market Intelligence,Google Custom Search,N/A,"India Fraud: Latest News, Photos, Videos on India Fraud - NDTV.COM",https://www.ndtv.com/topic/india-fraud,ndtv.com,N/A,"1 hour ago Shady Loans, 'Missing' Rs 9-Crore Bentley: Businessman Arrested For Fraud ; Uttar Pradesh | Gang Dupes Doctors Of Rs 5.5 Crore Using Fake Stock Market App,. 2:07."
2026-01-20 22:29:59,Market Intelligence,Google Custom Search,N/A,KYC Verification for Personal Loans: Why It's Manadatory?,https://www.dmifinance.in/kyc-verification/,dmifinance.in,N/A,6 hours ago 1. Prevent Identity Theft and Fraud borrower · 2. Comply with the Reserve Bank of India (RBI) Rules · 3. Prevent Money Laundering · 4. Assessing Creditworthiness.
2026-01-20 22:29:59,Market Intelligence,Google Custom Search,N/A,DBS: Trusted as the World's Best Bank | DBS Bank,https://www.dbs.com/,dbs.com,N/A,10 hours ago 07 Jan 2026. DBS Bank India extends INR 670 crore sustainability-linked trade facility to Indorama India. India·22 Dec 2025. Featured. DBS teams up with world
2026-01-20 22:29:59,Market Intelligence,Google Custom Search,N/A,Aadhaar Misuse: Financial & Legal Risks,https://paytm.com/blog/aadhaar-card/financial-and-legal-risks-of-aadhaar-misuse/,paytm.com,N/A,5 hours ago Your Aadhaar number is a very important part of your identity in India. Identity Theft and Fraudulent Accounts: Someone might use your Aadhaar to open bank
2026-01-20 22:29:59,Market Intelligence,Google Custom Search,N/A,Bank of America customers impacted by data breach through Infosys ...,https://www.fintechfutures.com/data-privacy-security/bank-of-america-customers-impacted-by-data-breach-through-infosys-mccamish-systems-hack,fintechfutures.com,N/A,"13 hours ago Bank of America has responded by instating a “complimentary two-year membership” with IdentityWorks, the identity theft protection service offered by Experian."
2026-01-20 22:29:59,Market Intelligence,Google Custom Search,N/A,OECD: The Organisation for Economic Co-operation and ...,https://www.oecd.org/,oecd.org,N/A,"2 hours ago Working with over 100 countries, the OECD is a global policy forum that promotes policies to improve the economic and social well-being of people around the"
2026-01-20 22:29:59,Market Intelligence,Google Custom Search,N/A,India AI Impact Summit 2026,https://impact.indiaai.gov.in/home/pre-summit-events,impact.indiaai.gov.in,N/A,"5 hours ago It addressed AI-driven risks such as deepfakes, digital fraud, data misuse, and identity manipulation, aligned with Safe and Trusted AI priorities. Through"
2026-01-20 22:29:59,Market Intelligence,Google Custom Search,N/A,live fishing trusted platform india - official VIP leading - Apps on ...,https://www.vidyutombudsman.ap.gov.in/fishing-live-fishing-trusted-platform-4-4-1fdrvt.htm,vidyutombudsman.ap.gov.in,N/A,"3 hours ago The digital age has transformed nearly every aspect of entertainment, and fishing is no exception. Online live fishing games have surged in popularity,"
2026-01-20 22:29:59,Market Intelligence,Google Custom Search,N/A,Cyber Advocate in India (Advocate Deepak ) – Cyber Crime Lawyer ...,https://bestcybercrimelawyer.in/2026/01/20/top-cyber-advocate-in-india/,bestcybercrimelawyer.in,N/A,"14 hours ago When individuals or businesses face cyber fraud, online harassment, bank account freezes or identity theft, it is essential to consult an experienced Cyber"
2026-01-20 22:29:59,Market Intelligence,Google Custom Search,N/A,"ICLG: Legal Guides, Business Reports and Events",https://iclg.com/,iclg.com,N/A,9 hours ago The International Comparative Legal Guides provide current and practical comparative legal information on several jurisdictions in a Q&A format.
2026-01-20 22:29:59,Market Intelligence,Google Custom Search,N/A,"ATMs in Karre Bob Karanpur Branch, Address, Machine, Cash ...",https://bankofbaroda.bank.in/locate-us/atms/nct-of-delhi/delhi/anand-parvat-karol-bagh/070234,bankofbaroda.bank.in,N/A,"9 hours ago Find an ATM near me for cash withdrawals or any banking transactions from anywhere, with ease. Our more than 15000 branches and ATMs across India ensure easier"
2026-01-20 22:29:59,Market Intelligence,Google Custom Search,N/A,Global Regulation Tomorrow,https://www.regulationtomorrow.com/,regulationtomorrow.com,N/A,12 hours ago Tracking financial services regulatory developments while providing in-depth insight and commentary from the attorneys at Norton Rose Fulbright.
2026-01-20 22:29:59,Market Intelligence,Google Custom Search,N/A,A Guide to AML Typologies: Identifying Money Laundering Patterns,https://www.tookitaki.com/compliance-hub/decoding-aml-typologies-what-no-one-talks-about,tookitaki.com,N/A,"18 hours ago Bank Capture: In this AML typology, criminals break into the systems of financial institutions to gain access to sensitive customer information and exploit"
2026-01-20 22:29:59,Market Intelligence,Google Custom Search,N/A,Financial System Regulation » Bank of Jamaica,https://boj.org.jm/core-functions/financial-system/,boj.org.jm,N/A,9 hours ago Deposit-taking Institutions. Commercial Banks | BOJ Primary Dealers | Merchant Banks and Finance Houses | Building Societies
2026-01-20 22:29:59,Market Intelligence,Google Custom Search,N/A,Press Releases - Financial Services Commission,https://www.fsc.go.kr/eng/pr010101,fsc.go.kr,N/A,10 hours ago KoFIU Kicks Off Taskforce Meeting to Seek Regulatory Improvements in Anti-money Laundering Framework: The Korea Financial Intelligence Unit (KoFIU) held the
2026-01-20 22:29:59,Market Intelligence,Google Custom Search,N/A,Bank Secrecy Act or BSA: The cornerstone of AML regulation in the US,https://www.tookitaki.com/compliance-hub/what-is-the-bank-secrecy-act,tookitaki.com,N/A,"14 hours ago financial system from the abuses of financial crime, including terrorist financing, money laundering and other illicit activity.” FinCEN ensures that financial"
2026-01-20 22:29:59,Market Intelligence,Google Custom Search,N/A,EBA and AMLA complete handover of AML/CFT mandates ...,https://www.eba.europa.eu/publications-and-media/press-releases/eba-and-amla-complete-handover-amlcft-mandates,eba.europa.eu,N/A,"23 hours ago On 1 January 2026, the European Banking Authority (EBA) and the Authority for Anti-Money Laundering and Countering the Financing of Terrorism (AMLA)"
2026-01-20 22:29:59,Market Intelligence,Google Custom Search,N/A,The new sheriff is in town – AMLA officially received supervisory ...,https://finregnewsblog.com/en/2026/01/20/the-new-sheriff-is-in-town-amla-officially-received-supervisory-powers-from-eba/,finregnewsblog.com,N/A,"6 hours ago Posted In AML, Banking Supervision, Crypto Regulation, Funds, Payment Services. As of 1 January 2026, the Authority for Anti-Money Laundering and Countering"
2026-01-20 22:29:59,Market Intelligence,Google Custom Search,N/A,High-risk third countries for AML purposes | The Law Society,https://www.lawsociety.org.uk/topics/anti-money-laundering/high-risk-third-countries-for-aml-purposes,lawsociety.org.uk,N/A,3 hours ago The UK's high-risk third countries for anti-money laundering (AML) purposes are set out in the Financial Action Task Force's (FATF) lists.
2026-01-20 22:29:59,Market Intelligence,Google Custom Search,N/A,Search page | FSMA,https://www.fsma.be/en/search,fsma.be,N/A,16 hours ago Financial services providers (196). Fraud (149). About the FSMA Money laundering (34). Conduct of business rules (27). Crowdfunding (22).
2026-01-20 22:29:59,Market Intelligence,Google Custom Search,N/A,Banca d'Italia - The official site of Italy's Central Bank,https://www.bancaditalia.it/homepage/index.html?com.dotmarketing.htmlpage.language=1,bancaditalia.it,N/A,8 hours ago Banca d'Italia is the Italian Republic's central bank and pursues aims of general interest in the monetary and financial sector. Anti-money laundering
2026-01-20 22:29:59,Market Intelligence,Google Custom Search,N/A,Directorate of Enforcement: Home,https://enforcementdirectorate.gov.in/,enforcementdirectorate.gov.in,N/A,7 hours ago ED has been given the responsibility to enforce the provisions of the PMLA by conducting investigation to trace the assets derived from proceeds of crime
2026-01-20 22:29:59,Market Intelligence,Google Custom Search,N/A,Financial Times: Home,https://www.ft.com/,ft.com,N/A,"3 hours ago News, analysis and opinion from the Financial Times on the latest in markets, economics and politics."
2026-01-20 22:29:59,Market Intelligence,Google Custom Search,N/A,"Illegal US immigration: ED raids visa firms in Punjab, Chandigarh",https://www.taxtmi.com/news?id=35379,taxtmi.com,N/A,23 hours ago firms allegedly manipulated applicants' financial records and charged high commissions. The raids resulted in the seizure of incriminating documents
2026-01-20 22:29:59,Market Intelligence,Google Custom Search,N/A,Sabarimala gold theft case: ED raids several premises in Kerala ...,https://www.thehindu.com/news/national/kerala/sabarimala-gold-theft-case-ed-raids-several-premises-in-kerala-karnataka-and-tamil-nadu/article70527931.ece,thehindu.com,N/A,"13 hours ago The investigation has also revealed indications of other financial irregularities and scams at Sabarimala, including misappropriation of funds related to temple"
2026-01-20 22:29:59,Market Intelligence,Google Custom Search,N/A,"Inside Higher Ed | Higher Education News, Career Advice, Events ...",https://www.insidehighered.com/,insidehighered.com,N/A,"9 hours ago Free Higher Education News, Jobs, Career Advice and Events for college and university faculty, adjuncts, graduate students, and administrators."
2026-01-20 22:29:59,Market Intelligence,Google Custom Search,N/A,EO Division Report,https://doptcirculars.nic.in/EODivisionReport.aspx?Report=7,doptcirculars.nic.in,N/A,"4 hours ago Financial Services, Fisheries, Food & Public Distribution, Food Processing Ar Raid Prc Officer, Architect, Area Dev Commissioner, Area Manager, Area"
2026-01-20 22:29:59,Market Intelligence,Google Custom Search,N/A,Government eProcurement System,https://etenders.gov.in/eprocure/app?component=%24DirectLink&page=FrontEndTendersByOrganisation&service=direct&sp=SJa4Ru2G8JZoRRYfmzk90CA%3D%3D,etenders.gov.in,N/A,"4 hours ago ED/PRYJ/25-26][2026_BSNL_263489_1], Bharat Sanchar Nigam Limited (Govt of India Enterprise)||UP(EAST) Telecom Circle||Business Area Allahabad. 15, 19-Jan-2026"
2026-01-20 22:29:59,Market Intelligence,Google Custom Search,N/A,"Sabarimala gold loss case: ED raids in Kerala, Karnataka, Tamil ...",https://m.economictimes.com/news/india/sabarimala-gold-loss-case-ed-raids-in-kerala-karnataka-tamil-nadu/articleshow/126752322.cms,m.economictimes.com,N/A,"13 hours ago About 21 locations across Kerala, Karnataka and Tamil Nadu are being raided under the provisions of the Prevention of Money Laundering Act (PMLA),"
2026-01-20 22:29:59,Market Intelligence,Google Custom Search,N/A,₹658 Crore Fake ITC Scam: ED Raids Multiple Locations in ...,https://avenuemail.in/ed-raids-jharkhand-kolkata-658-crore-fake-itc-scam/,avenuemail.in,N/A,"3 hours ago Ranchi / Jamshedpur (IANS): The Enforcement Directorate (ED) on Tuesday intensified its crackdown on a massive inter-state financial fraud,"
2026-01-20 22:29:59,Market Intelligence,Google Custom Search,N/A,SEBI | News List All,https://www.sebi.gov.in/sebiweb/home/HomeAction.do?doListingAll=yes,sebi.gov.in,N/A,"4 hours ago Corporation Finance Department, Corporation Finance Investigation Department, Department Economic and Policy Analysis, Department of"
2026-01-20 22:29:59,Market Intelligence,Google Custom Search,N/A,Directorate of Enforcement: Home,https://enforcementdirectorate.gov.in/,enforcementdirectorate.gov.in,N/A,"7 hours ago The statutory functions of the Directorate include enforcement of following Acts: 1. The Prevention of Money Laundering Act, 2002 (PMLA): It is a criminal law"
2026-01-20 22:29:59,Market Intelligence,Google Custom Search,N/A,EO Division Report,https://doptcirculars.nic.in/EODivisionReport.aspx?Report=7,doptcirculars.nic.in,N/A,"4 hours ago India Infrastructre Finance Company Ltd. India International Convention Commissioner of Income Tax, Commissioner of Inquiries, Commissioner of Labour"
2026-01-20 22:29:59,Market Intelligence,Google Custom Search,N/A,News INCOME TAX,https://pdicai.org/latestNews.aspx,pdicai.org,N/A,9 hours ago The Supreme Court on Monday ruled that private equity firm Tiger Global is required to pay capital gains tax in India for its 2018 stake sale in Indian e-
2026-01-20 22:29:59,Market Intelligence,Google Custom Search,N/A,"Computers, Monitors & Technology Solutions | Dell USA",https://www.dell.com/en-us,dell.com,N/A,3 hours ago A young person sitting on a window bench with a XPS laptop in their lap. A person sitting at a table using
2026-01-20 22:29:59,Market Intelligence,Google Custom Search,N/A,Financial Times: Home,https://www.ft.com/,ft.com,N/A,"3 hours ago News, analysis and opinion from the Financial Times on the latest in markets, economics and politics."
2026-01-20 22:29:59,Market Intelligence,Google Custom Search,N/A,SEBI | News List All,https://www.sebi.gov.in/sebiweb/home/HomeAction.do?doListingAll=yes,sebi.gov.in,N/A,"4 hours ago Search ▽ ; Jan 20, 2026, Research, Investor Survey 2025 - Main Report and Data ; Jan 20, 2026, Recovery Proceedings, SEBI Order for"
2026-01-20 22:29:59,Market Intelligence,Google Custom Search,N/A,UK HMRC Pauses Concession on Failures to Withhold Tax on ...,https://www.lexology.com/library/detail.aspx?g=11f0567a-0072-472a-9735-e4002f4a9654,lexology.com,N/A,"9 hours ago a third-party credit fund, or a company that is in the same group as the borrower (whether a group finance company or otherwise). Relief from withholding tax"
2026-01-20 22:29:59,Market Intelligence,Google Custom Search,N/A,Ogier - international legal and professional services firm,https://www.ogier.com/,ogier.com,N/A,"7 hours ago Top tier international and offshore law, corporate and fiduciary, and consulting services. Targeted, pragmatic advice from Asia, Caribbean, Europe,"
2026-01-20 22:29:59,Market Intelligence,Google Custom Search,N/A,TwentyFour Select Monthly Income Fund | TwentyFour Asset ...,https://www.twentyfouram.com/view/GG00BJVDZ946/twentyfour-select-monthly-income-fund,twentyfouram.com,N/A,"19 hours ago The fund aims to generate attractive risk-adjusted returns, principally through income distributions by investing in a diversified portfolio of fixed income"
2026-01-20 22:29:59,Market Intelligence,Google Custom Search,N/A,Studycafe - One Stop Solution For CA CS CWA Direct Indirect Tax ...,https://studycafe.in/,studycafe.in,N/A,3 hours ago One Stop Solution For CA CS CWA Direct Indirect Tax GST Business News.
2026-01-20 22:29:59,Market Intelligence,Google Custom Search,N/A,NCR Builder-Bank Loan Fraud Nexus | Supreme Court Asks Delhi ...,https://www.livelaw.in/top-stories/ncr-builder-bank-loan-fraud-nexus-supreme-court-asks-delhi-magistrate-to-proceed-after-considering-cbi-chargesheets-519759,livelaw.in,N/A,"3 hours ago The Supreme Court today ordered the Metropolitan Magistrate, Rouse Avenue Court, Delhi, to proceed with the trial in the charge sheets filed by the CBI in"
2026-01-20 22:29:59,Market Intelligence,Google Custom Search,N/A,CBI registers FIR against Reliance Commercial Finance Ltd. in Bank ...,https://www.bwpoliceworld.com/article/cbi-registers-fir-against-reliance-commercial-finance-ltd-in-bank-of-maharashtra-rs-57-47-crores-case-582976,bwpoliceworld.com,N/A,9 hours ago was declared NPA by the bank in 2020 and also as Fraud in October 2025 for causing wrongful loss of Rs. 57.47 crores to Bank of Maharashtra. CBI stated that
2026-01-20 22:29:59,Market Intelligence,Google Custom Search,N/A,CBI arrests DHFL promoter Kapil Wadhawan and his brother in Yes ...,https://www.nationalheraldindia.com/national/cbi-arrests-dhfl-promoter-kapil-wadhawan-and-his-brother-in-yes-bank-fraud-case,nationalheraldindia.com,N/A,"22 hours ago The CBI had registered a case against Kapil and Dheeraj on March 7 this year based on allegation of fraud against Yes Bank. Rana Kapoor, the then CEO of Yes"
2026-01-20 22:29:59,Market Intelligence,Google Custom Search,N/A,Anil Ambani appears before ED in bank loan 'fraud' linked PMLA case,https://www.taxtmi.com/news?id=51532,taxtmi.com,N/A,"2 hours ago The money laundering case stems from at least two CBI FIRs and reports shared by National Housing Bank, SEBI, National Financial Reporting Authority and"
2026-01-20 22:29:59,Market Intelligence,Google Custom Search,N/A,Directorate of Enforcement: Home,https://enforcementdirectorate.gov.in/,enforcementdirectorate.gov.in,N/A,"7 hours ago What we do · 1. The Prevention of Money Laundering Act, 2002 (PMLA): It is a criminal law enacted to prevent money laundering and to provide for confiscation of"
2026-01-20 22:29:59,Market Intelligence,Google Custom Search,N/A,Ahmedabad: ED attaches properties worth Rs 4.6cr in bank fraud case,https://timesofindia.indiatimes.com/city/ahmedabad/ahmedabad-ed-attaches-properties-worth-rs-4-6cr-in-bank-fraud-case/articleshow/126710872.cms,timesofindia.indiatimes.com,N/A,19 hours ago The properties were in the name of Prem Devi Loonia and Payal Choksey. CBI registered an FIR in May 2018 against M/s Shree Om Fab (Prop. Ranjit Loonia) and
2026-01-20 22:29:59,Market Intelligence,Google Custom Search,N/A,"25-Year-Old Fraud Case Solved, CBI Court Sentences Two Former ...",https://www.msn.com/en-in/news/other/25-year-old-fraud-case-solved-cbi-court-sentences-two-former-officials-of-the-oriental-bank-of-commerce-to-two-years-in-jail/ar-AA1OI3Fo?apiversion=v2&domshim=1&noservercache=1&noservertelemetry=1&batchservertelemetry=1&renderwebcomponents=1&wcseo=1,msn.com,N/A,21 hours ago Mumbai: A special CBI court here has sentenced five persons including two former officials of the Oriental Bank of Commerce (OBC) to two years in jail in a
2026-01-20 22:29:59,Market Intelligence,Google Custom Search,N/A,"Court closes ₹67 cr loan fraud case against BJP leader, his firm ...",https://www.reddit.com/r/india/comments/1qhv5qd/court_closes_67_cr_loan_fraud_case_against_bjp/,reddit.com,N/A,"9 hours ago The case was linked to an alleged ₹67.22 crore loan default. According to the CBI complaint, Avyaan had obtained a ₹60 crore credit facility from Bank of India"
2026-01-20 22:29:59,Market Intelligence,Google Custom Search,N/A,Who is Mehul Choksi? | PNB Scam Case,https://www.business-standard.com/about/who-is-mehul-choksi,business-standard.com,N/A,10 hours ago CBI court stays loan fraud case proceedings against Choksi till August 8 bank fraud. He faces extradition on money laundering charges. Image. Updated On
2026-01-20 22:29:59,Market Intelligence,Google Custom Search,N/A,"Court closes ₹67 cr loan fraud case against BJP leader, his firm ...",https://www.hindustantimes.com/cities/mumbai-news/court-closes-67-cr-loan-fraud-case-against-bjp-leader-his-firm-and-codirectors-101768848265686.html,hindustantimes.com,N/A,"18 hours ago According to the CBI complaint, the private company had obtained a ₹60 crore credit facility from Bank of India for export purposes, but failed repay any"
2026-01-20 22:29:59,Market Intelligence,Google Custom Search,N/A,Bank of America customers impacted by data breach through Infosys ...,https://www.fintechfutures.com/data-privacy-security/bank-of-america-customers-impacted-by-data-breach-through-infosys-mccamish-systems-hack,fintechfutures.com,N/A,"13 hours ago Bank of America has warned its customers of a data breach following a security incident experienced by the bank's partner, the Indian digital services provider"
2026-01-20 22:29:59,Market Intelligence,Google Custom Search,N/A,Who's Hacked? Latest Data Breaches And Cyberattacks,https://cybersecurityventures.com/intrusion-daily-cyber-threat-alert/,cybersecurityventures.com,N/A,6 hours ago banks and credit unions of a data breach after ransomware attack. Fintech company Marquis is notifying dozens of U.S. banks and credit unions that they had
2026-01-20 22:29:59,Market Intelligence,Google Custom Search,N/A,"DataBreachToday: Data breach detection, prevention and notification",https://www.databreachtoday.com/,databreachtoday.com,N/A,"10 hours ago DataBreachToday.com is a multimedia website providing news, insights and education on data breach detection, notification and prevention."
2026-01-20 22:29:59,Market Intelligence,Google Custom Search,N/A,Pre-Bid Response_Analytical_Layer_RFP.xlsx,https://sbi.bank.in/documents/39129/44054854/Annexure-B-Pre-Bid+Response_Analytical_Layer_RFP+%284%29.pdf/e11e43af-c3ac-4a41-f6a8-5ab3e5dc928a?t=1768891906849,sbi.bank.in,N/A,"9 hours ago The platform, offered to SBI in this RFP will undergo VAPT annually as per our SOP, is bank looking for addition cycle of VAPT. As per Bank's applicable"
2026-01-20 22:29:59,Market Intelligence,Google Custom Search,N/A,Aadhaar Misuse: Financial & Legal Risks,https://paytm.com/blog/aadhaar-card/financial-and-legal-risks-of-aadhaar-misuse/,paytm.com,N/A,"5 hours ago data might experience a security breach, exposing your information to criminals. Reserve Bank of India (RBI): The RBI regulates banks and financial"
2026-01-20 22:29:59,Market Intelligence,Google Custom Search,N/A,PayPal - Wikipedia,https://en.wikipedia.org/wiki/PayPal,en.wikipedia.org,N/A,"2 hours ago PayPal Holdings, Inc. is an American multinational financial technology company operating an online payments system in the majority of countries that"
2026-01-20 22:29:59,Market Intelligence,Google Custom Search,N/A,Bengaluru Bank Data Leak: ICICI Staff Booked Over Privacy Breach,https://www.deccanherald.com/india/karnataka/bengaluru/bengaluru-woman-approaches-police-after-bank-staff-leak-account-details-to-estranged-husband-3867853,deccanherald.com,N/A,22 hours ago Bengaluru News: Police book ICICI Bank staff after a woman alleges her account details were illegally accessed and shared with her estranged husband without
2026-01-20 22:29:59,Market Intelligence,Google Custom Search,N/A,"Embassy of India, Poland",https://www.indianembassywarsaw.gov.in/,indianembassywarsaw.gov.in,N/A,"4 hours ago Bartoszewski, Secretary of State in the Ministry of Foreign Affairs of Poland and HE Ms Nagma M Mallick, Ambassador of India to Poland at Warsaw Chopin Airport,"
2026-01-20 22:29:59,Market Intelligence,Google Custom Search,N/A,UNION BANK OF INDIA,https://www.unionbankofindia.bank.in/TenderFiles/electrification%20work.pdf,unionbankofindia.bank.in,N/A,19 hours ago 48 Earnest Money Deposit of successful tenderer shall be treated as security deposit. The contractor should pay this amount to the Bank by DD or PO at the time
2026-01-20 22:29:59,Market Intelligence,Google Custom Search,N/A,India Inx-India International Exchange IFSC Ltd.,https://www.indiainx.com/,indiainx.com,N/A,13 hours ago India International Exchange (IFSC) Limited (India INX) - India's first international exchange in International Financial Services Centre (IFSC) located at
2026-01-20 22:29:59,Market Intelligence,Google Custom Search,N/A,Who's Hacked? Latest Data Breaches And Cyberattacks,https://cybersecurityventures.com/intrusion-daily-cyber-threat-alert/,cybersecurityventures.com,N/A,"6 hours ago ransomware attack. The hackers behind the attack have issued Kyowon with an extortion demand, reported The Asia Business Daily. There are concerns that a"
2026-01-20 22:29:59,Market Intelligence,Google Custom Search,N/A,Types of cyber attacks every company should know about,https://www.pazcare.com/blog/types-of-cyber-attacks-every-company-should-know-about,pazcare.com,N/A,"24 hours ago Common cyber attacks in India include phishing, ransomware, malware, Denial Cyber insurance does not prevent attacks but mitigates financial impact"
2026-01-20 22:29:59,Market Intelligence,Google Custom Search,N/A,Ministry of Finance Year Ender 2025 Department of Economic Affairs,https://www.pib.gov.in/PressReleseDetailm.aspx?PRID=2215423,pib.gov.in,N/A,"13 hours ago India underwent its third Financial Sector Assessment Programme (FSAP) ransomware, payment frauds, and supply-chain attacks, and issued periodic"
2026-01-20 22:29:59,Market Intelligence,Google Custom Search,N/A,DBS: Trusted as the World's Best Bank | DBS Bank,https://www.dbs.com/,dbs.com,N/A,10 hours ago 07 Jan 2026. DBS Bank India extends INR 670 crore sustainability-linked trade facility to Indorama India Seoul Finance Center Building 84-1 1-ka
2026-01-20 22:29:59,Market Intelligence,Google Custom Search,N/A,Ransomware.live,https://www.ransomware.live/,ransomware.live,N/A,"5 hours ago ransomware attacks. Groups. 313. Victims. 25,024. This year. 378. This month. 378. This page displays the 100 most recent victim disclosures attributed to"
2026-01-20 22:29:59,Market Intelligence,Google Custom Search,N/A,"ICLG: Legal Guides, Business Reports and Events",https://iclg.com/,iclg.com,N/A,9 hours ago The International Comparative Legal Guides provide current and practical comparative legal information on several jurisdictions in a Q&A format.
2026-01-20 22:29:59,Market Intelligence,Google Custom Search,N/A,Training Programme,https://www.cii.in/Events.aspx?enc=5Qj31akIlo6Y7nuU38ndAv0e2tzdGabIAHEu8jY8LFNac8gVOUzNaiSVgCM8Nhag,cii.in,N/A,"5 hours ago 15. Secure your Asset- Strategies for Industries & Institutions to defend cyber attacks and Ransomware Indore. 28 Jan 2026, Indore, shubham.chaturvedi@cii.in"
2026-01-20 22:29:59,Market Intelligence,Google Custom Search,N/A,Ingram Micro Confirms Ransomware Attack Compromised Data,https://www.varindia.com/news/ingram-micro-confirms-ransomware-attack-compromised-data-of-42-500-employees,varindia.com,N/A,"8 hours ago With daily revenues of approximately $190 million, even brief disruptions carried substantial financial costs. 12 Made-in-India Foundation Models Powering"
2026-01-20 22:29:59,Market Intelligence,Google Custom Search,N/A,The Hacker News | #1 Trusted Source for Cybersecurity News,https://thehackernews.com/,thehackernews.com,N/A,"3 hours ago The Hacker News is the top cybersecurity news platform, delivering real-time updates, threat intelligence, data breach reports, expert analysis,"
2026-01-20 22:29:59,Market Intelligence,Google Custom Search,N/A,What is Cyber Resilience? | IBM,https://www.ibm.com/think/topics/cyber-resilience,ibm.com,N/A,9 hours ago Financial loss from successful attacks might lead to a loss of ransomware attacks. Continuous monitoring platforms: These solutions provide
2026-01-20 22:29:59,Market Intelligence,Google Custom Search,N/A,PB Fintech Limited (543390) Gets Regulatory Approval - SFAC India,http://sfacindia.com/key-takeaways/PB-Fintech-Limited-(543390)-Gets-Regulatory-Approval,sfacindia.com,N/A,"22 hours ago 【Investor Updates】✌️ Our platform offers transparency and real-time tracking, so you know exactly when to buy, hold, or sell stocks primed for explosive"
2026-01-20 22:29:59,Market Intelligence,Google Custom Search,N/A,Reserve Bank of India lifts ban on Mastercard onboarding new ...,https://www.fintechfutures.com/bankingtech/reserve-bank-of-india-lifts-ban-on-mastercard-onboarding-new-customers,fintechfutures.com,N/A,"11 hours ago “We are glad we have met this milestone and will continue to ensure ongoing delivery against the goals and regulatory requirements that have been established,”"
2026-01-20 22:29:59,Market Intelligence,Google Custom Search,N/A,KPMG in India | Home,https://kpmg.com/in/en.html,kpmg.com,N/A,"6 hours ago KPMG in India is one of the leading providers of risk, financial services and business advisory, internal audit, corporate governance."
2026-01-20 22:29:59,Market Intelligence,Google Custom Search,N/A,"ICLG: Legal Guides, Business Reports and Events",https://iclg.com/,iclg.com,N/A,9 hours ago The International Comparative Legal Guides provide current and practical comparative legal information on several jurisdictions in a Q&A format.
2026-01-20 22:29:59,Market Intelligence,Google Custom Search,N/A,How AI Impacts India's FinTech Growth and Opportunities for ...,https://www.bennett.edu.in/media-center/blog/role-of-ai-in-the-exponential-growth-of-the-fintech-industry-in-india/,bennett.edu.in,N/A,"23 hours ago Find out how AI is transforming the FinTech space in India, and learn about Bennett University's BTech CSE in Mobile Technologies, which prepares students"
2026-01-20 22:29:59,Market Intelligence,Google Custom Search,N/A,FinTech Australia,https://www.fintechaustralia.org.au/,fintechaustralia.org.au,N/A,"18 hours ago FinTech Australia is here to grow and support the creation, development, and adoption of financial technology across the economy."
2026-01-20 22:29:59,Market Intelligence,Google Custom Search,N/A,Foreign Direct Investment in India | FDI Trends & Insights,https://www.ibef.org/economy/foreign-direct-investment,ibef.org,N/A,"16 hours ago Sustained investor interest, supportive regulatory signals, and Bengaluru's leadership in fundraising continue to strengthen FDI flows into India's fintech"
2026-01-20 22:29:59,Market Intelligence,Google Custom Search,N/A,India AI Impact Summit 2026,https://impact.indiaai.gov.in/home/pre-summit-events,impact.indiaai.gov.in,N/A,"5 hours ago Through focused plenary sessions on economic growth, safe and trusted AI, human capital, and regulation, it translated debate into action. A closed-door"
2026-01-20 22:29:59,Market Intelligence,Google Custom Search,N/A,India Digital Public Infrastructure: Union Budget 2026 Expectations,https://www.india-briefing.com/news/union-budget-2026-digital-public-infrastructure-technology-sector-wishlist-41961.html/,india-briefing.com,N/A,"9 hours ago For fintech and SaaS companies, clarity around data governance, cross-border taxation, and regulatory harmonization will be critical to maintaining investor"
2026-01-20 22:29:59,Market Intelligence,Google Custom Search,N/A,"Moody's - credit ratings, research, and data for global capital markets",https://www.moodys.com/,moodys.com,N/A,"6 hours ago Moody's CreditView is our flagship solution for global capital markets that incorporates credit ratings, research and data from Moody's Investors Service"
2026-01-20 22:29:59,Market Intelligence,Google Custom Search,N/A,The Truth About Gold Returns: Jewellery vs ETFs vs SGBs ...,https://www.lendenclub.com/blog/gold-vs-sgb-vs-etfs/,lendenclub.com,N/A,10 hours ago LenDenClub is India's largest peer to peer lending platform which started operations in India in 2015. *P2P lending is subject to risks. And lending
2026-01-20 22:29:59,Market Intelligence,Google Custom Search,N/A,"Survey on Peer-to-Peer (P2P) Lending in India(Above 18, any ...",https://www.reddit.com/r/SampleSize/comments/1qhvfjk/survey_on_peertopeer_p2p_lending_in_indiaabove_18/,reddit.com,N/A,9 hours ago Hi! I'm a postgraduate student conducting a 5-minute academic survey on P2P lending in India. It's anonymous and open to anyone 18+. Survey link…
2026-01-20 22:29:59,Market Intelligence,Google Custom Search,N/A,Administrative Procurement,https://www.worldbank.org/en/about/corporate-procurement/business-opportunities/administrative-procurement,worldbank.org,N/A,"16 hours ago RFxNow 2020524 - "" Market Assessment of Asset Based Financing in South Africa & Collateral Registry Feasibility Study "", 0002020524, January 19,2026 ; RFxNow"
2026-01-20 22:29:59,Market Intelligence,Google Custom Search,N/A,Defence Mutual Funds 2026: Should You Invest Amid Tensions?,https://www.bonvista.in/blog/investing-defence-sector-mutual-funds-2026,bonvista.in,N/A,"10 hours ago Is the Defence Sector a Smart Investment in 2026? Mutual Funds, Risks, and Global Trends Explained."
2026-01-20 22:29:59,Market Intelligence,Google Custom Search,N/A,ICRA Public Finance Ratings,https://www.icra.in/Rating/RatingCategory?RatingType=CR&RatingCategoryId=4,icra.in,N/A,"2 hours ago Besides, ICRA's temporal and peer group analysis of State finances covers quality and stability of revenues, expenditure management, analysis of debt"
2026-01-20 22:29:59,Market Intelligence,Google Custom Search,N/A,SKM Egg Products Export (India) Peer Comparison & Competitor ...,https://choiceindia.com/stocks/skm-egg-products-export-india-ltd-peer-comparison,choiceindia.com,N/A,"6 hours ago *Investments in securities market are subject to market risks, read all the related documents carefully before investing. 2. In addition to client based"
2026-01-20 22:29:59,Market Intelligence,Google Custom Search,N/A,Peer To Peer Lending And Equity Crowdfunding A Guide To The ...,https://innotech.kiet.edu/vdifferentiatec/snarrowb/014642/7B23R76/peer__to__peer__lending-and__equity__crowdfunding-a-guide_to-the__new_capital_markets-for__job__creators_investors_and-entrepreneurs.pdf,innotech.kiet.edu,N/A,14 hours ago policy proposals. Does not meet WP:NCORP. Lack of in-depth independent cove… Note: This discussion has been included in the list of India-related deletion
2026-01-20 22:29:59,Market Intelligence,Google Custom Search,N/A,Zoomcar Delivers Record Contribution Profit and Revenue ...,https://www.prnewswire.com/news-releases/zoomcar-delivers-record-contribution-profit-and-revenue-efficiency-in-december-2025-preliminary-302665464.html,prnewswire.com,N/A,"3 hours ago PRNewswire/ -- Zoomcar Holdings, Inc. (OTCQB: ZCAR), the leading peer-to-peer self-drive car-sharing marketplace in India, announces select operating and"
2026-01-20 22:29:59,Market Intelligence,Google Custom Search,N/A,RIR Power Electronics Peer Comparison & Competitor Insights ...,https://choiceindia.com/stocks/rir-power-electronics-ltd-peer-comparison,choiceindia.com,N/A,19 hours ago 022-67079999- Ext-834. Email- ig@choiceindia.com. Research Disclaimer: Investment in the securities market is subject to market risks. Read all the related
2026-01-20 22:29:59,Market Intelligence,Google Custom Search,N/A,ESIWA+: Enhancing the European Union's Security Cooperation In ...,https://www.expertisefrance.fr/en/projects/esiwa-enhancing-european-unions-security-cooperation-and-asia-and-indo-pacific,expertisefrance.fr,N/A,"5 hours ago Country and region. South Korea, India, Indonesia, Japan, Malaysia peer-to-peer exchange, promoted cooperation based on converging interests"
2026-01-20 22:29:59,Market Intelligence,Google Custom Search,N/A,"The Economic Times: Business News Live, Share Market News ...",https://m.economictimes.com/,m.economictimes.com,N/A,"3 hours ago Business news today: Read India Business News Live. Latest Business news and updates on Finance, share market, IPO, and economy. Discover Business News"
2026-01-20 22:29:59,Market Intelligence,Google Custom Search,N/A,European Central Bank,https://www.ecb.europa.eu/,ecb.europa.eu,N/A,2 hours ago The European Central Bank (ECB) is the central bank of the European Union countries which have adopted the euro. Our main task is to maintain price
2026-01-20 22:29:59,Market Intelligence,Google Custom Search,N/A,Reserve Bank of India lifts ban on Mastercard onboarding new ...,https://www.fintechfutures.com/bankingtech/reserve-bank-of-india-lifts-ban-on-mastercard-onboarding-new-customers,fintechfutures.com,N/A,11 hours ago Nominations for the Banking Tech Awards USA 2026 are open. Nominations are open until February 6! · You May Also Like · Latest News.
2026-01-20 22:29:59,Market Intelligence,Google Custom Search,N/A,SEBI | News List All,https://www.sebi.gov.in/sebiweb/home/HomeAction.do?doListingAll=yes,sebi.gov.in,N/A,4 hours ago News Listing. Search ▽. Search. Date : To. Department. -- All Department Order in the matter of Biowin Pharma (India) Ltd. (in
2026-01-20 22:29:59,Market Intelligence,Google Custom Search,N/A,"Bitcoin (BTC) Price, Real-time Quote & News - Google Finance",https://www.google.com/finance/quote/BTC-INR,google.com,N/A,"3 hours ago Get the latest Bitcoin (BTC / INR) real-time quote, historical performance, charts, and other cryptocurrency information to help you make more informed"
2026-01-20 22:29:59,Market Intelligence,Google Custom Search,N/A,DBS: Trusted as the World's Best Bank | DBS Bank,https://www.dbs.com/,dbs.com,N/A,10 hours ago News. The latest on DBS. DBS/POSB doubles down 07 Jan 2026. DBS Bank India extends INR 670 crore sustainability-linked trade facility to Indorama India.
2026-01-20 22:29:59,Market Intelligence,Google Custom Search,N/A,Check Crypto Price News Today & Latest Crypto Coins Updates | ET ...,https://economictimes.indiatimes.com/markets/cryptocurrency,economictimes.indiatimes.com,N/A,"7 hours ago Crypto Prices Today LIVE (20 January 2026): Read Crypto Market Today news, Crypto coins price chart on The ET Markets. Get Crypto coins: bitcoin, Ethereum,"
2026-01-20 22:29:59,Market Intelligence,Google Custom Search,N/A,Ethereum,https://www.reddit.com/r/ethereum/,reddit.com,N/A,"5 hours ago Use this thread to discuss Ethereum topics, news, events, and even price! Price discussion posted elsewhere in the subreddit will continue to be removed."
2026-01-20 22:29:59,Market Intelligence,Google Custom Search,N/A,Fortune - Fortune 500 Daily & Breaking Business News | Fortune,https://fortune.com/,fortune.com,N/A,"6 hours ago Unrivaled access, premier storytelling, and the best of business since 1930."
2026-01-20 22:29:59,Market Intelligence,Google Custom Search,N/A,CourtKutchehry Blog | Latest Legal News & Analysis,https://www.courtkutchehry.com/pages/blog/?tag=PMLA,courtkutchehry.com,N/A,"13 hours ago Crypto exchanges in India operate under PMLA with strict KYC and FIU rules, but lack of a dedicated crypto law continues to create regulatory uncertainty."
2026-01-20 22:29:59,Market Intelligence,Google Custom Search,N/A,Crisis in Venezuela - Wikipedia,https://en.wikipedia.org/wiki/Crisis_in_Venezuela,en.wikipedia.org,N/A,"5 hours ago An ongoing socioeconomic and political crisis began in · It is the worst economic crisis in Venezuela's history, and the worst facing a country in peacetime"
2026-01-20 22:29:59,Market Intelligence,Google Custom Search,N/A,Partners | World Economic Forum,https://www.weforum.org/partners/,weforum.org,N/A,5 hours ago World Economic Forum Partners are leading global companies developing solutions to the world's greatest challenges. They are the driving force behind the
2026-01-20 22:29:59,Market Intelligence,Google Custom Search,N/A,Trump's army of farmers | Euractiv,https://www.euractiv.com/opinion/trumps-army-of-farmers/,euractiv.com,N/A,"8 hours ago Will the European Parliament be prepared to vote in favour without Argentina, the second Mercosur economy? The EU side cannot under the agreement reduce its"
2026-01-20 22:29:59,Market Intelligence,Google Custom Search,N/A,Economy of Iran - Wikipedia,https://en.wikipedia.org/wiki/Economy_of_Iran,en.wikipedia.org,N/A,"7 hours ago Nevertheless, since 2024 Iran has been suffering from an energy crisis, and a wider economic crisis, which has led to massive protests erupting in late 2025."
2026-01-20 22:29:59,Market Intelligence,Google Custom Search,N/A,"EU-Mercosur trade deal - World news, culture and opinion",https://www.lemonde.fr/en/eu-mercosur-trade-deal/,lemonde.fr,N/A,"3 hours ago economic impact. Its implementation is set to be very gradual, while Farmer anger spreads in protests from southern France to Brussels. The"
2026-01-20 22:29:59,Market Intelligence,Google Custom Search,N/A,Our work - Greenpeace European Unit,https://www.greenpeace.org/eu-unit/our-work/,greenpeace.org,N/A,"9 hours ago economies in the world, with environmental and social impacts far beyond Industrial farming has a huge impact on the climate, the local environment…"
2026-01-20 22:29:59,Market Intelligence,Google Custom Search,N/A,"Economy - World news, culture and opinion",https://www.lemonde.fr/en/economy/,lemonde.fr,N/A,"3 hours ago economic impact. Its implementation is set to be very gradual, while Farmers park tractors in Paris to protest EU-Mercosur trade deal. In a show"
2026-01-20 22:29:59,Market Intelligence,Google Custom Search,N/A,Global economy | The Guardian,https://www.theguardian.com/business/global-economy,theguardian.com,N/A,3 hours ago Economics · Banking · Money · Markets · Project Syndicate · B2B · Retail. Global economy farmers stage protest in Paris to oppose EU-Mercosur trade deal.
2026-01-20 22:29:59,Market Intelligence,Google Custom Search,N/A,Global Policy Journal: Home,https://www.globalpolicyjournal.com/,globalpolicyjournal.com,N/A,"14 hours ago The farmers' protests sweeping across Europe during the early month… The digital economy, e-sports and entertainment are driving huge economic… Read"
2026-01-20 22:29:59,Market Intelligence,Google Custom Search,N/A,Latest News on Odisha Bus Strike - Times of India,https://timesofindia.indiatimes.com/topic/odisha-bus-strike/news,timesofindia.indiatimes.com,N/A,8 hours ago Check out for the latest news on odisha bus strike along with odisha bus strike live news at Times of India.
2026-01-20 22:29:59,Market Intelligence,Google Custom Search,N/A,Indian Navy - Wikipedia,https://en.wikipedia.org/wiki/Indian_Navy,en.wikipedia.org,N/A,"6 hours ago After the strike began, the sailors received encouragement and support from the Communist Party in India; unrest spread from the naval ships, and led to student"
2026-01-20 22:29:59,Market Intelligence,Google Custom Search,N/A,Transport News | Latest News on Transport - Times of India,https://timesofindia.indiatimes.com/topic/transport/news,timesofindia.indiatimes.com,N/A,13 hours ago Check out for the latest news on transport along with transport live news at Times of India. Article image for: Pvt bus operators plan Jan 24 strike against
2026-01-20 22:29:59,Market Intelligence,Google Custom Search,N/A,Wave of Regional Transport Strikes on 16 January Paralyse Public ...,https://www.visahq.com/news/2026-01-19/it/wave-of-regional-transport-strikes-on-16-january-paralyse-public-transit-complicate-corporate-travel/,visahq.com,N/A,"20 hours ago Simultaneous local transport strikes on 16 January crippled public transit in ten Italian regions, with the after-action report published on 19 January"
2026-01-20 22:29:59,Market Intelligence,Google Custom Search,N/A,Dassault Rafale - Wikipedia,https://en.wikipedia.org/wiki/Dassault_Rafale,en.wikipedia.org,N/A,"6 hours ago The Dassault Rafale is a French twin-engine, canard delta wing, multirole fighter aircraft designed and built by Dassault Aviation. Equipped with a wide"
2026-01-20 22:29:59,Market Intelligence,Google Custom Search,N/A,French MPs Endorse 30-Day Annual Ceiling on Transport Strikes,https://www.visahq.com/news/2026-01-19/fr/french-mps-endorse-30-day-annual-ceiling-on-transport-strikes/,visahq.com,N/A,19 hours ago France's lower-house law committee has backed a bill that would limit public-sector transport strikes to 30 days a year and protect peak travel periods.
2026-01-20 22:29:59,Market Intelligence,Google Custom Search,N/A,'Israel Will Act With A Force It Has Not Seen': Netanyahu Warns Iran,https://www.ndtv.com/world-news/israels-unprecedented-attack-warning-to-iran-as-us-ships-arms-to-west-asia-10789182,ndtv.com,N/A,"14 hours ago Israeli Prime Minister Benjamin Netanyahu has warned Iran of an ""attack of unprecedented force"" if Tehran were to strike Israel amid regional tensions."
2026-01-20 22:29:59,Market Intelligence,Google Custom Search,N/A,News - BSNL Employees Union,https://www.bsnleu.in/page/news,bsnleu.in,N/A,4 hours ago Strike on 12th February 2026 a grand success. The Central Secretariat also endorsed the resolution adopted at the Central Trade Union Convention held on
2026-01-20 22:29:59,Market Intelligence,Google Custom Search,N/A,myKN News,https://mykn.kuehne-nagel.com/news/,mykn.kuehne-nagel.com,N/A,20 hours ago India launches major incentives to boost shipyard capacity · PSA International handles 105m teu globally in 2025. 14 Jan 2026 · Sea news. PSA International
2026-01-20 22:29:59,Market Intelligence,Google Custom Search,N/A,Exim India,https://eximin.net/,eximin.net,N/A,7 hours ago The Daily EXIM Newsletter · CTL-BHP 2026 · EXIM India Digital Copy includes all latest news & insights coverage you need.
2026-01-20 22:29:59,Market Intelligence,Google Custom Search,N/A,Administrative Procurement,https://www.worldbank.org/en/about/corporate-procurement/business-opportunities/administrative-procurement,worldbank.org,N/A,"16 hours ago Business Opportunities. Current RFxNow 2020535 - ""Impact Case Evaluation: PEFA Assessment Reports in supporting public financial management """
2026-01-20 22:29:59,Market Intelligence,Google Custom Search,N/A,Environmental & Climate News | Reuters,https://www.reuters.com/business/environment/,reuters.com,N/A,"5 hours ago Up next · Antarctic warming speeds up penguin breeding, study finds · Over 100 vehicles collide in Michigan highway pileup · Mozambique floods displace thousands,"
2026-01-20 22:29:59,Market Intelligence,Google Custom Search,N/A,UNITED SIKHS – Recognize Human Race as One | Make an Impact ...,https://unitedsikhs.org/,unitedsikhs.org,N/A,"19 hours ago PANJAB FLOODS Salvaging Lives and Livelihoods. In the aftermath of the devastating floods in Panjab, our humanitarian relief efforts have entered a new phase"
2026-01-20 22:29:59,Market Intelligence,Google Custom Search,N/A,Environmental and engineering solutions,https://rskgroup.com/,rskgroup.com,N/A,"4 hours ago RSK has grown into a leading integrated environmental, engineering and technical services business, providing end-to-end services."
2026-01-20 22:29:59,Market Intelligence,Google Custom Search,N/A,Navigating and Mapping Crisis: Rapid Psychosocial Needs ...,https://link.springer.com/chapter/10.1007/978-3-032-02511-1_13,link.springer.com,N/A,"8 hours ago Flooding in metropolitan settings may be exceedingly devastating and expensive, affecting structures, residences, and businesses. Floods in India. India is"
2026-01-20 22:29:59,Market Intelligence,Google Custom Search,N/A,India AI Impact Summit 2026,https://impact.indiaai.gov.in/home/pre-summit-events,impact.indiaai.gov.in,N/A,"2 hours ago Generative AI: From Business to Human Impact This side event, organised by UN OHCHR during the Annual Business and Human Rights Forum, highlighted India's"
2026-01-20 22:29:59,Market Intelligence,Google Custom Search,N/A,"Moody's - credit ratings, research, and data for global capital markets",https://www.moodys.com/,moodys.com,N/A,"6 hours ago Moody's CreditView is our flagship solution for global capital markets that incorporates credit ratings, research and data from Moody's Investors Service"
2026-01-20 22:29:59,Market Intelligence,Google Custom Search,N/A,OECD: The Organisation for Economic Co-operation and ...,https://www.oecd.org/,oecd.org,N/A,"3 hours ago Employment; Environment; Finance and investment; Governance; Health; Industry, business and entrepreneurship; Regional, rural and urban development; Science"
2026-01-20 22:29:59,Market Intelligence,Google Custom Search,N/A,Chartered Association of Business Schools: Home,https://charteredabs.org/,charteredabs.org,N/A,"3 hours ago Chartered Association of Business Schools: Advancing excellence in UK business and management education through advocacy, research, and professional"
2026-01-20 22:29:59,Market Intelligence,Google Custom Search,N/A,NIT Warangal,https://www.nitw.ac.in/,nitw.ac.in,N/A,"6 hours ago Over a period of more than six decades, NIT Warangal has emerged as one of the leading institutions in engineering and technology."
2026-01-20 22:29:59,Market Intelligence,Google Custom Search,N/A,National Current Conditions | Drought.gov,https://www.drought.gov/current-conditions,drought.gov,N/A,"11 hours ago Get the latest U.S. drought conditions. View current precipitation, temperature, and drought maps, as well as streamflow and soil moisture conditions."
2026-01-20 22:29:59,Market Intelligence,Google Custom Search,N/A,International Journal of Climatology - Wiley Online Library,https://rmets.onlinelibrary.wiley.com/journal/10970088,rmets.onlinelibrary.wiley.com,N/A,"17 hours ago Our climate journal stimulates and reports research in climatology, from the expansive fields of the atmospheric, biophysical, engineering and social sciences."
2026-01-20 22:29:59,Market Intelligence,Google Custom Search,N/A,Assessment of hydrological drought vulnerability using SPI and SWI ...,https://www.nature.com/articles/s41598-026-36100-5,nature.com,N/A,10 hours ago Impact of climate change on Indian agriculture: A review. Clim. Change Spatio-temporal drought assessment in India using multi-scalar drought indices.
2026-01-20 22:29:59,Market Intelligence,Google Custom Search,N/A,Global Change Biology | Environmental Change Journal | Wiley ...,https://onlinelibrary.wiley.com/journal/13652486,onlinelibrary.wiley.com,N/A,"9 hours ago He truly believed in its mission and relished its impact on policy and public awareness. in temperate regions, but not around equatorial areas. The"
2026-01-20 22:29:59,Market Intelligence,Google Custom Search,N/A,India Meteorological Department: IMD Mausam,https://mausam.imd.gov.in/,mausam.imd.gov.in,N/A,"3 hours ago Official India Meteorological Department (IMD) website. Get accurate weather forecasts, cyclone alerts, radar images, and current conditions for all Indian"
2026-01-20 22:29:59,Market Intelligence,Google Custom Search,N/A,In Vitro Screening of Potato Cultivars (Solanum tuberosum L.) for the ...,https://link.springer.com/article/10.1007/s11540-025-09948-9,link.springer.com,N/A,"11 hours ago Potato (Solanum tuberosum L.) production is significantly impacted by drought stress. In light of increasing food demand, it is imperative to identify pota."
2026-01-20 22:29:59,Market Intelligence,Google Custom Search,N/A,Climatic Drivers of Teak (Tectona grandis) Radial Growth with ...,https://www.mdpi.com/2571-550X/9/1/8,mdpi.com,N/A,6 hours ago Studies have been carried out in India to understand the impact of in shaping drought patterns in central India. Rainfall deficits during the
2026-01-20 22:29:59,Market Intelligence,Google Custom Search,N/A,Home | Theoretical and Applied Climatology | Springer Nature Link,https://link.springer.com/journal/704,link.springer.com,N/A,"13 hours ago Theoretical and Applied Climatology offers the latest and most significant developments from worldwide studies in climate, atmosphere and meteorology."
2026-01-20 22:29:59,Market Intelligence,Google Custom Search,N/A,Earth and Space Science - Wiley Online Library,https://agupubs.onlinelibrary.wiley.com/journal/23335084,agupubs.onlinelibrary.wiley.com,N/A,23 hours ago Journal Metrics · 5.5CiteScore · 2.6Journal Impact Factor · 55%Acceptance rate · 51 days Submission to first decision (median).
2026-01-20 22:29:59,Market Intelligence,Google Custom Search,N/A,India Water Portal,https://www.indiawaterportal.org/,indiawaterportal.org,N/A,"5 hours ago Explore water conservation, management, and sustainability on India Water Portal. Join us in safeguarding India's precious water resources."
2026-01-20 22:29:59,Market Intelligence,Google Custom Search,N/A,Steel - Price - Chart - Historical Data - News,https://tradingeconomics.com/commodity/steel,tradingeconomics.com,N/A,"3 hours ago India, Russia and South Korea. The steel prices displayed in Trading Economics are based on over-the-counter (OTC) and contract for difference (CFD)"
2026-01-20 22:29:59,Market Intelligence,Google Custom Search,N/A,India must seize growth opportunities amid global headwinds: RBI ...,https://ddnews.gov.in/en/india-must-seize-growth-opportunities-amid-global-headwinds-rbi-governor/,ddnews.gov.in,N/A,5 hours ago global economic slowdown and geopolitical challenges. “We are now at a critical juncture as we navigate a choppy global environment characterised by
2026-01-20 22:29:59,Market Intelligence,Google Custom Search,N/A,Indian students turn away from US as visas dry up under Trump ...,https://m.economictimes.com/nri/study/indian-students-turn-away-from-us-as-visas-dry-up-under-trump/articleshow/126761020.cms,m.economictimes.com,N/A,"11 hours ago This decline reflects a broader global slowdown in international student numbers, impacting university finances as foreign students often pay full tuition."
2026-01-20 22:29:59,Market Intelligence,Google Custom Search,N/A,India emerges as preferred investment destination despite global ...,https://www.fortuneindia.com/business-news/indiaemergesas-preferred-investment-destination-despite-global-slowdown-pwc-ceo-survey/129615,fortuneindia.com,N/A,"4 hours ago India emerges as preferred investment destination despite global slowdown: PwC CEO Survey. Subhojit Sarkar. January 20, 2026, 18:54 IST /3 min read."
2026-01-20 22:29:59,Market Intelligence,Google Custom Search,N/A,Stock market falls sharply as investors turn cautious amid global ...,https://www.ptcnews.tv/amp/nation/stock-market-falls-sharply-as-investors-turn-cautious-amid-global-worries-4420291,ptcnews.tv,N/A,"4 hours ago Asian and European markets also traded weak, offering no support to Indian stocks. Concerns over global economic slowdown and geopolitical tensions weighed"
2026-01-20 22:29:59,Market Intelligence,Google Custom Search,N/A,Economy slowdown: Itna sannata kyun hai bhai? asks Sena ...,http://www.coastaldigest.com/economy-slowdown-itna-sannata-kyun-hai-bhai-asks-sena,coastaldigest.com,N/A,"22 hours ago US President Donald Trump has ""greenlit"" the bipartisan Russia Sanctions Bill, which could be used to penalise Moscow's trading partners, including India"
2026-01-20 22:29:59,Market Intelligence,Google Custom Search,N/A,"The Wire: The Wire News India, Latest News,News from India ...",https://thewire.in/,thewire.in,N/A,"2 hours ago The Wire: The Wire News India, Latest News,News from India, Politics, External Affairs, Science, Economics, Gender and Culture."
2026-01-20 22:29:59,Market Intelligence,Google Custom Search,N/A,"Page 1364 of Policy News: Policy Latest News, Policy Today news ...",https://www.financialexpress.com/policy/page/1364/,financialexpress.com,N/A,"10 hours ago News: Check here latest news and updates about Policy in India indian economy, economy news, economic slowdown, GDP growth rate india 2019, indian"
2026-01-20 22:29:59,Market Intelligence,Google Custom Search,N/A,OECD: The Organisation for Economic Co-operation and ...,https://www.oecd.org/,oecd.org,N/A,"3 hours ago Working with over 100 countries, the OECD is a global policy forum that promotes policies to improve the economic and social well-being of people around the"
2026-01-20 22:29:59,Market Intelligence,Google Custom Search,N/A,IMF Increases India's FY26 Growth Forecast to 7.3% Amid ...,https://cfo.economictimes.indiatimes.com/news/imf-raises-india-fy26-growth-forecast-to-7-3-sees-slower-pace-in-next-two-years/126750379,cfo.economictimes.indiatimes.com,N/A,"14 hours ago By Manoj Kumar NEW DELHI, - The International Monetary Fund raised its forecast ‍for India's economic growth in ​fiscal 2026 by 0.7 percentage points to"
2026-01-20 22:29:59,Market Intelligence,Google Custom Search,N/A,"Ministry of External Affairs, Government of India",https://mea.gov.in/,mea.gov.in,N/A,"12 hours ago Official portal of External Affairs Ministry, Government of India. Find Statements, Interviews, Press Releases, Media Briefings and latest updates of MEA."
2026-01-20 22:29:59,Market Intelligence,Google Custom Search,N/A,India Corporate Law: Cyril Amarchand Blogs,https://corporate.cyrilamarchandblogs.com/,corporate.cyrilamarchandblogs.com,N/A,"8 hours ago Summary: The Board's discretion to dispose of unsubscribed portion of rights issue to non-shareholders was made a bit easier by the Companies Act, 2013,"
2026-01-20 22:29:59,Market Intelligence,Google Custom Search,N/A,OECD: The Organisation for Economic Co-operation and ...,https://www.oecd.org/,oecd.org,N/A,3 hours ago Featured topics; Agriculture and fisheries; Climate change; Development; Digital; Economy; Education and skills; Employment; Environment; Finance and
2026-01-20 22:29:59,Market Intelligence,Google Custom Search,N/A,The Harvard Law School Forum on Corporate Governance | The ...,https://corpgov.law.harvard.edu/,corpgov.law.harvard.edu,N/A,"2 hours ago Few business leaders have experienced the scope, complexity, and combination of issues facing companies today. Disruption, volatility, and uncertainty will"
2026-01-20 22:29:59,Market Intelligence,Google Custom Search,N/A,Home | Department of Investment and Public Asset Management ...,https://dipam.gov.in/,dipam.gov.in,N/A,8 hours ago All matters relating to sale of Central Government equity through offer for sale or private placement or any other mode as well as strategic disinvestment of
2026-01-20 22:29:59,Market Intelligence,Google Custom Search,N/A,"Moody's - credit ratings, research, and data for global capital markets",https://www.moodys.com/,moodys.com,N/A,"6 hours ago Adaptation and resilience investment and good governance can limit exposure. issue such obligations in markets worldwide, including various corporate"
2026-01-20 22:29:59,Market Intelligence,Google Custom Search,N/A,Investor Services | Oil India Limited,https://www.oil-india.com/investor-service,oil-india.com,N/A,9 hours ago Bonus Issues · Closure of Trading Window · Forms · Investor Presentation · Loss of Quarterly Report on Corporate Governance · Reconciliation of Share Capital.
2026-01-20 22:29:59,Market Intelligence,Google Custom Search,N/A,India Business Law Journal,https://law.asia/india/,law.asia,N/A,3 hours ago Unlocking transparency in governance. Greaves Cotton GC writes accountability is key in promoter-run enterprises for better corporate governance. 9 January
2026-01-20 22:29:59,Market Intelligence,Google Custom Search,N/A,"Master of Commerce -ABST Exam. Semester I, II- 2025-26 Semester ...",https://uok.ac.in/syllabus/1586_M.Com.(ABST)%20Semester%20I%20to%20IV.pdf,uok.ac.in,N/A,"24 hours ago issues related to Merger and. Acquisition of Companies, Problems of Demerger. (India),;Common Governance problems notice din various Corporate Failures."
2026-01-20 22:29:59,Market Intelligence,Google Custom Search,N/A,India AI Impact Summit 2026,https://impact.indiaai.gov.in/home/pre-summit-events,impact.indiaai.gov.in,N/A,"5 hours ago The international conference convened academia, industry, government, and start-up ecosystems from India, the US, and Europe to advance research and"
