timestamp,category,subcategory,portfolio,headline,url,source,published_raw,snippet
2026-01-20 00:20:50,Market Intelligence,Google Custom Search,N/A,ICRA An Affiliate of Moody's,https://www.icra.in/,icra.in,N/A,"2 hours ago ICRA rates debt instruments issued by corporate entities, commercial banks, non-banking finance companies, financial institutions, public sector"
2026-01-20 00:20:50,Market Intelligence,Google Custom Search,N/A,Business Opportunities in India: Investment Ideas & Industry Insights ...,https://www.ibef.org/,ibef.org,N/A,"8 hours ago Discover India's economy, business opportunities, investment ideas, and industry research with IBEF – your trusted source for accurate insights. Learn more."
2026-01-20 00:20:50,Market Intelligence,Google Custom Search,N/A,ICRA Public Finance Ratings,https://www.icra.in/Rating/RatingCategory?RatingType=CR&RatingCategoryId=4,icra.in,N/A,7 hours ago ICRA industry research provides unique research offering for 60+ sectors in India wherein 250+ Ratings analysts. Know more. Research Offerings. Banking
2026-01-20 00:20:50,Market Intelligence,Google Custom Search,N/A,Procurement News - SBI In the News,https://sbi.bank.in/web/sbi-in-the-news/procurement-news,sbi.bank.in,N/A,"3 hours ago Location, Tender Description, Start Date, End Date. LHO, LUCKNOW, RBO-III SHAHJAHANPUR: NOTICE FOR HIRING OF PREMISES FOR STATE BANK OF INDIA ,RAUSAR BRANCH"
2026-01-20 00:20:50,Market Intelligence,Google Custom Search,N/A,"PNB E-Auction, Punjab National Bank Auction, Property Auction ...",https://pnb.bank.in/EAuction.aspx,pnb.bank.in,N/A,"5 hours ago RKI India Sale Notice. Publish Date : 10-Jan-2026 07:00 AM End Date :28 Corporate Office: Plot No 4, Sector -10 Dwarka New Delhi -110075. Application"
2026-01-20 00:20:50,Market Intelligence,Google Custom Search,N/A,Sarfaesi And Others - SBI In the News,https://sbi.bank.in/web/sbi-in-the-news/auction-notices/sarfaesi-and-others,sbi.bank.in,N/A,"4 hours ago |. Feedback. Language Selector. हिंदी · Net Banking · Logo of the State Bank of India, featuring a blue and white design with the. Search. Search. null. Toggle"
2026-01-20 00:20:50,Market Intelligence,Google Custom Search,N/A,Apply Now | Careers | Find Banking Jobs – Punjab National Bank,https://pnb.bank.in/recruitments.aspx,pnb.bank.in,N/A,2 hours ago Explore exciting career opportunities at Punjab National Bank. Apply now for banking jobs across India and build a successful future with one of the
2026-01-20 00:20:50,Market Intelligence,Google Custom Search,N/A,"NBFCs : Latest News Headlines, Videos and Photo Galleries on ...",https://www.business-standard.com/topic/nbfcs,business-standard.com,N/A,"1 day ago NBFCs seek lower Sarfaesi limit for debt resolution, better harmonisation. Non-banking financial companies are taken up the matter with the Reserve Bank of"
2026-01-20 00:20:50,Market Intelligence,Google Custom Search,N/A,PNB Tenders | View Latest Tender Notices – Punjab National Bank,https://pnb.bank.in/tender.aspx,pnb.bank.in,N/A,"8 hours ago Browse the latest tender notices from Punjab National Bank. Access procurement opportunities, bid details, submission deadlines, and vendor guidelines"
2026-01-20 00:20:50,Market Intelligence,Google Custom Search,N/A,Namdev Finvest Raises USD $37 Million (approximately INR 324 ...,https://bfsi.eletsonline.com/namdev-finvest-raises-usd-37-million-approximately-inr-324-crores-from-fmo-iix-franklin-templeton-aif-india-and-symbiotics-via-listed-ncd-and-ecb/,bfsi.eletsonline.com,N/A,"12 hours ago National,19th January 2026: Namdev Finvest Private Limited is a Jaipur-based, systemically important non-deposit taking NBFC, focused on enabling"
2026-01-20 00:20:50,Market Intelligence,Google Custom Search,N/A,ICICI Bank - Wikipedia,https://en.wikipedia.org/wiki/ICICI_Bank,en.wikipedia.org,N/A,2 days ago ICICI Bank Limited is an Indian multinational bank and financial services company. headquartered in Mumbai with a registered office in Vadodara.
2026-01-20 00:20:50,Market Intelligence,Google Custom Search,N/A,European Central Bank,https://www.ecb.europa.eu/,ecb.europa.eu,N/A,5 hours ago The European Central Bank (ECB) is the central bank of the European Union countries which have adopted the euro. Our main task is to maintain price
2026-01-20 00:20:50,Market Intelligence,Google Custom Search,N/A,BJP's 'cronyism' caused banking sector crisis: Rahul Gandhi,https://www.nationalheraldindia.com/politics/bjps-cronyism-caused-banking-sector-crisis-rahul-gandhi,nationalheraldindia.com,N/A,"21 hours ago ""The BJP government has written off Rs 16 lakh crore in loans for their billionaire friends. Cronyism, coupled with regulatory mismanagement has pushed India's"
2026-01-20 00:20:50,Market Intelligence,Google Custom Search,N/A,Does every cloud have a silver lining?The effect of digitalization and ...,https://link.springer.com/article/10.1186/s40854-025-00882-w,link.springer.com,N/A,6 hours ago A decade after the banking sector's recovery from the great financial crisis Indian banking industry using data envelope analysis. Glob Bus Rev 15(3):
2026-01-20 00:20:50,Market Intelligence,Google Custom Search,N/A,Why Indian Fintechs Are Struggling & How AI Voice Agents Are ...,https://subverseai.com/blogs/why-indian-fintechs-are-struggling-and-how-ai-voice-agents-are-fixing-it-for-heads-of-collections-loan-recovery-calls-in-2026,subverseai.com,N/A,1 day ago Why Did Loan Recovery Calls Become a Crisis in 2026? What Were the Biggest Loan Recovery Challenges in 2026? How Did the Industry Respond to
2026-01-20 00:20:50,Market Intelligence,Google Custom Search,N/A,Solution Financial Markets And Institutions Mishkin,https://innotech.kiet.edu/wentertainl/hdesignp/39062KY943/32641KY/solution-financial_markets__and_institutions-mishkin.pdf,innotech.kiet.edu,N/A,"2 days ago financial crisis, the post-2008 Irish banking crisis and the post-2008 Irish economic downturn, as Indian Financial System | Lecture. 13 | UGT 6 minutes, 51"
2026-01-20 00:20:50,Market Intelligence,Google Custom Search,N/A,About Us | Integro Fin Corporation,https://www.integrofinserv.com/about-us/,integrofinserv.com,N/A,1 day ago banking system with restored credit scores and renewed financial dignity. in Crisis. India's financial system is burdened by NPA crisis amounting to over ₹
2026-01-20 00:20:50,Market Intelligence,Google Custom Search,N/A,Financial Markets And Institutions 6th Edition,https://innotech.kiet.edu/dconstructv/adesignp/184046/291NQ43375/financial__markets_and_institutions__6th-edition.pdf,innotech.kiet.edu,N/A,"2 days ago The 2008 financial crisis, also known as the global financial financial Markets and Services | Indian financial system (Lecture -1)| AKTU Digital."
2026-01-20 00:20:50,Market Intelligence,Google Custom Search,N/A,Financial Times: Home,https://www.ft.com/,ft.com,N/A,"5 hours ago News, analysis and opinion from the Financial Times on the latest in markets, economics and politics."
2026-01-20 00:20:50,Market Intelligence,Google Custom Search,N/A,Maladies of the Indian Banking Sector: A Critical Perspective ...,https://pentapacific.com/products/maladies-of-the-indian-banking-sector-a-critical-perspective-beyond-npas/201884312/,pentapacific.com,N/A,"1 day ago This book examines bank credit allocation to non-financial companies in India over 28 years, including a micro-level analysis of recent banking scams."
2026-01-20 00:20:50,Market Intelligence,Google Custom Search,N/A,"How to Get RBI Certification: A Complete Guide for Banks, NBFCs ...",https://qualysec.com/rbi-certification/,qualysec.com,N/A,6 hours ago Banks can face financial fraud. 2. Regulatory Enforcement. Failure to comply with RBI cybersecurity guidelines can result in: Cyber; Heavy penalties
2026-01-20 00:20:50,Market Intelligence,Google Custom Search,N/A,Functions of RBI – GKToday,https://www.gktoday.in/reserve-bank-of-india-functions/,gktoday.in,N/A,"1 day ago The Reserve Bank of India (RBI) is the central bank of the country and performs a wide range of functions to ensure monetary stability, financial stability,"
2026-01-20 00:20:50,Market Intelligence,Google Custom Search,N/A,"RBI consolidates 9,000 circulars into 244 Master Directions for ...",https://www.msn.com/en-in/money/topstories/rbi-consolidates-9-000-circulars-into-244-master-directions-for-enhanced-ease-of-doing-business-details-here/ar-AA1RlNa3,msn.com,N/A,"1 day ago The Reserve Bank of India (RBI) on Friday announced the issuance of a comprehensive set of Consolidated Master Directions (MDs), marking one of its most"
2026-01-20 00:20:50,Market Intelligence,Google Custom Search,N/A,Procurement News - SBI In the News,https://sbi.bank.in/web/sbi-in-the-news/procurement-news,sbi.bank.in,N/A,"2 hours ago Location, Tender Description, Start Date, End Date. LHO, LUCKNOW, RBO-III SHAHJAHANPUR: NOTICE FOR HIRING OF PREMISES FOR STATE BANK OF INDIA ,RAUSAR BRANCH"
2026-01-20 00:20:50,Market Intelligence,Google Custom Search,N/A,CAalley.com: Home,https://www.caalley.com/,caalley.com,N/A,"2 hours ago Income Tax Return Forms & eFiling Utilities for AY 2025-26, RBI Master Circulars / Directions for 2025-26, 'Cost of Inflation Index' Table."
2026-01-20 00:20:50,Market Intelligence,Google Custom Search,N/A,Week ending 17th January 2026 - TVS Capital,https://www.tvscapital.in/updates/week-ending-17th-january-2026/,tvscapital.in,N/A,"16 hours ago 2.3 RBI last week strengthens internal grievance redress mechanism – Coverage includes banks, SFBs, Payment Banks, NBFCs but excludes HFCs. RBI's"
2026-01-20 00:20:50,Market Intelligence,Google Custom Search,N/A,RBI proposes linking Brics' digital currencies to cut reliance on US ...,https://www.caalley.com/news-updates/indian-news/rbi-proposes-linking-brics-digital-currencies-to-cut-reliance-on-us-dollar,caalley.com,N/A,"6 hours ago Mumbai / New Delhi, Jan 19, 2026. India will host the summit, which will be held later this year. If the recommendation is accepted, a proposal to link the"
2026-01-20 00:20:50,Market Intelligence,Google Custom Search,N/A,Daily Banking Current Affairs | Shankar Banking Academy,https://www.shankarbankingacademy.com/currentaffairs,shankarbankingacademy.com,N/A,2 hours ago Reserve Bank of India Relaxes Norms for NBFC. Reserve Bank of India Imposes Penalties. Ministry Of Finance Issues Rules. “RBI Talks: Paisa to Policy” Podcast
2026-01-20 00:20:50,Market Intelligence,Google Custom Search,N/A,Latest News about Indian Money and Banking,https://www.moneylife.in/economy-and-nation/money-and-banking,moneylife.in,N/A,"3 hours ago Reserve Bank of India (RBI) has imposed a penalty of ₹1 lakh on Jharkhand-based Pinnacle Capital Solutions Pvt Ltd, a non-banking financial company (NBFC)"
2026-01-20 00:20:50,Market Intelligence,Google Custom Search,N/A,"Finance Ministry : Latest News Headlines, Videos and Photo ...",https://www.business-standard.com/topic/finance-ministry,business-standard.com,N/A,"1 day ago Ensure faster grievance redressal, claims settlement: FinMin to insurers. Financial Services Secretary M Nagaraju on Tuesday asked Public Sector Insurance"
2026-01-20 00:20:50,Market Intelligence,Google Custom Search,N/A,"Ministry of External Affairs, Government of India",https://mea.gov.in/,mea.gov.in,N/A,"5 hours ago Official portal of External Affairs Ministry, Government of India. Find Statements, Interviews, Press Releases, Media Briefings and latest updates of MEA."
2026-01-20 00:20:50,Market Intelligence,Google Custom Search,N/A,Home | Directorate of Enforcement,https://enforcementdirectorate.gov.in/,enforcementdirectorate.gov.in,N/A,"12 hours ago Directorate of Enforcement. Department of Revenue,. Ministry of Finance, Government of India Indian law by remaining outside the jurisdiction of Indian courts"
2026-01-20 00:20:50,Market Intelligence,Google Custom Search,N/A,icegate: Home,https://www.icegate.gov.in/,icegate.gov.in,N/A,1 day ago Indian Customs National Trade Portal 2.0.
2026-01-20 00:20:50,Market Intelligence,Google Custom Search,N/A,Ministry of Social Justice and Empowerment,https://socialjustice.gov.in/,socialjustice.gov.in,N/A,2 hours ago news icon News / Events (What's New) · Major Schemes · Dr. Virendra Kumar · Shri Ramdas Athawale · Shri B. L. Verma · news icon Important Links
2026-01-20 00:20:50,Market Intelligence,Google Custom Search,N/A,Ministry of Civil Aviation: Welcome!,https://www.civilaviation.gov.in/,civilaviation.gov.in,N/A,2 hours ago डीजीसीए. DGCA. 78 · इंडिगो. IndiGo. 49 · एयर इंडिया. Air India. 41 · कतर एयरवेज. Qatar Airways. 27 · अकासा एयर. Akasa Air. 21 · सिक्योरिटी. Security. 21
2026-01-20 00:20:50,Market Intelligence,Google Custom Search,N/A,"Highway builders write to FM, road ministry; seek review of new ...",https://timesofindia.indiatimes.com/india/highway-builders-write-to-fm-road-ministry-seek-review-of-new-arbitration-norms/articleshow/126660512.cms,timesofindia.indiatimes.com,N/A,"24 hours ago India News: NEW DELHI: The apex body of highway builders, NHBF, has opposed the road transport ministry's move to end arbitration in disputes with claims of"
2026-01-20 00:20:50,Market Intelligence,Google Custom Search,N/A,"D1 - State wise Allocation,Release, Expenditure",https://ejalshakti.gov.in/JJM/JJMReports/Financial/JJMRep_StatewiseAllocationReleaseExpenditure.aspx,ejalshakti.gov.in,N/A,10 hours ago Financial Progress Water Quality National Emblem of India logo JJM - Reports Department of Drinking Water and Sanitation Ministry of Jal Shakti (GOI).
2026-01-20 00:20:50,Market Intelligence,Google Custom Search,N/A,"Circulars | Employee's State Insurance Corporation, Ministry of ...",https://esic.gov.in/circulars,esic.gov.in,N/A,"2 hours ago Ministry of Labour & Employment, Government of India. G20. Dr. Mansukh Mandaviya (Hon'ble Minister). Dr. Mansukh Mandaviya. Sushri Shobha Karandlaje (Hon'ble"
2026-01-20 00:20:50,Market Intelligence,Google Custom Search,N/A,Finance Minister lays foundation stones for ROB in Tiruthangal ...,https://www.thehindu.com/news/cities/Madurai/finance-minister-lays-foundation-stones-for-rob-in-tiruthangal-second-phase-of-outer-ring-road-in-sivakasi/article70522499.ece,thehindu.com,N/A,1 day ago Finance Minister Thangam Thennarasu laid the foundation stone for construction of a road over bridge at Tiruthangal on Sunday.
2026-01-20 00:20:50,Market Intelligence,Google Custom Search,N/A,"Moody's - credit ratings, research, and data for global capital markets",https://www.moodys.com/,moodys.com,N/A,"5 hours ago Moody's CreditView is our flagship solution for global capital markets that incorporates credit ratings, research and data from Moody's Investors Service"
2026-01-20 00:20:50,Market Intelligence,Google Custom Search,N/A,"Axis Bank: Personal Banking | Internet Banking | Corporate, NRI ...",https://www.axis.bank.in/,axis.bank.in,N/A,1 day ago We are third largest private sector bank in India offering entire spectrum of financial services for personal & corporate banking.
2026-01-20 00:20:50,Market Intelligence,Google Custom Search,N/A,ICRA Public Finance Ratings,https://www.icra.in/Rating/RatingCategory?RatingType=CR&RatingCategoryId=4,icra.in,N/A,7 hours ago Public Finance Ratings · Rating Rationales · Credit Perspective Reports · Our Rating Approach & Methodologies · Webinars · ICRA Ratings Coverage · You may also be
2026-01-20 00:20:50,Market Intelligence,Google Custom Search,N/A,OECD: The Organisation for Economic Co-operation and ...,https://www.oecd.org/,oecd.org,N/A,"2 hours ago Working with over 100 countries, the OECD is a global policy forum that promotes policies to improve the economic and social well-being of people around the"
2026-01-20 00:20:50,Market Intelligence,Google Custom Search,N/A,2026 Global Data Center Outlook,https://www.jll.com/en-in/insights/market-outlook/data-center-outlook,jll.com,N/A,"1 day ago The Americas also has the fastest growth rate of the three global regions, with a projected 17% supply CAGR through to 2030, preserving its position as the"
2026-01-20 00:20:50,Market Intelligence,Google Custom Search,N/A,ConsumerSignals: Consumer spending behavior | Deloitte Insights,https://www.deloitte.com/us/en/insights/industry/retail-distribution/consumer-behavior-trends-state-of-the-consumer-tracker.html,deloitte.com,N/A,12 hours ago price changes compared to a simple moving average (SMA). EMA is commonly used to smooth out data and help visualize long-term trends. Non-discretionary
2026-01-20 00:20:50,Market Intelligence,Google Custom Search,N/A,India 10-Year Government Bond Yield - Quote - Chart - Historical ...,https://tradingeconomics.com/india/government-bond-yield,tradingeconomics.com,N/A,9 hours ago Bonds issued by national governments in foreign currencies are normally referred to as sovereign bonds. The yield required by investors to loan funds to
2026-01-20 00:20:50,Market Intelligence,Google Custom Search,N/A,Rates & Bonds - Bloomberg - Bloomberg Markets,https://www.bloomberg.com/markets/rates-bonds,bloomberg.com,N/A,"20 hours ago Get updated data about global government bonds. Find information on government bonds yields, bond spreads, and interest rates."
2026-01-20 00:20:50,Market Intelligence,Google Custom Search,N/A,PXIL | Power Exchange India Limited | Energy Exchange,https://powerexindia.in/,powerexindia.in,N/A,"6 hours ago power exchanges in India,PXIL-power exchange India limited.Pxil is used for power exchange,electricity exchange,power trading,energy exchange,energy"
2026-01-20 00:20:50,Market Intelligence,Google Custom Search,N/A,Fitch Ratings: Credit Ratings & Analysis For Financial Markets,https://www.fitchratings.com/,fitchratings.com,N/A,"2 hours ago Fitch Ratings is a leading provider of credit ratings, commentary and research for global capital markets."
2026-01-20 00:20:50,Market Intelligence,Google Custom Search,N/A,RBI's Scale-Based Regulatory Framework for NBFCs – GKToday,https://www.gktoday.in/nbfc-scale-based-framework/,gktoday.in,N/A,"2 days ago This culminated in stress events – notably the default of IL&FS (Infrastructure Leasing & Financial Services) in 2018, which triggered a liquidity crunch, and"
2026-01-20 00:20:50,Market Intelligence,Google Custom Search,N/A,"NBFC Namdev Finvest raises $37 Mn from FMO, IIX, others | Startup ...",https://startupstorymedia.com/nbfc-namdev-finvest-raises-37-mn-from-fmo-iix-others/?amp=1,startupstorymedia.com,N/A,"5 hours ago Namdev Finvest, the Jaipur-based NBFC revolutionizing rural credit for India's underserved farmers, has secured $37 million in equity funding led"
2026-01-20 00:20:50,Market Intelligence,Google Custom Search,N/A,Financial Markets And Institutions 6th Edition,https://innotech.kiet.edu/dconstructv/adesignp/184046/291NQ43375/financial__markets_and_institutions__6th-edition.pdf,innotech.kiet.edu,N/A,"2 days ago A liquidity crisis spread to global Global financial system. The global Indian financial, system. (Lecture -1)| AKTU Digital Education. Primary"
2026-01-20 00:20:50,Market Intelligence,Google Custom Search,N/A,Missed two EMIs? How to negotiate before things get worse,https://www.moneycontrol.com/news/business/personal-finance/missed-two-emis-how-to-negotiate-before-things-get-worse-13779123.html/amp,moneycontrol.com,N/A,"7 hours ago First EMI missed: reminders, late fees, minor credit impact if repaid promptly. Missed EMIs cause credit score drop and increased lender follow-ups. Loans"
2026-01-20 00:20:50,Market Intelligence,Google Custom Search,N/A,DealStreetAsia - Asia-focused financial news and intelligence platform,https://www.dealstreetasia.com/,dealstreetasia.com,N/A,"18 hours ago Latest news on private equity (PE), venture capital (VC), inbound & outbound deals, IPOs, mergers and acquisitions (M&A), and startup ecosystem across Asia."
2026-01-20 00:20:50,Market Intelligence,Google Custom Search,N/A,Best Emergency Loan App in India for Instant Cash in 2026,https://www.everydayloanindia.com/blogs/best-emergency-loan-app-in-india/,everydayloanindia.com,N/A,"7 hours ago While facing a cash crunch, especially when you have to arrange cash for some urgent or unavoidable circumstances, you can apply for a personal loan through"
2026-01-20 00:20:50,Market Intelligence,Google Custom Search,N/A,"Budget Expectations 2026: Tax Cut, Capex Push, PLIs; Here's What ...",https://www.outlookbusiness.com/budget/budget-2026-expectations-live-updates-january-19-2026,outlookbusiness.com,N/A,6 hours ago The Union Budget 2026 offers a crucial opportunity to strengthen India's position as a global hub for artificial intelligence and digital talent. Industry
2026-01-20 00:20:50,Market Intelligence,Google Custom Search,N/A,The real estate slump may not be over yet,https://www.livemint.com/companies/news/the-real-estate-slump-may-not-be-over-yet-1564999127858.html,livemint.com,N/A,"2 days ago India was no exception to this trend though credit flow to the sector did However, the NBFC crisis last year squeezed that channel of finance as well."
2026-01-20 00:20:50,Market Intelligence,Google Custom Search,N/A,Neobank Collapse And India's Legal Grey Zone: Who Bears The ...,https://www.legalserviceindia.com/Legal-Articles/neobanks-in-india-legal-risks-insolvency-gaps/,legalserviceindia.com,N/A,"12 hours ago Digital banking is a present reality, rather than a future prospect, to transform savings and credit in India. But without safety, innovation is building a"
2026-01-20 00:20:50,Market Intelligence,Google Custom Search,N/A,Start-up Ecosystem In India - Civilsdaily,https://www.civilsdaily.com/story/start-up-ecosystem-in-india/,civilsdaily.com,N/A,"2 days ago About Credit Guarantee Scheme for Startups (CGSS):. The CGSS was launched on October 6, 2022, as part of the Startup India Action Plan. The scheme is designed"
2026-01-20 00:20:50,Market Intelligence,Google Custom Search,N/A,"Policy Circle - Economy, Policy, Sustainable Development",https://www.policycircle.org/,policycircle.org,N/A,"5 hours ago India unemployment data shows resilience, but fails to capture insecurity, low wages, and distress employment across India."
2026-01-20 00:20:50,Market Intelligence,Google Custom Search,N/A,From vulnerability to resilience: How rural India is innovating its own ...,https://etedge-insights.com/industry/energy/from-vulnerability-to-resilience-how-rural-india-is-innovating-its-own-climate-solutions/,etedge-insights.com,N/A,"8 hours ago Without adequate storage—especially in villages without dependable grid power—farmers are often forced into distress sales, resulting in the loss of both food"
2026-01-20 00:20:50,Market Intelligence,Google Custom Search,N/A,A Retrospective Study of Psychiatric Referrals from Other Specialties ...,https://healthcare-bulletin.co.uk/article/a-retrospective-study-of-psychiatric-referrals-from-other-specialties-in-a-rural-teaching-hospital-4808/,healthcare-bulletin.co.uk,N/A,"1 day ago In rural India, the integration of mental health services within general healthcare remains suboptimal due to limited resources, shortage of trained"
2026-01-20 00:20:50,Market Intelligence,Google Custom Search,N/A,"Department of Fisheries, Min of FAH&D (@FisheriesGoI) on X",https://x.com/FisheriesGoI/status/2012939793794306554,x.com,N/A,1 day ago Aquaculture has become one of the most vibrant engines of growth in India's rural economy. distress and the inability to restart. In a sector where
2026-01-20 00:20:50,Market Intelligence,Google Custom Search,N/A,"'Right to work will be stolen': Rahul Gandhi, Kharge invoke 'revdi ...",https://www.aninews.in/news/national/politics/right-to-work-will-be-stolen-rahul-gandhi-kharge-invoke-revdi-jibe-against-vb-g-ram-g-act-in-letter-to-mgnrega-workers20260118213444?amp=1,aninews.in,N/A,"1 day ago During crises like the COVID-19 pandemic, it was the lifeline of the rural Indian economy,"" the letter read. distress migration. The Indian National"
2026-01-20 00:20:50,Market Intelligence,Google Custom Search,N/A,Who cares for India's workers?,https://www.nationalheraldindia.com/opinion/who-cares-for-indias-workers,nationalheraldindia.com,N/A,2 days ago The changes strive to address these two threats to the Indian economy. The new Labour Codes address the non-agriculture sector while VB-GRAM-G addresses the
2026-01-20 00:20:50,Market Intelligence,Google Custom Search,N/A,Frontiers in Sustainable Food Systems | Articles,https://www.frontiersin.org/journals/sustainable-food-systems/articles,frontiersin.org,N/A,"2 hours ago Aligned with the UN Sustainable Development Goals, this journal explores the intersection of food systems, science and practice of sustainability including"
2026-01-20 00:20:50,Market Intelligence,Google Custom Search,N/A,Trading with India | interest.co.nz,https://www.interest.co.nz/economy/136831/brian-easton-says-free-trade-deals-can-be-complicated-so-their-analysis,interest.co.nz,N/A,"23 hours ago Well over 500m of rural dwellers suffer economic distress. India has no easy India – the fourth largest economy in the world after China, the US"
2026-01-20 00:20:50,Market Intelligence,Google Custom Search,N/A,Administrative Procurement,https://www.worldbank.org/en/about/corporate-procurement/business-opportunities/administrative-procurement,worldbank.org,N/A,"22 hours ago Solicitation Title, Number, Issue Date, Closing Date. RFxNow 2019359 - ""Assessing Government-to-Person (G2P) Payments for Adaptive Social Protection in"
2026-01-20 00:20:50,Market Intelligence,Google Custom Search,N/A,Council of Ministers,https://niyamasabha.nic.in/index.php/chief_minister/ministers,niyamasabha.nic.in,N/A,"5 hours ago Chief Minister. General Administration, All India Services, Planning and Economic Distress Relief, State Hospitality, Airports, Metro Rail, Inter"
2026-01-20 00:20:50,Market Intelligence,Google Custom Search,N/A,OECD: The Organisation for Economic Co-operation and ...,https://www.oecd.org/,oecd.org,N/A,"2 hours ago Working with over 100 countries, the OECD is a global policy forum that promotes policies to improve the economic and social well-being of people around the"
2026-01-20 00:20:50,Market Intelligence,Google Custom Search,N/A,TRADING ECONOMICS | 20 million INDICATORS FROM 196 ...,https://tradingeconomics.com/,tradingeconomics.com,N/A,"2 hours ago View more than 20 million economic indicators for 196 countries. Get free indicators, Historical Data, Charts, News and Forecasts for 196 countries."
2026-01-20 00:20:50,Market Intelligence,Google Custom Search,N/A,European Central Bank,https://www.ecb.europa.eu/,ecb.europa.eu,N/A,5 hours ago The European Central Bank (ECB) is the central bank of the European Union countries which have adopted the euro. Our main task is to maintain price
2026-01-20 00:20:50,Market Intelligence,Google Custom Search,N/A,Economic Calendar,https://tradingeconomics.com/calendar,tradingeconomics.com,N/A,"2 hours ago This page displays a table with actual values, consensus figures, forecasts, statistics and historical data charts for - Economic Calendar."
2026-01-20 00:20:50,Market Intelligence,Google Custom Search,N/A,Economic Outlook,https://economicoutlook.cmie.com/,economicoutlook.cmie.com,N/A,13 hours ago Independent and fact-based. 50 years' reputation as a reliable and credible partner. Inflation in CPI (YoY %). 1.33. Dec 2025. Unemployment rate (%).
2026-01-20 00:20:50,Market Intelligence,Google Custom Search,N/A,"What is jobless growth, and how can we fix it? | World Economic ...",https://www.weforum.org/videos/what-is-jobless-growth-and-how-can-we-fix-it/,weforum.org,N/A,"9 hours ago This phenomenon can occur when a country emerges from a recession, and despite an expanding economy, unemployment remains the same or worsens. In India, jobless"
2026-01-20 00:20:50,Market Intelligence,Google Custom Search,N/A,Reforms for India's Developed Economy Target 2047,https://www.pmfias.com/indias-developed-economy-target-2047/,pmfias.com,N/A,"1 hour ago India aspires to become a $7–10 trillion economy in the next decade as part of its Viksit Bharat @2047 vision. However, the real test lies in financing this"
2026-01-20 00:20:50,Market Intelligence,Google Custom Search,N/A,Economy of Iran - Wikipedia,https://en.wikipedia.org/wiki/Economy_of_Iran,en.wikipedia.org,N/A,"1 day ago India 4.5% (2025), the deteriorating economic indicator of Iran especially, inflation and unemployment rates exert significant negative effects on life"
2026-01-20 00:20:50,Market Intelligence,Google Custom Search,N/A,Climate Change,https://www.imf.org/en/topics/climate-change,imf.org,N/A,"6 hours ago Climate change presents a major threat to long-term growth and prosperity, and has a direct impact on the economic wellbeing of all countries. The IMF has"
2026-01-20 00:20:50,Market Intelligence,Google Custom Search,N/A,India 10-Year Government Bond Yield - Quote - Chart - Historical ...,https://tradingeconomics.com/india/government-bond-yield,tradingeconomics.com,N/A,"9 hours ago India Inflation Rate, 1.33, percent, Dec 2025. India Interest Rate, 5.25, percent Additionally, domestic liquidity tightened and state borrowing added supply"
2026-01-20 00:20:50,Market Intelligence,Google Custom Search,N/A,European Central Bank,https://www.ecb.europa.eu/,ecb.europa.eu,N/A,5 hours ago The European Central Bank (ECB) is the central bank of the European Union countries which have adopted the euro. Our main task is to maintain price
2026-01-20 00:20:50,Market Intelligence,Google Custom Search,N/A,ICRA An Affiliate of Moody's,https://www.icra.in/,icra.in,N/A,"1 hour ago ICRA rates debt instruments issued by corporate entities, commercial banks, non-banking finance companies, financial institutions, public sector"
2026-01-20 00:20:50,Market Intelligence,Google Custom Search,N/A,Home Loan Interest Rates in 2026,https://www.livehomes.in/blog-details/Home-Loan-Interest-Rates-in-2026,livehomes.in,N/A,13 hours ago 2. Economic Conditions Affecting 2026 Rates · Inflation is expected to be closer to target levels · Cost pressures are likely to stabilize · Central banks may
2026-01-20 00:20:50,Market Intelligence,Google Custom Search,N/A,ConsumerSignals: Consumer spending behavior | Deloitte Insights,https://www.deloitte.com/us/en/insights/industry/retail-distribution/consumer-behavior-trends-state-of-the-consumer-tracker.html,deloitte.com,N/A,12 hours ago Global inflation concern: A longitudinal view. Percentage of survey respondents concerned about rising prices for everyday purchases. Key TAKEAWAYS. 71% of
2026-01-20 00:20:50,Market Intelligence,Google Custom Search,N/A,Taxed at 30 Percent? Your FD Needs a Reality Audit - LenDenClub,https://www.lendenclub.com/blog/the-real-return-reality-check-fds-in-the-30-tax-bracket/,lendenclub.com,N/A,"12 hours ago But in the 30% tax bracket, this comfort is a mathematical illusion. Once you adjust the headline rate for taxes and long-term inflation, the outcome changes"
2026-01-20 00:20:50,Market Intelligence,Google Custom Search,N/A,Danske Bank Research,https://research.danskebank.com/,research.danskebank.com,N/A,1 day ago impact of the Danish economy. Denmark. 7.1.2026. Flash Comment Denmark - Greenland Inflation Watch - Euro area inflation expectations continue to decline.
2026-01-20 00:20:50,Market Intelligence,Google Custom Search,N/A,VoxEU | CEPR,https://cepr.org/voxeu,cepr.org,N/A,"6 hours ago David Aikman | John Vickers. On 2 December 2025, the Bank of England's Financial Policy Committee announced it would be lowering the capital requirement for"
2026-01-20 00:20:50,Market Intelligence,Google Custom Search,N/A,Economy of Iran - Wikipedia,https://en.wikipedia.org/wiki/Economy_of_Iran,en.wikipedia.org,N/A,"1 day ago India 4.5% (2025), the deteriorating economic indicator of Iran especially, inflation and unemployment rates exert significant negative effects on life"
2026-01-20 00:20:50,Market Intelligence,Google Custom Search,N/A,Union Budget Explained in a Gen Z Way | India Budget Simplified,https://www.swastika.co.in/blog/union-budget-explained-in-a-gen-z-way-what-indias-budget-actually-means-for-you,swastika.co.in,N/A,"13 hours ago Inflation and Everyday Expenses. Government spending and borrowing influence inflation. If inflation stays under control, essentials like food, fuel, and"
2026-01-20 00:20:50,Market Intelligence,Google Custom Search,N/A,India 10-Year Government Bond Yield - Quote - Chart - Historical ...,https://tradingeconomics.com/india/government-bond-yield,tradingeconomics.com,N/A,"1 hour ago The yield on India 10Y Bond Yield rose to 6.69% on January 19, 2026, marking a 0.01 percentage points increase from the previous session."
2026-01-20 00:20:50,Market Intelligence,Google Custom Search,N/A,European Central Bank,https://www.ecb.europa.eu/,ecb.europa.eu,N/A,5 hours ago The European Central Bank (ECB) is the central bank of the European Union countries which have adopted the euro. Our main task is to maintain price
2026-01-20 00:20:50,Market Intelligence,Google Custom Search,N/A,TRADING ECONOMICS | 20 million INDICATORS FROM 196 ...,https://tradingeconomics.com/,tradingeconomics.com,N/A,"2 hours ago View more than 20 million economic indicators for 196 countries. Get free indicators, Historical Data, Charts, News and Forecasts for 196 countries."
2026-01-20 00:20:50,Market Intelligence,Google Custom Search,N/A,"Moody's - credit ratings, research, and data for global capital markets",https://www.moodys.com/,moodys.com,N/A,"5 hours ago Moody's CreditView is our flagship solution for global capital markets that incorporates credit ratings, research and data from Moody's Investors Service"
2026-01-20 00:20:50,Market Intelligence,Google Custom Search,N/A,Apply Instant Personal Loan Online Upto Rs. 50 Lakh,https://pnb.bank.in/personal.aspx,pnb.bank.in,N/A,2 hours ago PNB Baghban- A Scheme For House Owning Senior Citizens Of India Under Reverse Mortgage Concept. PNB baghban-A scheme for house owning senior citizens of
2026-01-20 00:20:50,Market Intelligence,Google Custom Search,N/A,"Axis Bank: Personal Banking | Internet Banking | Corporate, NRI ...",https://www.axis.bank.in/,axis.bank.in,N/A,1 day ago We are third largest private sector bank in India offering entire spectrum of financial services for personal & corporate banking.
2026-01-20 00:20:50,Market Intelligence,Google Custom Search,N/A,ICRA An Affiliate of Moody's,https://www.icra.in/,icra.in,N/A,"2 hours ago ICRA rates debt instruments issued by corporate entities, commercial banks, non-banking finance companies, financial institutions, public sector"
2026-01-20 00:20:50,Market Intelligence,Google Custom Search,N/A,MCLR Rate - Marginal Cost of Funds based Lending Rate | Axis Bank,https://www.axis.bank.in/mclr-rates,axis.bank.in,N/A,2 days ago Note: Please clear browser history/cookies before accessing the Interest Rate chart on website in order to view the latest effective Interest Rates · * For terms
2026-01-20 00:20:50,Market Intelligence,Google Custom Search,N/A,exotic india Impact of Janani Suraksha Yojana on Maternal Health ...,https://www.epcn.ch/?e=top-86255558,epcn.ch,N/A,"1 day ago exotic india Impact of Janani Suraksha Yojana on Maternal Health Care in South India Frasers Plus: $0 today, then 3 instalments of $8, interest free when you"
2026-01-20 00:20:50,Market Intelligence,Google Custom Search,N/A,Steel prices hiked for the second time in two weeks as import curbs ...,https://www.livemint.com/industry/steel-prices-hiked-second-time-two-weeks-import-curbs-take-effect-11768707274149.html,livemint.com,N/A,"1 day ago Domestic steelmakers raised prices twice in January after India imposed a safeguard duty, as construction demand revived, inventories stayed lean and mills"
2026-01-20 00:20:50,Market Intelligence,Google Custom Search,N/A,Press Release | Directorate of Enforcement,https://enforcementdirectorate.gov.in/press-release,enforcementdirectorate.gov.in,N/A,1 hour ago 14.28 Crore lying in various Gensol group companies in a matter related to diversion of public funds disbursed as loans from public lenders (IREDA and PFC) and
2026-01-20 00:20:50,Market Intelligence,Google Custom Search,N/A,Legal Intelligence for Asia's Businesses | Asia Business Law Journal,https://law.asia/asia/,law.asia,N/A,6 hours ago GCAI to launch YUKTI internship programme in January 2026. The General Counsels' Association of India Digital Banking; E-commerce; Employment Law; Energy
2026-01-20 00:20:50,Market Intelligence,Google Custom Search,N/A,Are Megabanks Next in Trump's Crackdown on Stock Buybacks ...,https://www.wsj.com/finance/regulation/are-megabanks-next-in-trumps-crackdown-on-stock-buybacks-e696b466,wsj.com,N/A,"8 hours ago If Trump wanted to disrupt the buyback plans at major lenders, he would have ways to do so directly that the government usually lacks with other sectors. Banks'"
2026-01-20 00:20:50,Market Intelligence,Google Custom Search,N/A,Fintech Singapore Digital Finance News - FintechNewsSG,https://fintechnews.sg/,fintechnews.sg,N/A,"7 hours ago Fintech News Singapore provides the latest insights on the Fintech Singapore landscape covering topics like blockchain, digital wallets, payments,"
2026-01-20 00:20:50,Market Intelligence,Google Custom Search,N/A,Regulation Asia | Financial Regulatory Intelligence and Analysis,https://www.regulationasia.com/,regulationasia.com,N/A,"3 hours ago Regulation Asia delivers unparalleled access to authoritative regulatory intelligence, curated by domain experts and enhanced by AI."
2026-01-20 00:20:50,Market Intelligence,Google Custom Search,N/A,Daily UPSC Current Affairs | Shankar IAS Parliament,https://www.shankariasparliament.com/current-affairs,shankariasparliament.com,N/A,"2 hours ago What are the challenges ISRO needs to overcome? · Post 2020 reforms – India has liberalised its space sector, but in reality Roles are defined but not fully"
2026-01-20 00:20:50,Market Intelligence,Google Custom Search,N/A,Geopolitics News & Risk Analysis - Keep Pace with a Changing World,https://www.geopoliticalmonitor.com/,geopoliticalmonitor.com,N/A,"2 hours ago Providing independent and objective analysis of geopolitics news and current events for over a decade, Geopolitical Monitor reports offer actionable"
2026-01-20 00:20:50,Market Intelligence,Google Custom Search,N/A,Asian Private Banker: Private Bank News in Asia | Hong Kong ...,https://asianprivatebanker.com/,asianprivatebanker.com,N/A,"9 hours ago Discover essential news, trends, and expert insights in private banking and wealth management across Hong Kong, Singapore, and wider Asia-Pacific."
2026-01-20 00:20:50,Market Intelligence,Google Custom Search,N/A,"At least 5,000 killed in Iranian unrest, official says, as judiciary hints ...",https://m.economictimes.com/news/international/world-news/at-least-5000-killed-in-iranian-unrest-official-says-as-judiciary-hints-at-executions/articleshow/126643486.cms,m.economictimes.com,N/A,1 day ago crackdown on protests against Tehran. Tired of too many ads? Remove Ads. The Norway-based Iranian Kurdish rights group Hengaw has said some of the heaviest
2026-01-20 00:20:50,Market Intelligence,Google Custom Search,N/A,China's Global Sharp Power Weekly Alert | Hoover Institution,https://www.hoover.org/publications/chinas-global-sharp-power-weekly-alert,hoover.org,N/A,"18 hours ago Articles On: Spying, Taiwan, India, Indonesia, US Influence, Italy, European Countries, Taiwan, and Panama Canal. The Chinese Communist Party wages a series of"
2026-01-20 00:20:50,Market Intelligence,Google Custom Search,N/A,Home | Directorate of Enforcement,https://enforcementdirectorate.gov.in/,enforcementdirectorate.gov.in,N/A,"12 hours ago India. ED has been given the responsibility to conduct investigation into suspected contraventions of foreign exchange laws and regulations, to adjudicate"
2026-01-20 00:20:50,Market Intelligence,Google Custom Search,N/A,Insolvency and Bankruptcy Board of India,https://ibbi.gov.in/liquidation-auction-notices/lists,ibbi.gov.in,N/A,"4 hours ago Auction Notice. Home; Auction Notice. Reserve Price. Search by Keyword. Last Date of Submission of EMD. Filter by. Select, All, Live auctions."
2026-01-20 00:20:50,Market Intelligence,Google Custom Search,N/A,Press Release | Directorate of Enforcement,https://enforcementdirectorate.gov.in/press-release,enforcementdirectorate.gov.in,N/A,1 hour ago 14.28 Crore lying in various Gensol group companies in a matter related to diversion of public funds disbursed as loans from public lenders (IREDA and PFC) and
2026-01-20 00:20:50,Market Intelligence,Google Custom Search,N/A,Ghaziabad Development Authority,https://gdaghaziabad.in/,gdaghaziabad.in,N/A,2 hours ago PMAY Registration · FCFS Registration · Pay to GDA · E-Tender Payment Portal · Vacant Properties List · हरनन्दीपुरम योजना में विक्रय हेतु सहमति अनुरोध के लिए यहाँ क्लिक करें New
2026-01-20 00:20:50,Market Intelligence,Google Custom Search,N/A,Home | Assam State Legal Services Authority | Government Of ...,http://aslsa.assam.gov.in/,aslsa.assam.gov.in,N/A,1 day ago Information & Services. Legal Aid · Legal Awareness/Literacy · Lok Adalat · List of PLVs · List of Panel Lawyers About the Government. Assam State Portal · CM
2026-01-20 00:20:50,Market Intelligence,Google Custom Search,N/A,eProcurement System Government of Himachal Pradesh,https://hptenders.gov.in/nicgep/app?component=%24DirectLink&page=FrontEndTendersByOrganisation&service=direct,hptenders.gov.in,N/A,"3 hours ago List · Recognitions · Site compatibility. loan)||Project Director - HPCDP Project - JICA-ODA - Hamirpur||DPM - HPCDP Project - JICA-ODA - Mandi. 387, 16-Jan"
2026-01-20 00:20:50,Market Intelligence,Google Custom Search,N/A,Jobs in India | Bank of America Careers,https://careers.bankofamerica.com/en-us/job-search/india,careers.bankofamerica.com,N/A,1 day ago Our Drug-Free Workplace and Alcohol Policy (“Policy”) establishes requirements to prevent the presence or use of illegal or illicit drugs or
2026-01-20 00:20:50,Market Intelligence,Google Custom Search,N/A,Lost & Found Catalogue | AIRPORTS AUTHORITY OF INDIA,https://www.aai.aero/en/lost-found/item-list,aai.aero,N/A,"3 hours ago Initiate Claim. 23, LF666849, Bag/Box, Chennai (International), OEN BLUE & RED COLOUR SHOULDER BAG ""FILA"" CONTAINS SOME USED CLOTHES, TWO STEEL GLASS,"
2026-01-20 00:20:50,Market Intelligence,Google Custom Search,N/A,India Inx-India International Exchange IFSC Ltd.,https://www.indiainx.com/,indiainx.com,N/A,"9 hours ago bonds and green bonds, Listing of Masala bonds India, Listing Ceremony of Indian Oil Corporation Limited , India Oil corporation, Listing Ceremony of IOCL."
2026-01-20 00:20:50,Market Intelligence,Google Custom Search,N/A,Pratibha Patil - Wikipedia,https://en.wikipedia.org/wiki/Pratibha_Patil,en.wikipedia.org,N/A,5 hours ago is an Indian politician and lawyer who served as the president of India from 2007 to 2012. She was the first woman to become the president of India.
2026-01-20 00:20:50,Market Intelligence,Google Custom Search,N/A,"Moody's - credit ratings, research, and data for global capital markets",https://www.moodys.com/,moodys.com,N/A,"5 hours ago Moody's CreditView is our flagship solution for global capital markets that incorporates credit ratings, research and data from Moody's Investors Service"
2026-01-20 00:20:50,Market Intelligence,Google Custom Search,N/A,ICRA An Affiliate of Moody's,https://www.icra.in/,icra.in,N/A,"1 hour ago ICRA rates debt instruments issued by corporate entities, commercial banks, non-banking finance companies, financial institutions, public sector"
2026-01-20 00:20:50,Market Intelligence,Google Custom Search,N/A,Fitch Ratings: Credit Ratings & Analysis For Financial Markets,https://www.fitchratings.com/,fitchratings.com,N/A,"2 hours ago Fitch Ratings is a leading provider of credit ratings, commentary and research for global capital markets."
2026-01-20 00:20:50,Market Intelligence,Google Custom Search,N/A,"Ministry of External Affairs, Government of India",https://mea.gov.in/,mea.gov.in,N/A,"5 hours ago Official portal of External Affairs Ministry, Government of India. Find Statements, Interviews, Press Releases, Media Briefings and latest updates of MEA."
2026-01-20 00:20:50,Market Intelligence,Google Custom Search,N/A,Procurement News - SBI In the News,https://sbi.bank.in/web/sbi-in-the-news/procurement-news,sbi.bank.in,N/A,"2 hours ago Location, Tender Description, Start Date, End Date. LHO, LUCKNOW, RBO-III SHAHJAHANPUR: NOTICE FOR HIRING OF PREMISES FOR STATE BANK OF INDIA ,RAUSAR BRANCH"
2026-01-20 00:20:50,Market Intelligence,Google Custom Search,N/A,icegate: Home,https://www.icegate.gov.in/,icegate.gov.in,N/A,1 day ago Indian Customs National Trade Portal 2.0.
2026-01-20 00:20:50,Market Intelligence,Google Custom Search,N/A,AM Best,https://web.ambest.com/,web.ambest.com,N/A,4 hours ago AM Best is the largest credit rating agency in the world specializing in the insurance industry. AM Best does business in over 100 countries.
2026-01-20 00:20:50,Market Intelligence,Google Custom Search,N/A,Seasonal Forecast | India Meteorological Department,https://mausam.imd.gov.in/responsive/seasonal_forecast.php,mausam.imd.gov.in,N/A,12 hours ago Weather Video | GKMS News Letter · Database Login | Admin Login · Tenders | WMO Contact Us. Office of Director General of Meteorology India
2026-01-20 00:20:50,Market Intelligence,Google Custom Search,N/A,European Space Agency,https://www.esa.int/,esa.int,N/A,"4 hours ago The European Space Agency portal features the latest news in space exploration, human spaceflight, launchers, telecommunications, navigation, monitoring and"
2026-01-20 00:20:50,Market Intelligence,Google Custom Search,N/A,Press Release | Directorate of Enforcement,https://enforcementdirectorate.gov.in/press-release,enforcementdirectorate.gov.in,N/A,"9 hours ago Vide order dated 17/1/2026 passed by the Hon'ble Special Court (PMLA), Indore, ED, Bhopal Zonal Office, has facilitated the restitution of properties valued at"
2026-01-20 00:20:50,Market Intelligence,Google Custom Search,N/A,Press Release | Directorate of Enforcement,https://enforcementdirectorate.gov.in/press-release,enforcementdirectorate.gov.in,N/A,"9 hours ago 2026 under PMLA, 2002 in connection with a bank fraud case of M/s Shree Ganesh Jewellery House (I) Ltd. for defrauding a consortium of 25 banks to the tune of"
2026-01-20 00:20:50,Market Intelligence,Google Custom Search,N/A,Jobs in India | Bank of America Careers,https://careers.bankofamerica.com/en-us/job-search/india,careers.bankofamerica.com,N/A,1 day ago Browse through all Bank of America jobs available in India. You © 2026 Bank of America Corporation. All rights reserved. Connect with
2026-01-20 00:20:50,Market Intelligence,Google Custom Search,N/A,Home | Directorate of Enforcement,https://enforcementdirectorate.gov.in/,enforcementdirectorate.gov.in,N/A,"12 hours ago in India. ED has been given the responsibility to conduct investigation into suspected contraventions of foreign exchange laws and regulations, to"
2026-01-20 00:20:50,Market Intelligence,Google Custom Search,N/A,ICRA An Affiliate of Moody's,https://www.icra.in/,icra.in,N/A,"1 hour ago ICRA rates debt instruments issued by corporate entities, commercial banks, non-banking finance companies, financial institutions, public sector"
2026-01-20 00:20:50,Market Intelligence,Google Custom Search,N/A,"PNB Complaint, File Complaint PNB, Punjab National Bank ...",https://pnb.bank.in/CcsrmsFormComplaint.aspx,pnb.bank.in,N/A,2 hours ago शिकायत फॉर्म/ Complaint Form · टिप्पणियां/ Remarks* (Do not share Debit/Credit card number in the remarks field) · इमेज में दिखने वाला कोड दर्ज करें/ Enter the code as shown in image
2026-01-20 00:20:50,Market Intelligence,Google Custom Search,N/A,Contract Awards in Investment Project Financing - India Projec...,https://financesone.worldbank.org/contract-awards-in-investment-project-financing-india-projects/DS01137,financesone.worldbank.org,N/A,1 day ago This set of contract awards includes data on commitments against contracts that were reviewed by the Bank before they were awarded (prior-reviewed Bank-fun.
2026-01-20 00:20:50,Market Intelligence,Google Custom Search,N/A,Administrative Procurement,https://www.worldbank.org/en/about/corporate-procurement/business-opportunities/administrative-procurement,worldbank.org,N/A,"22 hours ago Solicitation Title, Number, Issue Date, Closing Date. RFxNow 2019359 - ""Assessing Government-to-Person (G2P) Payments for Adaptive Social Protection in"
2026-01-20 00:20:50,Market Intelligence,Google Custom Search,N/A,Latest Orders | Supreme Court of India | India,https://www.sci.gov.in/latest-orders/,sci.gov.in,N/A,14 hours ago PADI KAUSHIK REDDY VS. THE STATE OF TELANGANA - MA 2079-2080/2025 in SLP(C) No. 9933/2025 - Diary Number 61294 / 2025 - 16-Jan-2026. (Uploaded On 19-01-2026
2026-01-20 00:20:50,Market Intelligence,Google Custom Search,N/A,"Axis Bank: Personal Banking | Internet Banking | Corporate, NRI ...",https://www.axis.bank.in/,axis.bank.in,N/A,1 day ago We are third largest private sector bank in India offering entire spectrum of financial services for personal & corporate banking.
2026-01-20 00:20:50,Market Intelligence,Google Custom Search,N/A,ANZ Bank Careers,https://careers.anz.com/go/ANZ-Jobs-List/4739210/,careers.anz.com,N/A,"2 hours ago S&S Banking Consultant, Brisbane QLD - Suncorp Bank Brisbane, AU 15 Jan 2026 Lead Technical Business Analyst (AVP) Bengaluru, IN 7 Jan 2026. Bengaluru, IN"
2026-01-20 00:20:50,Market Intelligence,Google Custom Search,N/A,Apply Now | Careers | Find Banking Jobs – Punjab National Bank,https://pnb.bank.in/recruitments.aspx,pnb.bank.in,N/A,2 hours ago Explore exciting career opportunities at Punjab National Bank. Apply now for banking jobs across India and build a successful future with one of the
2026-01-20 00:20:50,Market Intelligence,Google Custom Search,N/A,Why Is Cyber Security Important In The Financial Industry?,https://www.eccu.edu/blog/why-is-cyber-security-important-in-the-financial-industry/,eccu.edu,N/A,"1 day ago Cybersecurity threats are constantly evolving, and financial institutions must remain vigilant in implementing and updating their cybersecurity measures."
2026-01-20 00:20:50,Market Intelligence,Google Custom Search,N/A,KPMG in India | Home,https://kpmg.com/in/en.html,kpmg.com,N/A,"2 hours ago KPMG in India is one of the leading providers of risk, financial services and business advisory, internal audit, corporate governance."
2026-01-20 00:20:50,Market Intelligence,Google Custom Search,N/A,"Axis Bank: Personal Banking | Internet Banking | Corporate, NRI ...",https://www.axis.bank.in/,axis.bank.in,N/A,1 day ago We are third largest private sector bank in India offering entire spectrum of financial services for personal & corporate banking.
2026-01-20 00:20:50,Market Intelligence,Google Custom Search,N/A,"Moody's - credit ratings, research, and data for global capital markets",https://www.moodys.com/,moodys.com,N/A,"5 hours ago Costlier and more frequent natural disasters are reshaping credit risk. Shocks are rippling across sectors, from rising insurance premiums to lower property"
2026-01-20 00:20:50,Market Intelligence,Google Custom Search,N/A,Ministry of Finance Year Ender 2025 Department of Economic Affairs,https://www.pib.gov.in/PressReleseDetail.aspx?PRID=2215423&reg=3&lang=1,pib.gov.in,N/A,1 day ago India underwent its third Financial Sector Assessment Programme (FSAP) Cyber Security in the Financial Sector. DEA has established institutional
2026-01-20 00:20:50,Market Intelligence,Google Custom Search,N/A,SMS Banking - India Post Payments Bank,https://ippbonline.bank.in/web/ippb/sms-banking2,ippbonline.bank.in,N/A,"2 hours ago Send keyword “REGISTER” to 9910228664 from your mobile number, linked to your savings/ current account. Currently Available Services on SMS banking: Services."
2026-01-20 00:20:50,Market Intelligence,Google Custom Search,N/A,ICRA An Affiliate of Moody's,https://www.icra.in/,icra.in,N/A,"1 hour ago ICRA rates debt instruments issued by corporate entities, commercial banks, non-banking finance companies, financial institutions, public sector"
2026-01-20 00:20:50,Market Intelligence,Google Custom Search,N/A,Experienced professionals | EY - India,https://www.ey.com/en_in/careers/job-search,ey.com,N/A,"2 hours ago Job search · Experienced professionals · Careers in EY-Parthenon: Strategy, Transactions and Corporate Finance."
2026-01-20 00:20:50,Market Intelligence,Google Custom Search,N/A,Essential Cybersecurity Tools for Hybrid Financial Teams - Elets BFSI,https://bfsi.eletsonline.com/essential-cybersecurity-tools-for-hybrid-financial-teams/,bfsi.eletsonline.com,N/A,"7 hours ago It works like a security guard asking for ID. After you type in your password, the system asks for one more thing. Usually, this is a code sent to your"
2026-01-20 00:20:50,Market Intelligence,Google Custom Search,N/A,Latest Orders | Supreme Court of India | India,https://www.sci.gov.in/latest-orders/,sci.gov.in,N/A,14 hours ago High Contrast. Normal Contrast. Highlight Links. Invert. Saturation. Text Size. Font Basic Structure Judgment · Webcast · Multimedia · Photo Gallery · Full
2026-01-20 00:20:50,Market Intelligence,Google Custom Search,N/A,High Court of Gujarat,https://gujarathighcourt.nic.in/,gujarathighcourt.nic.in,N/A,6 hours ago Main menu · New Updates · Important Judgment
2026-01-20 00:20:50,Market Intelligence,Google Custom Search,N/A,Supreme Court of India | India,https://www.sci.gov.in/,sci.gov.in,N/A,5 hours ago Close. Supreme Court of India. Cause List. Case Status. Daily Orders. Judgments. Office Report. Caveat. e-Filing. Display Boards. Landmark Judgment Summaries
2026-01-20 00:20:50,Market Intelligence,Google Custom Search,N/A,"YBL/CS/2025-26/175 January 17, 2026 National Stock Exchange of ...",https://www.yes.bank.in/sites/web/content/published/api/v1.1/assets/CONTF298B0F30AA043E69F8F14137A04BE18/native/q3_fy26_statutory_release.pdf?download=false,yes.bank.in,N/A,"1 day ago Accordingly, we enclose herewith the Un-Audited Standalone and Consolidated Financial Results of the Bank for the Quarter (Q3) and nine months ended December 31"
2026-01-20 00:20:50,Market Intelligence,Google Custom Search,N/A,"THE GAUHATI HIGH COURT – High Court of Assam, Nagaland ...",https://ghconline.gov.in/,ghconline.gov.in,N/A,"10 hours ago The Gauhati High Court as of today emerged from the High Court of Assam. On 9th September 1947, the Assam Legislative Assembly adopted a resolution."
2026-01-20 00:20:50,Market Intelligence,Google Custom Search,N/A,Judgments Approved for Reporting| Lahore High Court,https://data.lhc.gov.pk/reported_judgments/judgments_approved_for_reporting,data.lhc.gov.pk,N/A,4 hours ago Court to reframe issues at appellate stage discussed. uploaded on: 30-12-2025. 22. Tax Reference - (PRA) 16460/23 (FINCA Microfinance Commercial Bank
2026-01-20 00:20:50,Market Intelligence,Google Custom Search,N/A,Judgments – TanzLII,https://tanzlii.org/judgments/,tanzlii.org,N/A,7 hours ago High Court may continue an election petition despite a notice of intention Labour law — Execution of judgment — Payment into employee's bank account — Bank
2026-01-20 00:20:50,Market Intelligence,Google Custom Search,N/A,Delhi High Court To Act On UK Court's Request To Record Witness ...,https://www.livelaw.in/amp/high-court/delhi-high-court/delhi-high-court-nirav-modi-witness-evidence-bank-of-india-519496,livelaw.in,N/A,"13 hours ago The case involves Bank of India, Firestar Diamond FZE, Firestar International Private Limited and Nirav Deepak Modi. The petition was registered pursuant to a"
2026-01-20 00:20:50,Market Intelligence,Google Custom Search,N/A,Cases - UK Supreme Court,https://supremecourt.uk/cases,supremecourt.uk,N/A,7 hours ago COMMERCIAL. Providence Building Services Limited (Respondent) v Hexagon Housing Association Limited (Appellant). Judgment given. Case summary: In relation to a
2026-01-20 00:20:50,Market Intelligence,Google Custom Search,N/A,Jammu & Kashmir And Ladakh High Court Weekly Round-Up ...,https://www.livelaw.in/high-court/jammu-kashmir/jammu-and-kashmir-ladakh-high-court-weekly-roundup-january-12-january-18-2026-519507,livelaw.in,N/A,13 hours ago Nominal Index:Ghulam Rasool Bhat Vs UT Of J&K 2026 LiveLaw (JKL) 9Nazir Ahmad Bhat Vs Chairman/ Managing Director J&K Bank Corporate Office 2026 LiveLaw
2026-01-20 00:20:50,Market Intelligence,Google Custom Search,N/A,Latest Orders | Supreme Court of India | India,https://www.sci.gov.in/latest-orders/,sci.gov.in,N/A,"14 hours ago (Uploaded On 19-01-2026 09:44:01) · Accessibility · Citizen's Charter · Guided Content Owned by Supreme Court Of India ,. Developed and hosted by National"
2026-01-20 00:20:50,Market Intelligence,Google Custom Search,N/A,European Central Bank,https://www.ecb.europa.eu/,ecb.europa.eu,N/A,5 hours ago The European Central Bank (ECB) is the central bank of the European Union countries which have adopted the euro. Our main task is to maintain price
2026-01-20 00:20:50,Market Intelligence,Google Custom Search,N/A,"YBL/CS/2025-26/175 January 17, 2026 National Stock Exchange of ...",https://www.yes.bank.in/sites/web/content/published/api/v1.1/assets/CONTF298B0F30AA043E69F8F14137A04BE18/native/q3_fy26_statutory_release.pdf?download=false,yes.bank.in,N/A,"1 day ago information is being hosted on the Bank's website www.yes.bank.in pursuant to Listing against the Judgement, before the Supreme Court and the matter is now."
2026-01-20 00:20:50,Market Intelligence,Google Custom Search,N/A,ICICI Bank - Wikipedia,https://en.wikipedia.org/wiki/ICICI_Bank,en.wikipedia.org,N/A,2 days ago ICICI Bank Limited is an Indian multinational bank and financial services company. headquartered in Mumbai with a registered office in Vadodara.
2026-01-20 00:20:50,Market Intelligence,Google Custom Search,N/A,"THE GAUHATI HIGH COURT – High Court of Assam, Nagaland ...",https://ghconline.gov.in/,ghconline.gov.in,N/A,"10 hours ago The Gauhati High Court as of today emerged from the High Court of Assam. On 9th September 1947, the Assam Legislative Assembly adopted a resolution."
2026-01-20 00:20:50,Market Intelligence,Google Custom Search,N/A,Financial Conduct Authority | FCA,https://www.fca.org.uk/,fca.org.uk,N/A,"7 hours ago The FCA enables a fair and thriving financial services market, for the good of consumers and the economy."
2026-01-20 00:20:50,Market Intelligence,Google Custom Search,N/A,The 10 Best Hyderabad Lawyers for Banking / Finance Case ...,https://lawrato.com/banking-finance-lawyers/hyderabad,lawrato.com,N/A,"8 hours ago These lawyers practice in all major courts in Hyderabad including Hyderabad High Court, City Civil Court Hyderabad , District Court Ranga Reddy, Metropolitan"
2026-01-20 00:20:50,Market Intelligence,Google Custom Search,N/A,"Duped of Rs 331,000: Should I involve RBI again to recover ...",https://gurus.rediff.com/question/qdtl/money/became-victim-cyber-crime-legal-procedure-court-ordered-cyber-police/5182195,gurus.rediff.com,N/A,"13 hours ago What a I feel is , if had the bank taken immediately action after receiving court order from cyber police, I could have been paid entire amount of Rs 331000/-"
2026-01-20 00:20:50,Market Intelligence,Google Custom Search,N/A,The 10 Best Jaipur Lawyers for Banking / Finance Case | Contact ...,https://lawrato.com/banking-finance-lawyers/jaipur,lawrato.com,N/A,"8 hours ago These lawyers practice in all major courts in Jaipur including Rajasthan High Court, Jaipur District Court, District Court Jaipur, Sessions Court Jaipur, Family"
2026-01-20 00:20:50,Market Intelligence,Google Custom Search,N/A,"Deficiency In Service Distinct From Criminal Act, SC Affirms - BW ...",https://www.bwlegalworld.com/article/deficiency-in-service-distinct-from-criminal-act-sc-affirms-470754,bwlegalworld.com,N/A,9 hours ago Trivedi heard an appeal preferred by the chairman and manager of City Union Bank against judgment and order passed by the National Consumer Dispute Redressal
2026-01-20 00:20:50,Market Intelligence,Google Custom Search,N/A,"Next-gen GST reforms: Health, life insurance made tax | DD News",https://ddnews.gov.in/en/next-gen-gst-reforms-health-life-insurance-made-tax-free-several-medical-essentials-made-cheaper/,ddnews.gov.in,N/A,"7 hours ago These reforms, cleared by the GST Council, are expected to reduce the cost of essential medical items and health-related financial services. In addition to"
2026-01-20 00:20:50,Market Intelligence,Google Custom Search,N/A,Finance Bill 2023: Key GST Amendments for Business Relief,https://gstlearn.com/2026/01/19/finance-bill-to-ease-gst-compliance-with-key-amendments-on-discounts-intermediary-services-and-refunds/,gstlearn.com,N/A,"12 hours ago Finance Bill to Ease GST Compliance with Key Amendments on Discounts, Intermediary Services and Refunds The GST Council has recommended changes to Section 15"
2026-01-20 00:20:50,Market Intelligence,Google Custom Search,N/A,Goods to turn cheaper as GST Council brings more consumer items ...,https://ddnews.gov.in/en/goods-to-turn-cheaper-as-gst-council-brings-more-consumer-items-under-lower-tax-rates/,ddnews.gov.in,N/A,"4 hours ago The Goods and Services Tax (GST) Council has decided to bring a wider range of consumer goods under the lower tax slab, in a move aimed at easing the burden"
2026-01-20 00:20:50,Market Intelligence,Google Custom Search,N/A,"Sitharaman to attend GoM meeting on Aug 20, explain next-gen ...",https://www.taxtmi.com/news?id=52800,taxtmi.com,N/A,"2 days ago If the Centre's proposal is accepted by the GoM, it would be placed before the GST Council, chaired by Sitharaman and comprising finance ministers from all"
2026-01-20 00:20:50,Market Intelligence,Google Custom Search,N/A,OECD: The Organisation for Economic Co-operation and ...,https://www.oecd.org/,oecd.org,N/A,3 hours ago Featured topics; Agriculture and fisheries; Climate change; Development; Digital; Economy; Education and skills; Employment; Environment; Finance and
2026-01-20 00:20:50,Market Intelligence,Google Custom Search,N/A,Lok Sabha passes Manipur Goods and Services Tax (Amendment) Bill,https://www.taxtmi.com/news?id=51814,taxtmi.com,N/A,"2 hours ago The legislature passed an amendment to the state Goods and Services Tax Act to implement GST Council decisions, replacing an earlier ordinance."
2026-01-20 00:20:50,Market Intelligence,Google Custom Search,N/A,Who among the following is not a member of GST council? |ForumIAS,https://forumias.com/blog/question/who-among-the-following-is-not-a-member-of-gst-council/,forumias.com,N/A,10 hours ago The Council is a joint forum of the centre and the states and consists of the following members: (a) The Union Finance Minister as the Chairperson.
2026-01-20 00:20:50,Market Intelligence,Google Custom Search,N/A,Lakshadweep | Official Website of Administration of Lakshadweep ...,https://lakshadweep.gov.in/,lakshadweep.gov.in,N/A,9 hours ago Only BSNL and Airtel provides telecommunication services to Lakshadweep Islands. BSNL provides connectivity in all 10 inhabited islands where as Airtel provides
2026-01-20 00:20:50,Market Intelligence,Google Custom Search,N/A,19.01.2026: Budget likely to see five key amendments in GST Laws ...,https://taxo.online/latest-news/19-01-2026-budget-likely-to-see-five-key-amendments-in-gst-laws-to-ease-compliances-reduce-litigation/,taxo.online,N/A,14 hours ago The Finance Bill is likely Services Tax laws to further facilitate ease of doing business. These amendments are based on GST Council's recommendations.
2026-01-20 00:20:50,Market Intelligence,Google Custom Search,N/A,Latest News on gst - ANI News - Asia's Premier News Agency,https://www.aninews.in/topic/gst/page/218/,aninews.in,N/A,"1 day ago New Delhi [India], November 10 (ANI): Ahead of Goods and Services Council Meet in Guwahati today, Punjab Finance Minister Manpreet Singh Badal said that the GST"
2026-01-20 00:20:50,Market Intelligence,Google Custom Search,N/A,"small finance bank: Latest News & Videos, Photos about small ...",https://economictimes.indiatimes.com/topic/small-finance-bank,economictimes.indiatimes.com,N/A,"3 hours ago The Reserve Bank of India has strengthened priority sector lending compliance, mandating external auditor certificates from intermediaries t 19 Jan, 2026,"
2026-01-20 00:20:50,Market Intelligence,Google Custom Search,N/A,"Utkarsh Small Finance Bank Limited Price: Quote, Forecast, Charts ...",https://www.perplexity.ai/finance/UTKARSHBNK.BO,perplexity.ai,N/A,8 hours ago news and moves largely reflecting broader sentiment in Indian small finance bank stocks. banks in India report rising non-performing assets in their
2026-01-20 00:20:50,Market Intelligence,Google Custom Search,N/A,AU Small Finance Bank Partners ICSI to Launch Banking and Credit ...,https://www.angelone.in/news/stocks/au-small-finance-bank-partners-icsi-to-launch-banking-and-credit-solutions-for-company-secretaries,angelone.in,N/A,"12 hours ago AU Small Finance Bank has entered into a new professional partnership aimed at addressing the financial and career needs of company secretaries across India, as"
2026-01-20 00:20:50,Market Intelligence,Google Custom Search,N/A,Procurement News - SBI In the News,https://sbi.bank.in/web/sbi-in-the-news/procurement-news,sbi.bank.in,N/A,"2 hours ago Location, Tender Description, Start Date, End Date. LHO, LUCKNOW, RBO-III SHAHJAHANPUR: NOTICE FOR HIRING OF PREMISES FOR STATE BANK OF INDIA ,RAUSAR BRANCH"
2026-01-20 00:20:50,Market Intelligence,Google Custom Search,N/A,"Utkarsh Small Finance Bank Ltd (UTKARSHBNK) Stock, Price ...",https://www.msn.com/en-in/money/stockdetails/utkarshbnk-in-stock/fi-caek7w?ocid=iehp%2Ciehp%2Ciehp%2Ciehp,msn.com,N/A,2 days ago Utkarsh Small Finance Bank Limited (the Bank) is an India-based small finance bank. The Bank is engaged in providing banking and financial services with a
2026-01-20 00:20:50,Market Intelligence,Google Custom Search,N/A,Ujjivan Small Finance Bank Ltd - Share/Stock Price,https://www.moneycontrol.com/india/stockpricequote/bank-private/ujjivansmallfinancebank/USF,moneycontrol.com,N/A,1 hour ago Ujjivan Small Share Price: Find the latest news on Ujjivan Small Stock Price. Get all the information on Ujjivan Small with historic price charts for NSE
2026-01-20 00:20:50,Market Intelligence,Google Custom Search,N/A,"Utkarsh Small Finance Bank Ltd (UTKARSHBNK) Stock, Price ...",https://www.msn.com/en-in/money/stockdetails/utkarshbnk-in-stock/fi-caek7w?ocid=INSFIST10,msn.com,N/A,1 day ago 2016. Utkarsh Small Finance Bank Limited (the Bank) is an India-based small finance bank. The Bank is engaged in providing banking and financial services
2026-01-20 00:20:50,Market Intelligence,Google Custom Search,N/A,AU Small Finance Bank gain 2.2% as lender seeks RBI approval to ...,https://upstox.com/news/market-news/stocks/au-small-finance-bank-gain-2-2-as-lender-seeks-rbi-approval-to-become-universal-bank-check-details/article-114464/,upstox.com,N/A,"1 day ago AU Small Finance Bank shares gained more than 2% on Wednesday, September 4, after the lender announced it is seeking approval from the Reserve Bank of India ("
2026-01-20 00:20:50,Market Intelligence,Google Custom Search,N/A,"Axis Bank: Personal Banking | Internet Banking | Corporate, NRI ...",https://www.axis.bank.in/,axis.bank.in,N/A,1 day ago We are third largest private sector bank in India offering entire spectrum of financial services for personal & corporate banking.
2026-01-20 00:20:50,Market Intelligence,Google Custom Search,N/A,All Rating Rationales,https://www.icra.in/Rating/AllRatingRationales,icra.in,N/A,2 hours ago Rating Rationales · Structured Finance Rating Rationales · Our Rating Approach & Methodologies · Webinars · Credit Perspective Reports · Research Reports · ICRA
2026-01-20 00:20:50,Market Intelligence,Google Custom Search,N/A,ICICI Bank - Wikipedia,https://en.wikipedia.org/wiki/ICICI_Bank,en.wikipedia.org,N/A,2 days ago ICICI Bank Limited is an Indian multinational bank and financial services company. headquartered in Mumbai with a registered office in Vadodara.
2026-01-20 00:20:50,Market Intelligence,Google Custom Search,N/A,New India Bank case: Depositors draw RBI's attention to their ...,https://www.taxtmi.com/news?id=37704,taxtmi.com,N/A,"1 day ago An organisation representing depositors of the New India Co-Operative Bank, hit by alleged embezzlement of Rs 122 crore, have submitted a petition to the"
2026-01-20 00:20:50,Market Intelligence,Google Custom Search,N/A,Indian Cooperative,https://www.indiancooperative.com/,indiancooperative.com,N/A,"4 hours ago By Vidyadhar Anaskar Chairman, Administrative Board, Maharashtra State Cooperative Bank India's social, economic and cultural fabric has always been rooted"
2026-01-20 00:20:50,Market Intelligence,Google Custom Search,N/A,RBI Guv Malhotra calls for high standards of governance in urban co ...,https://m.economictimes.com/news/economy/policy/rbi-guv-malhotra-calls-for-high-standards-of-governance-in-urban-co-op-banks/articleshow/126694412.cms,m.economictimes.com,N/A,3 hours ago Reserve Bank Governor Sanjay Malhotra met with top officials of select Urban Cooperative Banks 1. Budget 2026: India's power shift hinges on fixing a crisis
2026-01-20 00:20:50,Market Intelligence,Google Custom Search,N/A,Udit Bubna Author at ThePrint,https://theprint.in/author/udit-bubna/page/2/,theprint.in,N/A,"1 day ago Centre-backed Bharat Taxi clocks 4 lakh+ customers, bets on cooperative model to take on Ola, Uber · India's urban co-op banks are turning the page—crisis to"
2026-01-20 00:20:50,Market Intelligence,Google Custom Search,N/A,About ADB | Asian Development Bank,https://www.adb.org/who-we-are/about,adb.org,N/A,"7 hours ago ADB is a leading multilateral development bank supporting inclusive, resilient, and sustainable growth across Asia and the Pacific."
2026-01-20 00:20:50,Market Intelligence,Google Custom Search,N/A,Meenakshi N,https://www.iimtrichy.ac.in/en/faculty-profile-view/L1Rmcjk5WWlzZklPT082YnJZNU04dz09/MeenakshiN,iimtrichy.ac.in,N/A,"2 days ago Meenakshi Nagarajan is an associate professor of marketing at IIM Tiruchirappalli. Prior to joining IIM Tiruchirappalli, she worked at IMI New Delhi and Goa"
2026-01-20 00:20:50,Market Intelligence,Google Custom Search,N/A,European Central Bank,https://www.ecb.europa.eu/,ecb.europa.eu,N/A,5 hours ago The European Central Bank (ECB) is the central bank of the European Union countries which have adopted the euro. Our main task is to maintain price
2026-01-20 00:20:50,Market Intelligence,Google Custom Search,N/A,Recent Posts - PMF IAS,https://www.pmfias.com/recent-posts/,pmfias.com,N/A,2 days ago rban co operative banks licenses. RBI proposes reopening urban co India's Agrarian Suicide Crisis January 7
2026-01-20 00:20:50,Market Intelligence,Google Custom Search,N/A,India's World Magazine | www.indiasworld.in,https://indiasworld.in/,indiasworld.in,N/A,"4 hours ago India's World provides a platform for incisive, analytical, and thought-provoking discussions on India's role in international affairs."
2026-01-20 00:20:50,Market Intelligence,Google Custom Search,N/A,Procurement News - SBI In the News,https://sbi.bank.in/web/sbi-in-the-news/procurement-news,sbi.bank.in,N/A,"2 hours ago Location, Tender Description, Start Date, End Date. LHO, LUCKNOW, RBO-III SHAHJAHANPUR: NOTICE FOR HIRING OF PREMISES FOR STATE BANK OF INDIA ,RAUSAR BRANCH"
2026-01-20 00:20:50,Market Intelligence,Google Custom Search,N/A,"Axis Bank: Personal Banking | Internet Banking | Corporate, NRI ...",https://www.axis.bank.in/,axis.bank.in,N/A,1 day ago We are third largest private sector bank in India offering entire spectrum of financial services for personal & corporate banking.
2026-01-20 00:20:50,Market Intelligence,Google Custom Search,N/A,Sarfaesi And Others - SBI In the News,https://sbi.bank.in/web/sbi-in-the-news/auction-notices/sarfaesi-and-others,sbi.bank.in,N/A,4 hours ago Loan Assistance Home Loans Personal Loans Pension Loans Auto Loans Education Loan Gold Loan M/S 21 AUTO INDIA PVT LTD. AUCTION NOTICE FOR SALE OF
2026-01-20 00:20:50,Market Intelligence,Google Custom Search,N/A,Apply Now | Careers | Find Banking Jobs – Punjab National Bank,https://pnb.bank.in/recruitments.aspx,pnb.bank.in,N/A,2 hours ago Recruitments/Careers · JOINING SCHEDULE OF SPECIALIST OFFICERS IN JMGS-I ALLOTTED BY IBPS UNDER COMMON RECRUITMENT PROCESS (CRP) – XIV · Publish Date : 29-Dec-
2026-01-20 00:20:50,Market Intelligence,Google Custom Search,N/A,"The Economic Times: Business News Live, Share Market News ...",https://m.economictimes.com/,m.economictimes.com,N/A,"1 day ago Business news today: Read India Business News Live. Latest Business news and updates on Finance, share market, IPO, and economy. Discover Business News"
2026-01-20 00:20:50,Market Intelligence,Google Custom Search,N/A,PNB Tenders | View Latest Tender Notices – Punjab National Bank,https://pnb.bank.in/tender.aspx,pnb.bank.in,N/A,"8 hours ago Browse the latest tender notices from Punjab National Bank. Access procurement opportunities, bid details, submission deadlines, and vendor guidelines"
2026-01-20 00:20:50,Market Intelligence,Google Custom Search,N/A,Business Opportunities in India: Investment Ideas & Industry Insights ...,https://www.ibef.org/,ibef.org,N/A,"2 hours ago Discover India's economy, business opportunities, investment ideas, and industry research with IBEF – your trusted source for accurate insights. Learn more."
2026-01-20 00:20:50,Market Intelligence,Google Custom Search,N/A,ICRA An Affiliate of Moody's,https://www.icra.in/,icra.in,N/A,"1 hour ago ICRA rates debt instruments issued by corporate entities, commercial banks, non-banking finance companies, financial institutions, public sector"
2026-01-20 00:20:50,Market Intelligence,Google Custom Search,N/A,"Moody's - credit ratings, research, and data for global capital markets",https://www.moodys.com/,moodys.com,N/A,"2 hours ago Moody's CreditView is our flagship solution for global capital markets that incorporates credit ratings, research and data from Moody's Investors Service"
2026-01-20 00:20:50,Market Intelligence,Google Custom Search,N/A,Google News,https://news.google.co.in/,news.google.co.in,N/A,"6 hours ago Read full articles, watch videos, browse thousands of titles and more on the 'Home page' topic with Google News."
2026-01-20 00:20:50,Market Intelligence,Google Custom Search,N/A,ICRA An Affiliate of Moody's,https://www.icra.in/,icra.in,N/A,"2 hours ago ICRA rates debt instruments issued by corporate entities, commercial banks, non-banking finance companies, financial institutions, public sector"
2026-01-20 00:20:50,Market Intelligence,Google Custom Search,N/A,"Axis Bank: Personal Banking | Internet Banking | Corporate, NRI ...",https://www.axis.bank.in/,axis.bank.in,N/A,1 day ago We are third largest private sector bank in India offering entire spectrum of financial services for personal & corporate banking.
2026-01-20 00:20:50,Market Intelligence,Google Custom Search,N/A,ICRA Public Finance Ratings,https://www.icra.in/Rating/RatingCategory?RatingType=CR&RatingCategoryId=4,icra.in,N/A,7 hours ago ICRA industry research provides unique research offering for 60+ sectors in India wherein 250+ Ratings analysts Caught in Chinas magnet grip Indias auto
2026-01-20 00:20:50,Market Intelligence,Google Custom Search,N/A,"PNB E-Auction, Punjab National Bank Auction, Property Auction ...",https://pnb.bank.in/EAuction.aspx,pnb.bank.in,N/A,"5 hours ago Participate in Punjab National Bank's E-Auction to bid on secured assets, foreclosed properties, and bank auctions online. Get the best deals on various"
2026-01-20 00:20:50,Market Intelligence,Google Custom Search,N/A,All Rating Rationales,https://www.icra.in/Rating/AllRatingRationales,icra.in,N/A,2 hours ago Rating Rationales · Structured Finance Rating Rationales · Our Rating Approach & Methodologies · Webinars · Credit Perspective Reports · Research Reports · ICRA
2026-01-20 00:20:50,Market Intelligence,Google Custom Search,N/A,PNB Tenders | View Latest Tender Notices – Punjab National Bank,https://pnb.bank.in/tender.aspx,pnb.bank.in,N/A,8 hours ago Car Loan for PNB Pride Customers · PNB Car Loan For Public · PNB power ride Pre-shipment finance in foreign currency and Indian rupees · Post-shipment
2026-01-20 00:20:50,Market Intelligence,Google Custom Search,N/A,629 Vehicle Finance Nbfc Job Vacancies In Tamil Nadu - Naukri.com,https://www.naukri.com/vehicle-finance-nbfc-jobs-in-tamil-nadu,naukri.com,N/A,2 days ago Apply To Vehicle Finance Nbfc Jobs In Tamil Nadu On India's No. 1 Job Portal Naukri.com. Explore Latest Vehicle Finance Nbfc Job Vacancies In Tamil
2026-01-20 00:20:50,Market Intelligence,Google Custom Search,N/A,Shriram General Insurance - Buy Insurance Policy Online in India,https://www.shriramgi.com/,shriramgi.com,N/A,"2 hours ago Shriram General Insurance is a leading Insurance Providing Company in India. Buy or Renew Your Bike, Motor, Car, Home Insurance & More Online or Visit us."
2026-01-20 00:20:50,Market Intelligence,Google Custom Search,N/A,CG Finance,https://finance.cg.gov.in/,finance.cg.gov.in,N/A,"2 hours ago Releases From Government Of India · Major HeadWise Reciept & Expenditure Of Chhattisgarh, financedept[dot]cg[at]nic[dot]in, National Informatics"
2026-01-20 00:20:50,Market Intelligence,Google Custom Search,N/A,Home | Directorate of Enforcement,https://enforcementdirectorate.gov.in/,enforcementdirectorate.gov.in,N/A,"12 hours ago Directorate of Enforcement. Department of Revenue,. Ministry of Finance, Government of India in India. ED has been given the responsibility to conduct"
2026-01-20 00:20:50,Market Intelligence,Google Custom Search,N/A,"PNB E-Auction, Punjab National Bank Auction, Property Auction ...",https://pnb.bank.in/EAuction.aspx,pnb.bank.in,N/A,"5 hours ago Participate in Punjab National Bank's E-Auction to bid on secured assets, foreclosed properties, and bank auctions online. Get the best deals on various"
2026-01-20 00:20:50,Market Intelligence,Google Custom Search,N/A,"Axis Bank: Personal Banking | Internet Banking | Corporate, NRI ...",https://www.axis.bank.in/,axis.bank.in,N/A,1 day ago We are third largest private sector bank in India offering entire spectrum of financial services for personal & corporate banking.
2026-01-20 00:20:50,Market Intelligence,Google Custom Search,N/A,Google News,https://news.google.com/,news.google.com,N/A,"1 day ago Read full articles, watch videos, browse thousands of titles and more on the ""Home page"" topic with Google News."
2026-01-20 00:20:50,Market Intelligence,Google Custom Search,N/A,All Rating Rationales,https://www.icra.in/Rating/AllRatingRationales,icra.in,N/A,2 hours ago Rating Rationales · Structured Finance Rating Rationales · Our Rating Approach & Methodologies · Webinars · Credit Perspective Reports · Research Reports · ICRA
2026-01-20 00:20:50,Market Intelligence,Google Custom Search,N/A,Sarfaesi And Others - SBI In the News,https://sbi.bank.in/web/sbi-in-the-news/auction-notices/sarfaesi-and-others,sbi.bank.in,N/A,"4 hours ago Description, Auction Date, Documents. AUCTION NOTICE FOR SALE OF PROPERTIES - SAMB II KOLKATA(18192), 28.01.2026. 1. M/S. DEV ROADLINES PVT. LTD · 2."
2026-01-20 00:20:50,Market Intelligence,Google Custom Search,N/A,INE721A07RH9 | 8.75% Shriram Finance Limited 15 Jun 2026,https://smest.in/bond-details/8.75-Shriram-Finance-Limited-15-Jun-2026/INE721A07RH9,smest.in,N/A,"2 days ago loans, two-wheeler financing, gold loans, and housing finance. The ratio in default in payment. Read all the Offer Related documents carefully"
2026-01-20 00:20:50,Market Intelligence,Google Custom Search,N/A,Under-30 Borrowers Show Higher Delinquency In Retail Loans ...,https://www.loansjagat.com/news/under-30-borrowers-show-higher-delinquency-in-retail-loans-crif-high-mark,loansjagat.com,N/A,"6 hours ago The Week (PTI) and Free Press Journal noted that under-30 borrowers default more on personal loans and credit cards, and also on auto or two-wheeler loans."
2026-01-20 00:20:50,Market Intelligence,Google Custom Search,N/A,Louisiana State Police: Home,https://lsp.org/,lsp.org,N/A,"2 hours ago Statewide, cohesive effort between law enforcement and broadcasters, whose goal is to safely locate an abducted child within the critical two-to-three hour time"
2026-01-20 00:20:50,Market Intelligence,Google Custom Search,N/A,Apply for Multicurrency Platinum ForexPlus Chip Card | HDFC Bank,https://www.hdfc.bank.in/forex-cards/multicurrency-platinum-forexplus-chip-forex-card,hdfc.bank.in,N/A,"5 hours ago (Usage of the card is not allowed in India, Nepal and Bhutan.) HDFC Bank Multicurrency Forex Card works just like any Debit / Credit Card for making payments at"
2026-01-20 00:20:50,Market Intelligence,Google Custom Search,N/A,OECD: The Organisation for Economic Co-operation and ...,https://www.oecd.org/,oecd.org,N/A,1 hour ago Featured topics; Agriculture and fisheries; Climate change; Development; Digital; Economy; Education and skills; Employment; Environment; Finance and
2026-01-20 00:20:50,Market Intelligence,Google Custom Search,N/A,"Axis Bank: Personal Banking | Internet Banking | Corporate, NRI ...",https://www.axis.bank.in/,axis.bank.in,N/A,1 day ago We are third largest private sector bank in India offering entire spectrum of financial services for personal & corporate banking.
2026-01-20 00:20:50,Market Intelligence,Google Custom Search,N/A,"PNB Complaint, File Complaint PNB, Punjab National Bank ...",https://pnb.bank.in/CcsrmsFormComplaint.aspx,pnb.bank.in,N/A,2 hours ago शिकायत फॉर्म/ Complaint Form · टिप्पणियां/ Remarks* (Do not share Debit/Credit card number in the remarks field) · इमेज में दिखने वाला कोड दर्ज करें/ Enter the code as shown in image
2026-01-20 00:20:50,Market Intelligence,Google Custom Search,N/A,List of Documents Required for Car Loan (2026) | Axis Bank,https://www.axis.bank.in/loans/car-loan/documents,axis.bank.in,N/A,"11 hours ago Axis Bank offers up to 100% financing for vehicle purchases. A few fundamental car loan documents, like the application form and KYC (know your customer)"
2026-01-20 00:20:50,Market Intelligence,Google Custom Search,N/A,Financial Conduct Authority | FCA,https://www.fca.org.uk/,fca.org.uk,N/A,"2 hours ago The FCA enables a fair and thriving financial services market, for the good of consumers and the economy."
2026-01-20 00:20:50,Market Intelligence,Google Custom Search,N/A,Axis Bank Branch Loan Centre South Mumbai,https://branch.axis.bank.in/axis-bank-branch-loan-centre-mumbai-RAC592/Home,branch.axis.bank.in,N/A,"2 days ago The share holding of Unit Trust of India was subsequently transferred to SUUTI, an entity established in 2003. The address of this branch/ATM is Warden House"
2026-01-20 00:20:50,Market Intelligence,Google Custom Search,N/A,Platinum Plus Credit Card - Enjoy 0% Fuel Surcharge & Attractive ...,https://www.hdfc.bank.in/credit-cards/platinum-plus-credit-card,hdfc.bank.in,N/A,"2 hours ago Save up to Rs.1500 in a year on your fuel transactions with Platinum Plus Credit Card & get attractive reward points, interest free credit facility & free"
2026-01-20 00:20:50,Market Intelligence,Google Custom Search,N/A,Axis Bank ATM,https://branch.axis.bank.in/axis-bank-atm-atm-pargana-central-doon-dehradun-87861/Home,branch.axis.bank.in,N/A,2 days ago Credit Card; Debit Card; Master Card; Visa. Tags. Personal Loan; Car Loan; Home Loan; Credit Cards; Insurance; Fixed Deposits; Savings Account; Bank in India
2026-01-20 00:20:50,Market Intelligence,Google Custom Search,N/A,FedMobile & FedCorp - Notification page,https://www.federal.bank.in/fedmobile-fedcorp-notification-page,federal.bank.in,N/A,1 day ago India. Send Money to India in Indian Rupee. Bank's Rupee Drawing Car Loan Interest Rates | Personal Loan Interest Rates. © 2025 The Federal Bank Limited
2026-01-20 00:20:50,Market Intelligence,Google Custom Search,N/A,Gold Loan eligibility calculator | Bank of Baroda,https://bankofbaroda.bank.in/calculators/gold-loan-calculator,bankofbaroda.bank.in,N/A,"4 hours ago Use our Gold Loan Calculator online to check your eligibility, calculate EMI & interest rates. Get instant results with our gold loan calculator for your"
2026-01-20 00:20:50,Market Intelligence,Google Custom Search,N/A,16441 Loan Audit Job Vacancies In January 2026 - Naukri.com,https://www.naukri.com/loan-audit-jobs,naukri.com,N/A,10 hours ago Internal audit · RCU · Fraud investigation · Vehicle Finance · Auto Credit Saison India rating-star 3.8. company-location Mumbai(Andheri).
2026-01-20 00:20:50,Market Intelligence,Google Custom Search,N/A,Newsroom | Daimler Truck,https://www.daimlertruck.com/en/newsroom,daimlertruck.com,N/A,7 hours ago Do you always want to be informed about all the news and new stories? Then order the Daimler Truck newsletter and stay up to date! If you want to make changes
2026-01-20 00:20:50,Market Intelligence,Google Custom Search,N/A,Procurement News - SBI In the News,https://sbi.bank.in/web/sbi-in-the-news/procurement-news,sbi.bank.in,N/A,"2 hours ago RBO/CTC-V/05/2025-26/08: TENDER NOTICE FOR REQUIREMENT OF COMMERCIAL SPACE FOR SHIFTING OF CUTTACK CITY BRANCH UNDER RBO-CUTTACK. 17-Jan-2026, 30-Jan-2026."
2026-01-20 00:20:50,Market Intelligence,Google Custom Search,N/A,"The Economic Times: Business News Live, Share Market News ...",https://m.economictimes.com/,m.economictimes.com,N/A,"1 day ago Business news today: Read India Business News Live. Latest Business news and updates on Finance, share market, IPO, and economy. Discover Business News"
2026-01-20 00:20:50,Market Intelligence,Google Custom Search,N/A,China Commercial Vehicle IoV and Intelligent Cockpit Industry ...,https://finance.yahoo.com/news/china-commercial-vehicle-iov-intelligent-103300152.html,finance.yahoo.com,N/A,"8 hours ago Key market opportunities include the integration of passenger and commercial vehicle technologies, boosting the intelligentization of commercial vehicles."
2026-01-20 00:20:50,Market Intelligence,Google Custom Search,N/A,ZF Commercial Vehicle Control Systems India Ltd Share Price ...,https://www.livemint.com/market/market-stats/stocks-zf-commercial-vehicle-control-systems-india-ltd-share-price-nse-bse-s0004008,livemint.com,N/A,11 hours ago Financial; Valuation. No Data. Financial insights for ZF Commercial Vehicle Control Systems India Ltd are currently unavailable. Please check back later. ZF
2026-01-20 00:20:50,Market Intelligence,Google Custom Search,N/A,Shriram Finance Ltd. - Share/Stock Price,https://www.moneycontrol.com/india/stockpricequote/finance-leasinghire-purchase/shriramfinance/STF,moneycontrol.com,N/A,3 hours ago Shriram Finance Share Price: Find the latest news on Shriram Finance Stock Price. Get all the information on Shriram Finance with historic price charts for
2026-01-20 00:20:50,Market Intelligence,Google Custom Search,N/A,Government eProcurement System,https://etenders.gov.in/eprocure/app?component=%24DirectLink&page=FrontEndTendersByOrganisation&service=direct&sp=SBHgI013YJrPRYhqXDt5TRg%3D%3D,etenders.gov.in,N/A,"2 hours ago 09-Feb-2026 02:00 PM, 10-Feb-2026 03:30 PM, [Call for providing, running and maintenance of Mahindra Scorpio or equivalent commercial vehicle under PIU Bhopal.]"
2026-01-20 00:20:50,Market Intelligence,Google Custom Search,N/A,ICRA An Affiliate of Moody's,https://www.icra.in/,icra.in,N/A,"1 hour ago ICRA rates debt instruments issued by corporate entities, commercial banks, non-banking finance companies, financial institutions, public sector"
2026-01-20 00:20:50,Market Intelligence,Google Custom Search,N/A,INE721A07RH9 | 8.75% Shriram Finance Limited 15 Jun 2026,https://smest.in/bond-details/8.75-Shriram-Finance-Limited-15-Jun-2026/INE721A07RH9,smest.in,N/A,"2 days ago Shriram Finance, established in 1979, is an RBI-registered NBFC specializing in commercial vehicle and asset financing. Recent News. More News Right"
2026-01-20 00:20:50,Market Intelligence,Google Custom Search,N/A,Commercial Vehicle Group (NASDAQ:CVGI) Has Some Difficulty ...,https://ca.finance.yahoo.com/news/commercial-vehicle-group-nasdaq-cvgi-103200636.html,ca.finance.yahoo.com,N/A,"8 hours ago When researching a stock for investment, what can tell us that the company is in decline? A business that's potentially"
2026-01-20 00:20:50,Market Intelligence,Google Custom Search,N/A,Importance of Car Loan Interest Rates | karnataka bank,https://www.karnatakabank.bank.in/blog/importance-car-loan-interest-rates,karnatakabank.bank.in,N/A,1 hour ago Purchasing a car is often seen as a big financial decision in one's life. Most people opt to take a car loan when buying a vehicle - be it a new or a used
2026-01-20 00:20:50,Market Intelligence,Google Custom Search,N/A,"Axis Bank: Personal Banking | Internet Banking | Corporate, NRI ...",https://www.axis.bank.in/,axis.bank.in,N/A,1 day ago We are third largest private sector bank in India offering entire spectrum of financial services for personal & corporate banking.
2026-01-20 00:20:50,Market Intelligence,Google Custom Search,N/A,All Rating Rationales,https://www.icra.in/Rating/AllRatingRationales,icra.in,N/A,2 hours ago used car loan securitisation transaction. Cars24 Financial Services Private Credit Perspective Reports. 19 Jan 2026. India Infrastructure Finance Company
2026-01-20 00:20:50,Market Intelligence,Google Custom Search,N/A,"2054 Used Hyundai Verna Cars In India, Second Hand Hyundai ...",https://www.carwale.com/used/hyundai-verna/,carwale.com,N/A,"20 hours ago Used Verna Alternatives. 1,492 + people in India are interested in Used Cars in the last 24 hours Car loan offers. Need a Car Loan? Apply to get Instant Pre-"
2026-01-20 00:20:50,Market Intelligence,Google Custom Search,N/A,Best Cars under 1 Crore in India - 50 Lakh,https://www.cardekho.com/new-cars+50-lakh-1-crore,cardekho.com,N/A,"10 hours ago If you want to know more about the new cars, upcoming cars or latest cars prices in your city, offers, variants, specifications, pictures, car loan, emi"
2026-01-20 00:20:50,Market Intelligence,Google Custom Search,N/A,Sarfaesi And Others - SBI In the News,https://sbi.bank.in/web/sbi-in-the-news/auction-notices/sarfaesi-and-others,sbi.bank.in,N/A,4 hours ago Loan Car Loan Pre-Approved Car Loan Loan against Fixed Deposit Personal Gold Loan M/S 21 AUTO INDIA PVT LTD. AUCTION NOTICE FOR SALE OF PROPERTIES
2026-01-20 00:20:50,Market Intelligence,Google Custom Search,N/A,"Maruti Suzuki Cars Price 2026, Maruti Nexa Car Models, Reviews ...",https://www.cardekho.com/maruti-suzuki-cars,cardekho.com,N/A,2 days ago Maruti car prices in India range from ₹3.50 Lakh to ₹28.61 Lakh (Ex-showroom). The top 5 popular Maruti models and their prices are the FRONX (₹6.85 - 11.98
2026-01-20 00:20:50,Market Intelligence,Google Custom Search,N/A,"Buy Used Verna Cars in Delhi NCR starts at Rs. 3.56 Lakh, 28 ...",https://www.spinny.com/used-verna-cars-in-delhi-ncr/s/,spinny.com,N/A,"12 hours ago For a hassle-free ownership experience, Spinny provides 5-day money-back guarantee, free RC transfer and quick loan approvals on all Spinny Assured second hand"
2026-01-20 00:20:50,Market Intelligence,Google Custom Search,N/A,Best Cars under 35 Lakh in India,https://www.cardekho.com/new-cars+20-lakh-35-lakh,cardekho.com,N/A,"4 hours ago If you want to know more about the new cars, upcoming cars or latest cars prices in your city, offers, variants, specifications, pictures, car loan, emi"
2026-01-20 00:20:50,Market Intelligence,Google Custom Search,N/A,"Buy Second Hand Hyundai Creta in Delhi NCR, 46 Used Creta Cars ...",https://www.spinny.com/used-creta-cars-in-delhi-ncr/s/,spinny.com,N/A,"1 day ago To make ownership simple, every Spinny Assured Creta comes with a 5-day money-back guarantee, free RC transfer, and quick loan approval with flexible EMIs. If"
2026-01-20 00:20:50,Market Intelligence,Google Custom Search,N/A,"PNB E-Auction, Punjab National Bank Auction, Property Auction ...",https://pnb.bank.in/EAuction.aspx,pnb.bank.in,N/A,"5 hours ago Participate in Punjab National Bank's E-Auction to bid on secured assets, foreclosed properties, and bank auctions online. Get the best deals on various"
2026-01-20 00:20:50,Market Intelligence,Google Custom Search,N/A,"Axis Bank: Personal Banking | Internet Banking | Corporate, NRI ...",https://www.axis.bank.in/,axis.bank.in,N/A,1 day ago We are third largest private sector bank in India offering entire spectrum of financial services for personal & corporate banking.
2026-01-20 00:20:50,Market Intelligence,Google Custom Search,N/A,Sarfaesi And Others - SBI In the News,https://sbi.bank.in/web/sbi-in-the-news/auction-notices/sarfaesi-and-others,sbi.bank.in,N/A,4 hours ago AUCTION NOTICE FOR SALE OF PROPERTIES - SAMB SECUNDERABAD - 04106 ; 28.01.2026 ; 1. M/S. SAI GLOBAL YARNTEX(INDIA) PVT LTD.
2026-01-20 00:20:50,Market Intelligence,Google Custom Search,N/A,Insurance - Best Insurance Plans Online in India | Axis Bank,https://www.axis.bank.in/insurance,axis.bank.in,N/A,23 hours ago Check out life insurance and general insurance policies and get financial security for yourself and your loved ones. Visit Axis Bank to know more in detail.
2026-01-20 00:20:50,Market Intelligence,Google Custom Search,N/A,Power Fin Corp Ltd. Today Live NSE/BSE,https://www.bajajfinserv.in/investments/pfc-share-price,bajajfinserv.in,N/A,"5 hours ago *Disclaimer for Bajaj Finance Limited ('BFL'):. Stock trading business is carried by Bajaj Financial Securities Limited (""BFSL""), a broker and Depository"
2026-01-20 00:20:50,Market Intelligence,Google Custom Search,N/A,ICRA Public Finance Ratings,https://www.icra.in/Rating/RatingCategory?RatingType=CR&RatingCategoryId=4,icra.in,N/A,"7 hours ago ICRA's Public Finance Ratings cover sovereign and sub-sovereign entities, State governments,and local bodies like municipal corporations, municipal councils"
2026-01-20 00:20:50,Market Intelligence,Google Custom Search,N/A,Team Sales Manager-AGRI-FIN-TRACTOR LOANS AND RETAIL ...,https://www.foundit.in/job/team-sales-manager-agri-fin-tractor-loans-and-retail-tfe-marketing-branches-operations-kotak-mahindra-bank-limited-varanasi-42350283,foundit.in,N/A,"2 days ago TRACTOR LOANS AND RETAIL(TFE)-Marketing Branches Operations with 2 - 4 Year of Experience in Varanasi,India. Explore required skills, salary"
2026-01-20 00:20:50,Market Intelligence,Google Custom Search,N/A,Bajaj Finserv Gold Loan in Islampur Sangli,https://nearme.bajajfinserv.in/gold-loan/bajaj-finserv-gold-loan-islampur-ganesh-nagar-loan-agency-islampur-sangli-371604/Home,nearme.bajajfinserv.in,N/A,"1 day ago Bajaj Finserv is one of India's leading and most trusted financial services companies, serving over 80.41 million customers across the country. With a perfect"
2026-01-20 00:20:50,Market Intelligence,Google Custom Search,N/A,All Rating Rationales,https://www.icra.in/Rating/AllRatingRationales,icra.in,N/A,2 hours ago Rating Rationales · Structured Finance Rating Rationales · Our Rating Approach & Methodologies · Webinars · Credit Perspective Reports · Research Reports · ICRA
2026-01-20 00:20:50,Market Intelligence,Google Custom Search,N/A,Bajaj Finserv Gold Loan in Pipliyahana Indore,https://nearme.bajajfinserv.in/gold-loan/bajaj-finserv-gold-loan-indore-bangali-square-loan-agency-pipliyahana-indore-396063/Home,nearme.bajajfinserv.in,N/A,"1 day ago Bajaj Finserv is one of India's leading and most trusted financial services companies, serving over 80.41 million customers across the country. With a perfect"
2026-01-20 00:20:50,Market Intelligence,Google Custom Search,N/A,Sarfaesi And Others - SBI In the News,https://sbi.bank.in/web/sbi-in-the-news/auction-notices/sarfaesi-and-others,sbi.bank.in,N/A,"4 hours ago Logo of the State Bank of India, featuring a blue and white design with the Loan Against MF, Agriculture Loans. 7.25%* p.a. onwards. w.e.f. 15.12.2025. *TC"
2026-01-20 00:20:50,Market Intelligence,Google Custom Search,N/A,KCC Eligibility Calculator,https://pnb.bank.in/kcc-eligibility-calculator.aspx,pnb.bank.in,N/A,"1 day ago Disclaimer · This is an approximate value. · PMFBY premium for notified crops of district is 1.5% of loan amount for Rabi Crops , 2% of loan amount for Kharif"
2026-01-20 00:20:50,Market Intelligence,Google Custom Search,N/A,"Agriculture News: Latest Agriculture News from India, Crop Prices ...",https://www.business-standard.com/industry/agriculture,business-standard.com,N/A,"8 hours ago The paper is based on a farmer survey of 2,838 farmers in Punjab, Maharashtra and Uttar Pradesh. Farm loan waivers don't address underlying causes of farmer"
2026-01-20 00:20:50,Market Intelligence,Google Custom Search,N/A,Rohit Pawar accuses Maharashtra govt of inflating farmer relief figures,https://www.nationalheraldindia.com/politics/rohit-pawar-accuses-maharashtra-govt-of-inflating-farmer-relief-figures,nationalheraldindia.com,N/A,1 day ago NCP (SP) MLA says administration reneging on farm loan waiver pledge and camouflaging neglect under guise of relief.
2026-01-20 00:20:50,Market Intelligence,Google Custom Search,N/A,"Page 3074 - Economy & Policy News: News, features and opinion ...",https://www.business-standard.com/economy/news/page-3074,business-standard.com,N/A,14 hours ago Farm loan waiver: Cong terms Maharahtra govt plan mere jugglery of numbers. Chavan further said that neither RBI nor NABARD gave any written confirmation on
2026-01-20 00:20:50,Market Intelligence,Google Custom Search,N/A,"Which of the following statements best describes the term ""Fiscal ...",https://forumias.com/blog/question/which-of-the-following-statements-best-describes-the-term-fiscal-slippage/,forumias.com,N/A,"1 day ago Common causes include farm loan waivers, shortfall in tax revenue (e.g., GST or VAT), and higher subsidies or oil price shocks. Source– BS · Blog · Academy."
2026-01-20 00:20:50,Market Intelligence,Google Custom Search,N/A,All News Archives - Page 10192 of 10195 - ChiniMandi,https://www.chinimandi.com/all-news/page/10192/?filter_by=random_posts,chinimandi.com,N/A,"6 hours ago Farm Loan Waivers Against Economic Principles: ADB India Chief. January 12, 2019. महात्मा जोतिराव फुले शेतकरी कर्जमुक्ती"
2026-01-20 00:20:50,Market Intelligence,Google Custom Search,N/A,"Rasheeda Bhagat News, BL Columns/Editorial - The ...",https://www.thehindubusinessline.com/opinion/columns/rasheeda-bhagat/,thehindubusinessline.com,N/A,"2 hours ago Explore Rasheeda Bhagat's insightful opinion in BL columns on Business, Economy, Indian Stock Markets & Personal Finance on Business Line."
2026-01-20 00:20:50,Market Intelligence,Google Custom Search,N/A,Energy News | Top Energy Headlines | Reuters,https://www.reuters.com/business/energy/,reuters.com,N/A,"4 hours ago Oil prices fell on Monday as civil unrest in Iran subsided, reducing the likelihood of a U.S. attack that could disrupt supply from the major producer,"
2026-01-20 00:20:50,Market Intelligence,Google Custom Search,N/A,Red River Farm Network,https://www.rrfn.com/,rrfn.com,N/A,4 hours ago Subscribe to RRFN. Get a weekly digest from RRFN to stay up-to-date on all the latest news in agriculture.
2026-01-20 00:20:50,Market Intelligence,Google Custom Search,N/A,Food and Agriculture Organization of the United Nations: Home,https://www.fao.org/home/en,fao.org,N/A,"2 hours ago Discover how women farmers drive food security, nutrition and economic resilience and join the call to strengthen women's empowerment across agrifood systems."
2026-01-20 00:20:50,Market Intelligence,Google Custom Search,N/A,Programme — Development Studies Association,https://www.devstud.org.uk/conference/conference-2026/programme/,devstud.org.uk,N/A,"5 hours ago Programme. 8-10 July 2026, Hybrid at University College Dublin. Reimagining Development. Power, Agency, and Futures in an Uncertain World."
2026-01-20 00:20:50,Market Intelligence,Google Custom Search,N/A,Economy of Iran - Wikipedia,https://en.wikipedia.org/wiki/Economy_of_Iran,en.wikipedia.org,N/A,"1 day ago It consists of hydrocarbon, agricultural and service sectors, in addition to manufacturing and financial services, [25] with over 40 industries traded on the"
2026-01-20 00:20:50,Market Intelligence,Google Custom Search,N/A,Untitled,https://apeda.gov.in/sites/default/files/announcements/Notice_012026_19012026.pdf,apeda.gov.in,N/A,"7 hours ago Group 1: Agriculture/ Horticulture/ Plantation/ Agriculture Engineering/ Agriculture Financial Crisis,. 9. Financial Accounting,. 10. Operations management"
2026-01-20 00:20:50,Market Intelligence,Google Custom Search,N/A,Economy of Africa - Wikipedia,https://en.wikipedia.org/wiki/Economy_of_Africa,en.wikipedia.org,N/A,"6 hours ago The economy of Africa consists of the trade, industry, agriculture, and human resources of the continent. As of 2019, approximately 1.3 billion people were"
2026-01-20 00:20:50,Market Intelligence,Google Custom Search,N/A,Welcome to the UNDP Job Page!,https://jobs.undp.org/cj_view_jobs.cfm,jobs.undp.org,N/A,"2 hours ago Crisis Resilience · Economics, Sustainable Finance, and Growth · Effective Governance · Innovation & Effectiveness · Gender Equality · Health · Nature, Climate, and"
2026-01-20 00:20:50,Market Intelligence,Google Custom Search,N/A,India's coconut belt battles whitefly crisis,https://india.mongabay.com/2026/01/indias-coconut-belt-battles-whitefly-crisis/,india.mongabay.com,N/A,"8 hours ago But farmers insist the pest appeared years earlier. A.E. Srinivasan, 68, a B.Sc. Agriculture graduate and coconut farmer for nearly four decades, says, “I first"
2026-01-20 00:20:50,Market Intelligence,Google Custom Search,N/A,Indias Economic Development Since 1947 2009 10,https://innotech.kiet.edu/rdifferentiatet/didentifyl/899E96S261/493E82S/indias-economic__development-since_1947__2009__10.pdf,innotech.kiet.edu,N/A,"24 hours ago India, Agriculture, India Industry The 1991 balance of payments crisis forced India to abandon its socialist model and embrace economic liberalization."
2026-01-20 00:20:50,Market Intelligence,Google Custom Search,N/A,European Central Bank,https://www.ecb.europa.eu/,ecb.europa.eu,N/A,5 hours ago The European Central Bank (ECB) is the central bank of the European Union countries which have adopted the euro. Our main task is to maintain price
2026-01-20 00:20:50,Market Intelligence,Google Custom Search,N/A,Administrative Procurement,https://www.worldbank.org/en/about/corporate-procurement/business-opportunities/administrative-procurement,worldbank.org,N/A,"22 hours ago RFxNow 2019860 - ""Consultancy to strengthen the sex-disaggregated data (SDD) capabilities of the African Financial Sec"", 0002019860, December 17,2025 ; RFxNow"
2026-01-20 00:20:50,Market Intelligence,Google Custom Search,N/A,India Meteorological Department: IMD Mausam,https://mausam.imd.gov.in/,mausam.imd.gov.in,N/A,"2 hours ago Official India Meteorological Department (IMD) website. Get accurate weather forecasts, cyclone alerts, radar images, and current conditions for all Indian"
2026-01-20 00:20:50,Market Intelligence,Google Custom Search,N/A,How a 'Goldilocks combination' in agriculture has kept food inflation ...,https://indianexpress.com/article/explained/explained-economics/goldilocks-combination-agriculture-food-inflation-10481610/,indianexpress.com,N/A,6 hours ago The Goldilocks impact on agriculture. The combination of a poor monsoon and high temperatures during 2023 adversely affected India's agricultural production.
2026-01-20 00:20:50,Market Intelligence,Google Custom Search,N/A,Rainfall Information | India Meteorological Department,https://mausam.imd.gov.in/responsive/rainfallinformation.php,mausam.imd.gov.in,N/A,13 hours ago Specialised products & forecasts. Cyclones | Monsoon | Satellite · Radar | Rainfall | Agromet Advisories; MAUSAM : ANDROID | APPLE | Video; Meghdoot Agro :
2026-01-20 00:20:50,Market Intelligence,Google Custom Search,N/A,Global Water Cycle: Significance & Global Impact,https://www.pmfias.com/global-water-cycle/,pmfias.com,N/A,"1 day ago Global water cycle disruptions drive extreme events worldwide, causing floods, droughts, and heatwaves in India, affecting agriculture, cities,"
2026-01-20 00:20:50,Market Intelligence,Google Custom Search,N/A,Indian Monsoon Questions for UKPSC (Uttarakhand) exam - Free ...,https://edurev.in/chapter/questions/136464/136552/Indian-Monsoon,edurev.in,N/A,1 day ago This understanding of the monsoon's behavior is vital for interpreting climatic conditions and their impact on agriculture and water resources in India.
2026-01-20 00:20:50,Market Intelligence,Google Custom Search,N/A,"Latest News, Videos and Photos of Monsoon | Times of India",https://timesofindia.indiatimes.com/topic/monsoon,timesofindia.indiatimes.com,N/A,18 hours ago Monsoon refers to the seasonal wind of the Indian Ocean and influence the behavior of the monsoon. Because of its effect on agriculture
2026-01-20 00:20:50,Market Intelligence,Google Custom Search,N/A,Climate Questions for UKPSC (Uttarakhand) exam - Free Online All ...,https://edurev.in/chapter/questions/136464/136551/Climate,edurev.in,N/A,"1 day ago These can lead to significant weather events, sometimes causing heavy rainfall in coastal regions. - Agricultural Impact: Farmers rely on the retreating monsoon"
2026-01-20 00:20:50,Market Intelligence,Google Custom Search,N/A,"CLEAN – Soil, Air, Water - Wiley Online Library",https://onlinelibrary.wiley.com/journal/18630669,onlinelibrary.wiley.com,N/A,"10 hours ago Cropping Patterns and Monsoon Dynamics Impacts on Soil Hydraulic Function in West Bengal, India Agricultural"
2026-01-20 00:20:50,Market Intelligence,Google Custom Search,N/A,"What are Kharif Crops? Definition, Season, Examples & Importance ...",https://www.swasya.com/blog/what-are-kharif-crops,swasya.com,N/A,1 day ago What Is the Kharif Season in India? The season of kharif crops begins with the southwest monsoon. Usually June to October. Farmers wait for those first proper
2026-01-20 00:20:50,Market Intelligence,Google Custom Search,N/A,Drop In Pulses Prices Reveals Flaws In India's Agriculture Policy ...,https://sabrangindia.in/article/drop-pulses-prices-reveals-flaws-indias-agriculture-policy/,sabrangindia.in,N/A,12 hours ago A good monsoon that led to record sowing and production of pulses–especially tur dal (pigeon pea)–has almost halved their wholesale and retail prices in
2026-01-20 00:20:50,Market Intelligence,Google Custom Search,N/A,Gold Loan eligibility calculator | Bank of Baroda,https://bankofbaroda.bank.in/calculators/gold-loan-calculator,bankofbaroda.bank.in,N/A,"2 hours ago Use our Gold Loan Calculator online to check your eligibility, calculate EMI & interest rates. Get instant results with our gold loan calculator for your"
2026-01-20 00:20:50,Market Intelligence,Google Custom Search,N/A,Procurement News - SBI In the News,https://sbi.bank.in/web/sbi-in-the-news/procurement-news,sbi.bank.in,N/A,"3 hours ago Location, Tender Description, Start Date, End Date. LHO, LUCKNOW, RBO-III SHAHJAHANPUR: NOTICE FOR HIRING OF PREMISES FOR STATE BANK OF INDIA ,RAUSAR BRANCH"
2026-01-20 00:20:50,Market Intelligence,Google Custom Search,N/A,"Axis Bank: Personal Banking | Internet Banking | Corporate, NRI ...",https://www.axis.bank.in/,axis.bank.in,N/A,1 day ago We are third largest private sector bank in India offering entire spectrum of financial services for personal & corporate banking.
2026-01-20 00:20:50,Market Intelligence,Google Custom Search,N/A,Apply Instant Personal Loan Online Upto Rs. 50 Lakh,https://pnb.bank.in/personal.aspx,pnb.bank.in,N/A,2 hours ago Gold Loan. Scheme For Housing Finance Scheme For Public - PNB Max-Saver. Personal Loan Scheme For Life Insurance Corporation (LIC) Of India Employees.
2026-01-20 00:20:50,Market Intelligence,Google Custom Search,N/A,Gold Loan – Apply Loan Against Gold Online Up to Rs. 2 Cr*,https://www.iifl.com/gold-loans,iifl.com,N/A,"5 hours ago IIFL Finance offers a quick and hassle-free way to meet urgent financial needs, whether personal or business, without the need to sell your gold. With loan"
2026-01-20 00:20:50,Market Intelligence,Google Custom Search,N/A,India News | Today's Top Stories | Reuters,https://www.reuters.com/world/india/,reuters.com,N/A,"3 hours ago India's central bank has proposed that BRICS countries link their official digital currencies to make cross-border trade and tourism payments easier,"
2026-01-20 00:20:50,Market Intelligence,Google Custom Search,N/A,"Manappuram, Muthoot, and IIFL Finance shares rally up to 57% in ...",https://upstox.com/news/market-news/stocks/manappuram-muthoot-and-iifl-finance-shares-rally-up-to-57-in-six-months-amid-gold-s-meteoric-rise-will-the-surge-continue/article-183231/,upstox.com,N/A,"22 hours ago Gold rates today: In the domestic market, gold prices are at an all Press Trust of India (PTI) is India's premier news agency. Next Story. Market"
2026-01-20 00:20:50,Market Intelligence,Google Custom Search,N/A,"Moody's - credit ratings, research, and data for global capital markets",https://www.moodys.com/,moodys.com,N/A,"5 hours ago Moody's CreditView is our flagship solution for global capital markets that incorporates credit ratings, research and data from Moody's Investors Service"
2026-01-20 00:20:50,Market Intelligence,Google Custom Search,N/A,Investing.com - Stock Market Quotes & Financial News,https://www.investing.com/,investing.com,N/A,"1 day ago Real-time quotes, charts, news & tools from Investing.com. Get AI analysis & premium data with InvestingPro to uncover strategic market opportunities."
2026-01-20 00:20:50,Market Intelligence,Google Custom Search,N/A,Markets - Bloomberg,https://www.bloomberg.com/markets,bloomberg.com,N/A,"2 hours ago Bloomberg delivers business and markets news, data, analysis, and video to the world, featuring stories from Businessweek and Bloomberg News on everything"
2026-01-20 00:20:50,Market Intelligence,Google Custom Search,N/A,Gold Loan – Apply Loan Against Gold Online Up to Rs. 2 Cr*,https://www.iifl.com/gold-loans,iifl.com,N/A,"2 hours ago Apply for Gold Loan online at IIFL Finance with interest rates starting from 11.88% p.a.*, up to 75% of gold value, flexible tenure and quick approval."
2026-01-20 00:20:50,Market Intelligence,Google Custom Search,N/A,Gold Loan interest rates 2026: Lowest Gold Loan Interest Rate in ...,https://www.atticagoldcompany.com/gold-loan-interest-rates/,atticagoldcompany.com,N/A,"2 days ago Borrowers should also evaluate processing fees, appraiser charges, renewal costs, and GST impact. These charges may look small but can reduce your net disbursed"
2026-01-20 00:20:50,Market Intelligence,Google Custom Search,N/A,"Loan Against Gold Providers in Chinchwad, Pune - Compare ...",https://www.justdial.com/Pune/Loan-Against-Gold-in-Chinchwad/nct-10302729,justdial.com,N/A,"1 day ago Find trusted loan against gold providers in Chinchwad, Pune on Justdial. Compare lenders, check interest rates, and explore quick loan options with flexible"
2026-01-20 00:20:50,Market Intelligence,Google Custom Search,N/A,"Moody's - credit ratings, research, and data for global capital markets",https://www.moodys.com/,moodys.com,N/A,"5 hours ago Shocks are rippling across sectors, from rising insurance premiums to lower property prices and tax revenue. Adaptation and resilience investment and good"
2026-01-20 00:20:50,Market Intelligence,Google Custom Search,N/A,"Muthoot Finance Products Explained: Bonds, FDs, Gold Loans and ...",https://bondscanner.com/blog/muthoot-finance-products-bonds-fd-gold-loans-interest-rates,bondscanner.com,N/A,"7 hours ago Among these, entities under the Muthoot brand are widely known for gold-backed lending and debt offerings. Gold Price Risk: Impact on gold loan collateral"
2026-01-20 00:20:50,Market Intelligence,Google Custom Search,N/A,"Todays Gold Rate in Vijayawada, 18, 22 & 24 Carat Gold Price on ...",https://www.goodreturns.in/gold-rates/vijayawada.html,goodreturns.in,N/A,8 hours ago By knowing the fact that such factors dose not effect gold prices as gold rates will not change with such factors. There are investors who prefer to invest in
2026-01-20 00:20:50,Market Intelligence,Google Custom Search,N/A,How an EMI Calculator Helps You Choose the Right Loan Tenure?,https://www.angelone.in/news/personal-finance/how-an-emi-calculator-helps-you-choose-the-right-loan-tenure,angelone.in,N/A,"2 days ago An EMI calculator helps borrowers compare loan tenure, interest rate and monthly payment to choose an affordable repayment plan."
2026-01-20 00:20:50,Market Intelligence,Google Custom Search,N/A,South Indian Bank focussing on high-yield retail assets to boost ...,https://www.moneycontrol.com/news/business/south-indian-bank-focussing-on-high-yield-retail-assets-to-boost-margins-cutting-back-short-term-corporate-lending-says-ceo-pr-seshadri-13778870.html/amp,moneycontrol.com,N/A,10 hours ago How did gold loan We now use a value-at-risk framework to assess the impact of potential gold price movements on the portfolio based on historical trends.
2026-01-20 00:20:50,Market Intelligence,Google Custom Search,N/A,"Today's Gold Rate/Price in Manipur, 22 & 24 Carat - 19 Jan 2026",https://www.bankbazaar.com/gold-rate-manipur.html,bankbazaar.com,N/A,17 hours ago The latest gold rates for both 22K and 24K gold are regularly updated here. Read on to find out the current price of Gold in Manipur. Know Your Credit Score for
2026-01-20 00:20:50,Market Intelligence,Google Custom Search,N/A,European Central Bank,https://www.ecb.europa.eu/,ecb.europa.eu,N/A,5 hours ago The European Central Bank (ECB) is the central bank of the European Union countries which have adopted the euro. Our main task is to maintain price
2026-01-20 00:20:50,Market Intelligence,Google Custom Search,N/A,"PNB E-Auction, Punjab National Bank Auction, Property Auction ...",https://pnb.bank.in/EAuction.aspx,pnb.bank.in,N/A,"5 hours ago Participate in Punjab National Bank's E-Auction to bid on secured assets, foreclosed properties, and bank auctions online. Get the best deals on various"
2026-01-20 00:20:50,Market Intelligence,Google Custom Search,N/A,Sarfaesi And Others - SBI In the News,https://sbi.bank.in/web/sbi-in-the-news/auction-notices/sarfaesi-and-others,sbi.bank.in,N/A,"4 hours ago Description, Auction Date, Documents. AUCTION NOTICE FOR SALE OF PROPERTIES - SAMB II KOLKATA(18192), 28.01.2026. 1. M/S. DEV ROADLINES PVT. LTD · 2."
2026-01-20 00:20:50,Market Intelligence,Google Custom Search,N/A,Auction Sales - City Union Bank,https://cityunionbank.bank.in/auction_sales,cityunionbank.bank.in,N/A,"5 hours ago City Union Bank offers a full suite of banking services - savings & current accounts, fixed & recurring deposits, home & personal loans, NRI services,"
2026-01-20 00:20:50,Market Intelligence,Google Custom Search,N/A,Procurement News - SBI In the News,https://sbi.bank.in/web/sbi-in-the-news/procurement-news,sbi.bank.in,N/A,"2 hours ago Location, Tender Description, Start Date, End Date. LHO, LUCKNOW, RBO-III SHAHJAHANPUR: NOTICE FOR HIRING OF PREMISES FOR STATE BANK OF INDIA ,RAUSAR BRANCH"
2026-01-20 00:20:50,Market Intelligence,Google Custom Search,N/A,Tender | Latest Tender Update | Canara Bank,https://www.canarabank.bank.in/tenders,canarabank.bank.in,N/A,"2 days ago Ref No. Tender Date, Issued By, Last Date, Document, Amendment/Pre-Bid Response. TRANSFER OF STRESSED LOAN EXPOSURE M/s."
2026-01-20 00:20:50,Market Intelligence,Google Custom Search,N/A,Gold Loan – Apply Loan Against Gold Online Up to Rs. 2 Cr*,https://www.iifl.com/gold-loans,iifl.com,N/A,"5 hours ago Auction Process (if needed) - As a last resort, the pledged gold may be auctioned in accordance with Reserve Bank of India (RBI) guidelines. The sale proceeds"
2026-01-20 00:20:50,Market Intelligence,Google Custom Search,N/A,"Canara Bank - Gold Auction Property Auctions, Online Property ...",https://bankeauctions.com/Cb,bankeauctions.com,N/A,"6 hours ago Canara Bank - Gold Auction selling residential, commercial, industrial, agricultural properties, land, plots, house and flats across the India."
2026-01-20 00:20:50,Market Intelligence,Google Custom Search,N/A,Auction Notices,https://ibbi.gov.in/liquidation-auction-notices/lists,ibbi.gov.in,N/A,"4 hours ago Auction Notice. Home; Auction Notice. Reserve Price. Search by Keyword. Last Date of Submission of EMD. Filter by. Select, All, Live auctions."
2026-01-20 00:20:50,Market Intelligence,Google Custom Search,N/A,Gold Loan eligibility calculator | Bank of Baroda,https://bankofbaroda.bank.in/calculators/gold-loan-calculator,bankofbaroda.bank.in,N/A,"4 hours ago Use our Gold Loan Calculator online to check your eligibility, calculate EMI & interest rates. Get instant results with our gold loan calculator for your"
2026-01-20 00:20:50,Market Intelligence,Google Custom Search,N/A,India 10-Year Government Bond Yield - Quote - Chart - News,https://tradingeconomics.com/india/government-bond-yield,tradingeconomics.com,N/A,1 hour ago Bonds issued by national governments in foreign currencies are normally referred to as sovereign bonds. The yield required by investors to loan funds to
2026-01-20 00:20:50,Market Intelligence,Google Custom Search,N/A,India Microfinance Market Shrinks to 4-Year Low Amid Lender Caution,https://www.whalesbook.com/news/English/BankingFinance/India-Microfinance-Market-Shrinks-to-4-Year-Low-Amid-Lender-Caution/696d2eefad039ca929a2c07b,whalesbook.com,N/A,"24 hours ago India's microfinance sector portfolio contracted to ₹3.40 lakh crore by November-end, hitting a four-year low. Lenders adopted a risk-averse stance amidst"
2026-01-20 00:20:50,Market Intelligence,Google Custom Search,N/A,ICRA An Affiliate of Moody's,https://www.icra.in/,icra.in,N/A,"1 hour ago ICRA rates debt instruments issued by corporate entities, commercial banks, non-banking finance companies, financial institutions, public sector"
2026-01-20 00:20:50,Market Intelligence,Google Custom Search,N/A,India's Microfinance Portfolio Contracts to Four-Year Low of ₹3.40 ...,https://scanx.trade/stock-market-news/stocks/india-s-microfinance-portfolio-contracts-to-four-year-low-of-3-40-lakh-crore/30340521,scanx.trade,N/A,"15 hours ago While the sector declined from its April 2024 peak of ₹3.43 lakh crore, individual lenders like ESAF, Equitas, Ujjivan, and CreditAccess Grameen showed"
2026-01-20 00:20:50,Market Intelligence,Google Custom Search,N/A,ICRA Public Finance Ratings,https://www.icra.in/Rating/RatingCategory?RatingType=CR&RatingCategoryId=4,icra.in,N/A,"7 hours ago ICRA industry research provides unique research offering for 60+ sectors in India wherein 250+ Ratings analysts Micro Finance Institutions, Mortgage"
2026-01-20 00:20:50,Market Intelligence,Google Custom Search,N/A,"Cutting risk cuts microfin's portfolio, recovery likely next fiscal - The ...",https://m.economictimes.com/industry/banking/finance/cutting-risk-cuts-microfins-portfolio-recovery-way-off/articleshow/126660469.cms,m.economictimes.com,N/A,"24 hours ago Microfinance loan portfolios have been declining since April 2024, according to industry leaders. This trend began after reaching a high of Rs 3.43 lakh"
2026-01-20 00:20:50,Market Intelligence,Google Custom Search,N/A,Procurement News - SBI In the News,https://sbi.bank.in/web/sbi-in-the-news/procurement-news,sbi.bank.in,N/A,"2 hours ago Location, Tender Description, Start Date, End Date. LHO, LUCKNOW, RBO-III SHAHJAHANPUR: NOTICE FOR HIRING OF PREMISES FOR STATE BANK OF INDIA ,RAUSAR BRANCH"
2026-01-20 00:20:50,Market Intelligence,Google Custom Search,N/A,"Axis Bank: Personal Banking | Internet Banking | Corporate, NRI ...",https://www.axis.bank.in/,axis.bank.in,N/A,1 day ago We are third largest private sector bank in India offering entire spectrum of financial services for personal & corporate banking.
2026-01-20 00:20:50,Market Intelligence,Google Custom Search,N/A,Microfinance in Albania: The Role of Financial Entities,https://innotech.kiet.edu/kprecedel/drecognizen/040126/2P26249B59/microfinance_in__albania-the-role__of__financial.pdf,innotech.kiet.edu,N/A,"12 hours ago A: The Albanian government plays a crucial role in regulating the sector to ensure transparency, protect borrowers' rights, and promote responsible lending"
2026-01-20 00:20:50,Market Intelligence,Google Custom Search,N/A,Bangladesh's proposed microfinance rules could reduce poor ...,https://ianslive.in/bangladeshs-proposed-microfinance-rules-could-reduce-poor-peoples-credit-access--20260119171236,ianslive.in,N/A,7 hours ago New microfinance banking rules has drawn sharp criticism from 17 leading Microfinance Institutions News Service) India Private Limited | Design and
2026-01-20 00:20:50,Market Intelligence,Google Custom Search,N/A,"Moody's - credit ratings, research, and data for global capital markets",https://www.moodys.com/,moodys.com,N/A,"5 hours ago Costlier and more frequent natural disasters are reshaping credit risk. Shocks are rippling across sectors, from rising insurance premiums to lower property"
2026-01-20 00:20:50,Market Intelligence,Google Custom Search,N/A,Apply Instant Personal Loan Online Upto Rs. 50 Lakh,https://pnb.bank.in/personal.aspx,pnb.bank.in,N/A,"2 hours ago Personal Loans ; Housing Finance Scheme For Public - PNB Max-Saver. Personal Loan For Working Woman During Perinatal Period - ""PNB Matritva"" PERSONAL LOAN FOR"
2026-01-20 00:20:50,Market Intelligence,Google Custom Search,N/A,"50+ Loan Collection Officer Jobs, Employment 17 January 2026 ...",https://ng.indeed.com/q-loan-collection-officer-jobs.html,ng.indeed.com,N/A,"2 days ago 2–5 years' experience in loan portfolio management, credit operations, business development, or loan collection within a lending institution, microfinance bank,"
2026-01-20 00:20:50,Market Intelligence,Google Custom Search,N/A,Administrative Procurement,https://www.worldbank.org/en/about/corporate-procurement/business-opportunities/administrative-procurement,worldbank.org,N/A,"22 hours ago Solicitation Title, Number, Issue Date, Closing Date. RFxNow 2019359 - ""Assessing Government-to-Person (G2P) Payments for Adaptive Social Protection in"
2026-01-20 00:20:50,Market Intelligence,Google Custom Search,N/A,About ADB | Asian Development Bank,https://www.adb.org/who-we-are/about,adb.org,N/A,"7 hours ago Working with its members and partners to solve complex challenges together, ADB harnesses innovative financial tools and strategic partnerships to transform"
2026-01-20 00:20:50,Market Intelligence,Google Custom Search,N/A,"Moody's - credit ratings, research, and data for global capital markets",https://www.moodys.com/,moodys.com,N/A,"5 hours ago Moody's CreditView is our flagship solution for global capital markets that incorporates credit ratings, research and data from Moody's Investors Service"
2026-01-20 00:20:50,Market Intelligence,Google Custom Search,N/A,Insurance - Best Insurance Plans Online in India | Axis Bank,https://www.axis.bank.in/insurance,axis.bank.in,N/A,"23 hours ago When you buy insurance, you may assume the company will just check some boxes and issue you a policy"
2026-01-20 00:20:50,Market Intelligence,Google Custom Search,N/A,INE516Q07465 | 9.30% Asirvad Micro Finance Limited 20 Jan 2026,https://smest.in/bond-details/9.30-Asirvad-Micro-Finance-Limited-20-Jan-2026/INE516Q07465,smest.in,N/A,17 hours ago Asirvad Microfinance Limited (AMFL) is a Chennai-based Non-Deposit taking NBFC incorporated in August 2007 and registered with the RBI in December 2007.
2026-01-20 00:20:50,Market Intelligence,Google Custom Search,N/A,"Axis Bank: Personal Banking | Internet Banking | Corporate, NRI ...",https://www.axis.bank.in/,axis.bank.in,N/A,1 day ago We are third largest private sector bank in India offering entire spectrum of financial services for personal & corporate banking.
2026-01-20 00:20:50,Market Intelligence,Google Custom Search,N/A,Collection Manager Jobs In Jaipur And Rajasthan - 421 Collection ...,https://www.naukri.com/collection-manager-jobs-in-jaipur-and-rajasthan,naukri.com,N/A,1 day ago Collections · Collection Management · Team Handling · Secured Loan · Microfinance · Customer Interaction · Recovery Operations · Recovery · Debt
2026-01-20 00:20:50,Market Intelligence,Google Custom Search,N/A,Online Candidate form | Dhanlaxmi Bank,https://www.dhan.bank.in/cv/?post=1057,dhan.bank.in,N/A,"2 days ago [Upto 1000 chars.] Present CTC. Expected CTC *. Health issues, if any: * Current AccountCredit CardHome LoansCar LoansGold LoanFixed DepositSavings Account"
2026-01-20 00:20:50,Market Intelligence,Google Custom Search,N/A,ICICI Bank - Wikipedia,https://en.wikipedia.org/wiki/ICICI_Bank,en.wikipedia.org,N/A,2 days ago ICICI Bank Limited is an Indian multinational bank and financial services company. headquartered in Mumbai with a registered office in Vadodara.
2026-01-20 00:20:50,Market Intelligence,Google Custom Search,N/A,About ADB | Asian Development Bank,https://www.adb.org/who-we-are/about,adb.org,N/A,"7 hours ago Cumulative Loans, Grants, Equity Investments, Technical Assistance, and Trade and Supply Chain Finance and Microfinance Program Commitments (b, c, d). as of"
2026-01-20 00:20:50,Market Intelligence,Google Custom Search,N/A,Bulletin30,https://www.sarttac.org/content/sarttac/en1/BulletinsFY2026/Bulletin30.html,sarttac.org,N/A,"2 days ago The course content was tailored in collaboration with the Ministry of Finance of India and focused on macroeconomic frameworks, fiscal sustainability and macro-"
2026-01-20 00:20:50,Market Intelligence,Google Custom Search,N/A,Administrative Procurement,https://www.worldbank.org/en/about/corporate-procurement/business-opportunities/administrative-procurement,worldbank.org,N/A,"22 hours ago Solicitation Title, Number, Issue Date, Closing Date. RFxNow 2019359 - ""Assessing Government-to-Person (G2P) Payments for Adaptive Social Protection in"
2026-01-20 00:20:50,Market Intelligence,Google Custom Search,N/A,"Moody's - credit ratings, research, and data for global capital markets",https://www.moodys.com/,moodys.com,N/A,"5 hours ago Moody's CreditView is our flagship solution for global capital markets that incorporates credit ratings, research and data from Moody's Investors Service"
2026-01-20 00:20:50,Market Intelligence,Google Custom Search,N/A,What is Brief History of Spandana Sphoorty Financial Company ...,https://portersfiveforce.com/blogs/brief-history/spandanasphoorty,portersfiveforce.com,N/A,"10 hours ago microfinance institution to a major financial services player. Founded in 2003, the company's history includes overcoming a significant state-level crisis"
2026-01-20 00:20:50,Market Intelligence,Google Custom Search,N/A,English,https://www.cadtm.org/English,cadtm.org,N/A,"1 day ago The European Central Bank (ECB) acknowledged the impact of increased military expenditure by European Union (EU) member states on debt, interest rates, and"
2026-01-20 00:20:50,Market Intelligence,Google Custom Search,N/A,From freshwater staples to premium seafood: India's quiet dietary ...,https://www.ideasforindia.in/topics/human-development/from-freshwater-staples-to-premium-seafood-indias-quiet-dietary-transition,ideasforindia.in,N/A,"13 hours ago In landlocked states such as Tripura, Meghalaya, and parts of northern India, marine fish consumption is rising due to improved cold-chain integration and"
2026-01-20 00:20:50,Market Intelligence,Google Custom Search,N/A,Why Indian Fintechs Are Struggling & How AI Voice Agents Are ...,https://subverseai.com/blogs/why-indian-fintechs-are-struggling-and-how-ai-voice-agents-are-fixing-it-for-heads-of-collections-loan-recovery-calls-in-2026,subverseai.com,N/A,1 day ago Why Did Loan Recovery Calls Become a Crisis in 2026? What Were the Biggest Microfinance NPAs touched 4.8%; Rural overdues crossed ₹2.3 lakh crore
2026-01-20 00:20:50,Market Intelligence,Google Custom Search,N/A,Financial Times: Home,https://www.ft.com/,ft.com,N/A,"5 hours ago News, analysis and opinion from the Financial Times on the latest in markets, economics and politics."
2026-01-20 00:20:50,Market Intelligence,Google Custom Search,N/A,Apply Instant Personal Loan Online Upto Rs. 50 Lakh,https://pnb.bank.in/personal.aspx,pnb.bank.in,N/A,2 hours ago Housing Finance Scheme For Public - PNB Max-Saver. Personal Loan Scheme For Life Insurance Corporation (LIC) Of India Employees. Personal Loan Scheme for LIC
2026-01-20 00:20:50,Market Intelligence,Google Custom Search,N/A,"Axis Bank: Personal Banking | Internet Banking | Corporate, NRI ...",https://www.axis.bank.in/,axis.bank.in,N/A,1 day ago We are third largest private sector bank in India offering entire spectrum of financial services for personal & corporate banking.
2026-01-20 00:20:50,Market Intelligence,Google Custom Search,N/A,"Moody's - credit ratings, research, and data for global capital markets",https://www.moodys.com/,moodys.com,N/A,"5 hours ago Moody's CreditView is our flagship solution for global capital markets that incorporates credit ratings, research and data from Moody's Investors Service"
2026-01-20 00:20:50,Market Intelligence,Google Custom Search,N/A,Business Loan Calculator - Business Loan EMI Calculator | Axis Bank,https://www.axis.bank.in/calculators/business-loan-calculator,axis.bank.in,N/A,"4 hours ago Business Loan Calculator - Calculate your EMI for a business loan, interest rates and eligibility by using Axis Bank business loan EMI Calculator."
2026-01-20 00:20:50,Market Intelligence,Google Custom Search,N/A,Sarfaesi And Others - SBI In the News,https://sbi.bank.in/web/sbi-in-the-news/auction-notices/sarfaesi-and-others,sbi.bank.in,N/A,"4 hours ago Logo of the State Bank of India, featuring a blue and white design with the Loan Assistance Home Loans Personal Loans Pension Loans Auto Loans Education Loan"
2026-01-20 00:20:50,Market Intelligence,Google Custom Search,N/A,Canara Bank Forex Card Rates | Real-Time Currency Exchange Rates,https://canarabank.bank.in/pages/forex-card-rates,canarabank.bank.in,N/A,9 hours ago Access Canara Bank real-time Forex Card Rates for accurate currency exchange information. Plan your foreign transactions with confidence.
2026-01-20 00:20:50,Market Intelligence,Google Custom Search,N/A,All Rating Rationales,https://www.icra.in/Rating/AllRatingRationales,icra.in,N/A,3 hours ago Rating Rationales · Structured Finance Rating Rationales · Our Rating Approach & Methodologies · Webinars · Credit Perspective Reports · Research Reports · ICRA
2026-01-20 00:20:50,Market Intelligence,Google Custom Search,N/A,Importance of Car Loan Interest Rates | karnataka bank,https://www.karnatakabank.bank.in/blog/importance-car-loan-interest-rates,karnatakabank.bank.in,N/A,"7 hours ago That way, lenders will find it less probable for you to default on any payment. A new car buyer will get a lower car loan interest rate because a new car offers"
2026-01-20 00:20:50,Market Intelligence,Google Custom Search,N/A,ICRA Public Finance Ratings,https://www.icra.in/Rating/RatingCategory?RatingType=CR&RatingCategoryId=4,icra.in,N/A,7 hours ago Public Finance Ratings · Rating Rationales · Credit Perspective Reports · Our Rating Approach & Methodologies · Webinars · ICRA Ratings Coverage · You may also be
2026-01-20 00:20:50,Market Intelligence,Google Custom Search,N/A,KPMG in India | Home,https://kpmg.com/in/en.html,kpmg.com,N/A,"5 hours ago KPMG in India is one of the leading providers of risk, financial services and business advisory, internal audit, corporate governance."
2026-01-20 00:20:50,Market Intelligence,Google Custom Search,N/A,"Moody's - credit ratings, research, and data for global capital markets",https://www.moodys.com/,moodys.com,N/A,5 hours ago Adaptation and resilience investment and good governance can limit exposure. Watch the video podcast. Sustainable finance 2026 outlook consumer sentiment and
2026-01-20 00:20:50,Market Intelligence,Google Custom Search,N/A,INE296A07SR9 | 8.10% Bajaj Finance Limited 08 Jan 2027,https://smest.in/bond-details/8.10-Bajaj-Finance-Limited-08-Jan-2027/INE296A07SR9,smest.in,N/A,"1 day ago It provides a wide range of financial solutions, including auto, consumer durable, personal, and home loans, alongside SME and vendor financing. As of March"
2026-01-20 00:20:50,Market Intelligence,Google Custom Search,N/A,ICRA An Affiliate of Moody's,https://www.icra.in/,icra.in,N/A,"3 hours ago ICRA rates debt instruments issued by corporate entities, commercial banks, non-banking finance companies, financial institutions, public sector"
2026-01-20 00:20:50,Market Intelligence,Google Custom Search,N/A,Procurement News - SBI In the News,https://sbi.bank.in/web/sbi-in-the-news/procurement-news,sbi.bank.in,N/A,"3 hours ago Location, Tender Description, Start Date, End Date. LHO, LUCKNOW, RBO-III SHAHJAHANPUR: NOTICE FOR HIRING OF PREMISES FOR STATE BANK OF INDIA ,RAUSAR BRANCH"
2026-01-20 00:20:50,Market Intelligence,Google Custom Search,N/A,Poonawalla Fincorp Issues Revised Investor Presentation After AUM ...,https://www.theglobeandmail.com/investing/markets/markets-news/Tipranks/37107230/poonawalla-fincorp-issues-revised-investor-presentation-after-aum-chart-correction/,theglobeandmail.com,N/A,"9 hours ago loans, education loans, commercial vehicle loans, prime personal loans, shopkeeper loans and consumer durable loans. The company positions itself around"
2026-01-20 00:20:50,Market Intelligence,Google Custom Search,N/A,Latest Procurement Information: Tender Details | IOB,https://www.iob.bank.in/TenderDetails.aspx?Tendertype=Tender,iob.bank.in,N/A,2 days ago Tenders ; 9 ; TENDER IN SEARCH OF COMMERCIAL PREMISES TOWARDS OPENING OF LOAN PROCESSING CENTER - Regional Office Dehradun
2026-01-20 00:20:50,Market Intelligence,Google Custom Search,N/A,ConsumerSignals: Consumer spending behavior | Deloitte Insights,https://www.deloitte.com/us/en/insights/industry/retail-distribution/consumer-behavior-trends-state-of-the-consumer-tracker.html,deloitte.com,N/A,12 hours ago ConsumerSignals provides a view into consumers' everyday finances and the spending strategies being used to navigate an unpredictable world.
2026-01-20 00:20:50,Market Intelligence,Google Custom Search,N/A,Top Consumer Durable Loans in Kharghar - Best Loans-consumer ...,https://www.justdial.com/Mumbai/Consumer-Durable-Loans-in-Kharghar/nct-11264733,justdial.com,N/A,"1 day ago With various providers, including Bajaj finance consumer durable loan and Kotak consumer durable loan, consumers can find cheap financing solutions tailored to"
2026-01-20 00:20:50,Market Intelligence,Google Custom Search,N/A,Financial Conduct Authority | FCA,https://www.fca.org.uk/,fca.org.uk,N/A,"2 hours ago The FCA enables a fair and thriving financial services market, for the good of consumers and the economy."
2026-01-20 00:20:50,Market Intelligence,Google Custom Search,N/A,"CG Consumer Share Price, CG Consumer Stock Price, Crompton ...",https://www.moneycontrol.com/india/stockpricequote/electricals/cromptongreavesconsumerelectrical/CGC01,moneycontrol.com,N/A,5 hours ago CG Consumer Share Price: Find the latest news on CG Consumer Stock Price. Get all the information on CG Consumer with historic price charts for NSE / BSE.
2026-01-20 00:20:50,Market Intelligence,Google Custom Search,N/A,"Moody's - credit ratings, research, and data for global capital markets",https://www.moodys.com/,moodys.com,N/A,"5 hours ago Moody's CreditView is our flagship solution for global capital markets that incorporates credit ratings, research and data from Moody's Investors Service"
2026-01-20 00:20:50,Market Intelligence,Google Custom Search,N/A,Fitch Ratings: Credit Ratings & Analysis For Financial Markets,https://www.fitchratings.com/,fitchratings.com,N/A,"2 hours ago Fitch Ratings is a leading provider of credit ratings, commentary and research for global capital markets."
2026-01-20 00:20:50,Market Intelligence,Google Custom Search,N/A,Procurement News - SBI In the News,https://sbi.bank.in/web/sbi-in-the-news/procurement-news,sbi.bank.in,N/A,"3 hours ago Location, Tender Description, Start Date, End Date. LHO, LUCKNOW, RBO-III SHAHJAHANPUR: NOTICE FOR HIRING OF PREMISES FOR STATE BANK OF INDIA ,RAUSAR BRANCH"
2026-01-20 00:20:50,Market Intelligence,Google Custom Search,N/A,"Axis Bank: Personal Banking | Internet Banking | Corporate, NRI ...",https://www.axis.bank.in/,axis.bank.in,N/A,1 day ago We are third largest private sector bank in India offering entire spectrum of financial services for personal & corporate banking.
2026-01-20 00:20:50,Market Intelligence,Google Custom Search,N/A,ICRA An Affiliate of Moody's,https://www.icra.in/,icra.in,N/A,"3 hours ago ICRA rates debt instruments issued by corporate entities, commercial banks, non-banking finance companies, financial institutions, public sector"
2026-01-20 00:20:50,Market Intelligence,Google Custom Search,N/A,Apply Instant Personal Loan Online Upto Rs. 50 Lakh,https://pnb.bank.in/personal.aspx,pnb.bank.in,N/A,2 hours ago Apply for an instant personal loan online with PNB and get up to ₹50 lakh with quick approval and minimal documentation. Enjoy flexible repayment options
2026-01-20 00:20:50,Market Intelligence,Google Custom Search,N/A,ICRA Public Finance Ratings,https://www.icra.in/Rating/RatingCategory?RatingType=CR&RatingCategoryId=4,icra.in,N/A,"7 hours ago debt outstanding, liquidity position, and quality of governance. ICRA Limited is an Independent and professional investment information and Credit Rating"
2026-01-20 00:20:50,Market Intelligence,Google Custom Search,N/A,"Award-winning banking solutions for BaaS, Payments, Treasury & FX",https://finzly.com/,finzly.com,N/A,"1 day ago Supercharge your bank with Finzly's BankOS, a complete platform for all U.S. domestic rails, embedded banking, international banking, and accounts for"
2026-01-20 00:20:50,Market Intelligence,Google Custom Search,N/A,PNB Tenders | View Latest Tender Notices – Punjab National Bank,https://pnb.bank.in/tender.aspx,pnb.bank.in,N/A,"8 hours ago Browse the latest tender notices from Punjab National Bank. Access procurement opportunities, bid details, submission deadlines, and vendor guidelines"
2026-01-20 00:20:50,Market Intelligence,Google Custom Search,N/A,'Credit score company encouraged me to borrow again when I was ...,https://www.bbc.com/news/articles/c4g0m1j4042o,bbc.com,N/A,"13 hours ago BBC A graphic design of red, black and cream, with arrows, a pound BBC. A woman who had a £10,000 credit card debt has told BBC Panorama how a credit-rating"
2026-01-20 00:20:50,Market Intelligence,Google Custom Search,N/A,Financial Conduct Authority | FCA,https://www.fca.org.uk/,fca.org.uk,N/A,"2 hours ago The FCA enables a fair and thriving financial services market, for the good of consumers and the economy."
2026-01-20 00:20:50,Market Intelligence,Google Custom Search,N/A,"Award-winning banking solutions for BaaS, Payments, Treasury & FX",https://finzly.com/,finzly.com,N/A,"1 day ago Supercharge your bank with Finzly's BankOS, a complete platform for all U.S. domestic rails, embedded banking, international banking, and accounts for"
2026-01-20 00:20:50,Market Intelligence,Google Custom Search,N/A,Senior Data Scientist - Buy Now Pay Later (BNPL) Geo-Expansion ...,https://apna.co/job/bengaluru/sr-data-scientist-bnpl-geo-expansion-1062872416,apna.co,N/A,18 hours ago Apply for Senior Data Scientist - Buy Now Pay Later (BNPL) Geo-Expansion job at Paypal India Pvt Ltd in Bengaluru/Bangalore and find out more about job
2026-01-20 00:20:50,Market Intelligence,Google Custom Search,N/A,Pour Moi India Lace Suspender | Very,https://www.very.co.uk/pour-moi-india-lace-suspender/2000000876.prd,very.co.uk,N/A,11 hours ago Wear this style how you see fit with adjustable suspender straps and hook-and-eye fastening. Featuring a luxe gold hardware belt.
2026-01-20 00:20:50,Market Intelligence,Google Custom Search,N/A,"The Economic Times: Business News Live, Share Market News ...",https://m.economictimes.com/,m.economictimes.com,N/A,"1 day ago Business news today: Read India Business News Live. Latest Business news and updates on Finance, share market, IPO, and economy. Discover Business News"
2026-01-20 00:20:50,Market Intelligence,Google Custom Search,N/A,Careers,https://paypal.wd1.myworkdayjobs.com/en-US/jobs/job/Bangalore-Karnataka-India/Sr-Manager--Data-Science_R0134017-1,paypal.wd1.myworkdayjobs.com,N/A,"7 hours ago Sr Manager, Data Science. Apply. locations: Bangalore, Karnataka, India. time type: Full time. posted on: Posted Today. job requisition id: R0134017."
2026-01-20 00:20:50,Market Intelligence,Google Custom Search,N/A,Groww valued at $3bn following $251m Series E round,https://www.fintechfutures.com/wealthtech/groww-valued-at-3bn-following-251m-series-e-round,fintechfutures.com,N/A,3 hours ago Indian wealthtech platform Groww has raised $251 million in a Series E funding round led by Iconiq Growth.
2026-01-20 00:20:50,Market Intelligence,Google Custom Search,N/A,"All Payments News - Glenbrook Partners, LLC",https://glenbrook.com/payments-news/all-payments-news/,glenbrook.com,N/A,"2 hours ago ""India's highway travel is on the cusp of a digital transformation. The Union Ministry of Road Transport and Highways is set to implement a ban on cash"
2026-01-20 00:20:50,Market Intelligence,Google Custom Search,N/A,Jio Financial Services BCG Matrix Analysis – PortersFiveForce.com,https://portersfiveforce.com/products/jiofinancialservices-bcg-matrix,portersfiveforce.com,N/A,"1 day ago BNPL distribution, quietly commanding share and leveraging India's retail market (~$1.3 trillion in 2023) and rising digital payments. Fraud, collections"
2026-01-20 00:20:50,Market Intelligence,Google Custom Search,N/A,Associate Product Manager- Payments,https://in.talent.com/view?id=17b2b578233a,in.talent.com,N/A,"20 hours ago BNPL,. or recurring payments. Create a job alert for this search. Associate Product Manager • Gurugram, HARYANA, India. Create. Similar jobs. Product manager."
2026-01-20 00:20:50,Market Intelligence,Google Custom Search,N/A,Bajaj Housing Finance Ltd share price | About Bajaj Housing | Key ...,https://www.screener.in/company/BAJAJHFL/,screener.in,N/A,"2 hours ago Market Leadership BHFL is the 2nd largest Housing Finance Company (HFC) within just seven years of starting its mortgage operations. As of March 2024, it"
2026-01-20 00:20:50,Market Intelligence,Google Custom Search,N/A,ICRA An Affiliate of Moody's,https://www.icra.in/,icra.in,N/A,"1 hour ago ICRA rates debt instruments issued by corporate entities, commercial banks, non-banking finance companies, financial institutions, public sector"
2026-01-20 00:20:50,Market Intelligence,Google Custom Search,N/A,LIC Housing Finance share price rises as Board approves ₹1.22 ...,https://upstox.com/news/market-news/stocks/lic-housing-finance-share-price-in-focus-as-board-approves-1-22-lakh-crore-borrowing-budget-for-fy-26/article-150415/,upstox.com,N/A,19 hours ago Market News. LIC Housing Finance share price rises as Board approves ₹1.22 lakh crore borrowing budget for FY26. Upstox. By Upstox News Desk. 2 min read
2026-01-20 00:20:50,Market Intelligence,Google Custom Search,N/A,"PNB E-Auction, Punjab National Bank Auction, Property Auction ...",https://pnb.bank.in/EAuction.aspx,pnb.bank.in,N/A,"5 hours ago Participate in Punjab National Bank's E-Auction to bid on secured assets, foreclosed properties, and bank auctions online. Get the best deals on various"
2026-01-20 00:20:50,Market Intelligence,Google Custom Search,N/A,Procurement News - SBI In the News,https://sbi.bank.in/web/sbi-in-the-news/procurement-news,sbi.bank.in,N/A,"2 hours ago Location, Tender Description, Start Date, End Date. LHO, LUCKNOW, RBO-III SHAHJAHANPUR: NOTICE FOR HIRING OF PREMISES FOR STATE BANK OF INDIA ,RAUSAR BRANCH"
2026-01-20 00:20:50,Market Intelligence,Google Custom Search,N/A,PNB Tenders | View Latest Tender Notices – Punjab National Bank,https://pnb.bank.in/tender.aspx,pnb.bank.in,N/A,"8 hours ago Browse the latest tender notices from Punjab National Bank. Access procurement opportunities, bid details, submission deadlines, and vendor guidelines"
2026-01-20 00:20:50,Market Intelligence,Google Custom Search,N/A,Sarfaesi And Others - SBI In the News,https://sbi.bank.in/web/sbi-in-the-news/auction-notices/sarfaesi-and-others,sbi.bank.in,N/A,"4 hours ago Interest Rates. Home Loan, Personal Loan, Pension Loan, SB Account, Gold Loan, NRE SB Account, Education Loan, Auto Loan, Fixed Deposit, PM Surya Ghar, Loan"
2026-01-20 00:20:50,Market Intelligence,Google Custom Search,N/A,Apply Instant Personal Loan Online Upto Rs. 50 Lakh,https://pnb.bank.in/personal.aspx,pnb.bank.in,N/A,"2 hours ago Personal Loans ; Housing Finance Scheme For Public - PNB Max-Saver. Personal Loan For Working Woman During Perinatal Period - ""PNB Matritva"" PERSONAL LOAN FOR"
2026-01-20 00:20:50,Market Intelligence,Google Custom Search,N/A,Fitch Ratings: Credit Ratings & Analysis For Financial Markets,https://www.fitchratings.com/,fitchratings.com,N/A,"2 hours ago Fitch Ratings is a leading provider of credit ratings, commentary and research for global capital markets."
2026-01-20 00:20:50,Market Intelligence,Google Custom Search,N/A,INE115A07PV9 | 7.90% LIC Housing Finance Limited 23 Jun 2027,https://smest.in/bond-details/7.90-LIC-Housing-Finance-Limited-23-Jun-2027/INE115A07PV9,smest.in,N/A,"1 day ago Apr 01, 2024 | LIC Housing Finance Limited. News Thumbnail. LIC Housing Finance accepts bids for bond reissue, bankers say. Nov 22, 2024 | LIC Housing Finance"
2026-01-20 00:20:50,Market Intelligence,Google Custom Search,N/A,"Moody's - credit ratings, research, and data for global capital markets",https://www.moodys.com/,moodys.com,N/A,5 hours ago from rising insurance premiums to lower property Economic growth and lower policy rates will support profitability and moderate asset risks for most finance
2026-01-20 00:20:50,Market Intelligence,Google Custom Search,N/A,BOCHK capitalisation strong but property risks remain | Asian ...,https://asianbankingandfinance.net/retail-banking/news/bochk-capitalisation-strong-property-risks-remain,asianbankingandfinance.net,N/A,"12 hours ago loan underwriting.” However, tail risk to asset quality persists, stemming from BOCHK's exposure to the real estate sectors of Hong Kong and mainland China. On"
2026-01-20 00:20:50,Market Intelligence,Google Custom Search,N/A,Insurance - Best Insurance Plans Online in India | Axis Bank,https://www.axis.bank.in/insurance,axis.bank.in,N/A,23 hours ago Check out life insurance and general insurance policies and get financial security for yourself and your loved ones. Visit Axis Bank to know more in detail.
2026-01-20 00:20:50,Market Intelligence,Google Custom Search,N/A,Procurement News - SBI In the News,https://sbi.bank.in/web/sbi-in-the-news/procurement-news,sbi.bank.in,N/A,"2 hours ago Location, Tender Description, Start Date, End Date. LHO, LUCKNOW, RBO-III SHAHJAHANPUR: NOTICE FOR HIRING OF PREMISES FOR STATE BANK OF INDIA ,RAUSAR BRANCH"
2026-01-20 00:20:50,Market Intelligence,Google Custom Search,N/A,PNB Tenders | View Latest Tender Notices – Punjab National Bank,https://pnb.bank.in/tender.aspx,pnb.bank.in,N/A,"8 hours ago Browse the latest tender notices from Punjab National Bank. Access procurement opportunities, bid details, submission deadlines, and vendor guidelines"
2026-01-20 00:20:50,Market Intelligence,Google Custom Search,N/A,Fitch Ratings: Credit Ratings & Analysis For Financial Markets,https://www.fitchratings.com/,fitchratings.com,N/A,"2 hours ago Fitch Ratings is a leading provider of credit ratings, commentary and research for global capital markets."
2026-01-20 00:20:50,Market Intelligence,Google Custom Search,N/A,"PNB E-Auction, Punjab National Bank Auction, Property Auction ...",https://pnb.bank.in/EAuction.aspx,pnb.bank.in,N/A,"5 hours ago Participate in Punjab National Bank's E-Auction to bid on secured assets, foreclosed properties, and bank auctions online. Get the best deals on various"
2026-01-20 00:20:50,Market Intelligence,Google Custom Search,N/A,Unlock Cash with Loan Against Property in Ranchi | Justdial,https://www.justdial.com/Ranchi/Finance-Against-Property/nct-10206446,justdial.com,N/A,1 day ago Timely payments and responsible financial management contribute to an improved credit score. Risk mitigation for lenders: A mortgage against property is a
2026-01-20 00:20:50,Market Intelligence,Google Custom Search,N/A,Manager/Senior Manager Credit Job in DMI Finance Private Limited ...,https://www.shine.com/jobs/manager-senior-manager-credit/dmi-finance-private-limited/18425899,shine.com,N/A,"2 days ago Job Description. As a member of the Secured Loan- MSME - Risk & Policy Team for for secured products, specifically Loan against property. Your core"
2026-01-20 00:20:50,Market Intelligence,Google Custom Search,N/A,Welcome Cashback Offer – Terms & Conditions,https://www.indusind.bank.in/in/en/personal/offer-tnc/cashback-offer-tnc.html,indusind.bank.in,N/A,"19 hours ago For the purpose of this Program, spends would mean the sum of all Purchase Transactions done using the IndusInd Bank Credit Card through Point of Sale (Card"
2026-01-20 00:20:50,Market Intelligence,Google Custom Search,N/A,The real estate slump may not be over yet,https://www.livemint.com/companies/news/the-real-estate-slump-may-not-be-over-yet-1564999127858.html,livemint.com,N/A,"2 days ago A recovery in the real estate sector, where project stalling rates have spiked, may be as prolonged as the slowdown without a significant price correction."
2026-01-20 00:20:50,Market Intelligence,Google Custom Search,N/A,India Housing Sees Premium Surge Amid Affordable Sales Slump,https://www.whalesbook.com/news/English/real-estate/India-Housing-Sees-Premium-Surge-Amid-Affordable-Sales-Slump/696de5baad039ca929a33269,whalesbook.com,N/A,11 hours ago India's housing market sees premium sales surge as affordable segment dives 30%. See developer strategies and price forecasts.
2026-01-20 00:20:50,Market Intelligence,Google Custom Search,N/A,ICRA An Affiliate of Moody's,https://www.icra.in/,icra.in,N/A,"1 hour ago ICRA rates debt instruments issued by corporate entities, commercial banks, non-banking finance companies, financial institutions, public sector"
2026-01-20 00:20:50,Market Intelligence,Google Custom Search,N/A,A Comprehensive Guide to Top Investment & Personal Finance,https://www.gripinvest.in/blog,gripinvest.in,N/A,3 hours ago In case of non allotment the funds will remain in your bank account. Issued in the Interest of Investor. Investments in securities market are subject to market
2026-01-20 00:20:50,Market Intelligence,Google Custom Search,N/A,Mumbai real estate market cools in 2025 as housing launches slide ...,https://www.reddit.com/r/indianrealestate/comments/1qg1tlf/mumbai_real_estate_market_cools_in_2025_as/,reddit.com,N/A,"1 day ago Hello temprature8787, your post is now live. Often queries and discussions are repetitive, so check if your topic has already been addressed in this"
2026-01-20 00:20:50,Market Intelligence,Google Custom Search,N/A,Housing market in 2026: Waiting for a crash could cost first time ...,https://www.businesstoday.in/personal-finance/real-estate/story/housing-market-in-2026-waiting-for-a-crash-could-cost-first-time-buyers-more-in-india-heres-why-511365-2026-01-18,businesstoday.in,N/A,"1 day ago Chartered Accountant and financial educator Nitin Kaushik recently flagged this shift in a post on X (formerly Twitter), arguing that India's real estate story"
2026-01-20 00:20:50,Market Intelligence,Google Custom Search,N/A,Does Anyone Else Feel Real Estate Is Overpromised and Under ...,https://www.reddit.com/r/indianrealestate/comments/1qgyl0y/does_anyone_else_feel_real_estate_is_overpromised/,reddit.com,N/A,"10 hours ago 100% of the projects are over-promised and underdelivered, that rate of dissatisfaction might vary on project to project though. Builders showed in demo flat,"
2026-01-20 00:20:50,Market Intelligence,Google Custom Search,N/A,Copper - Price - Chart - Historical Data - News,https://tradingeconomics.com/commodity/copper,tradingeconomics.com,N/A,"5 hours ago decline in December, highlighting ongoing strains in the property sector. Last week, the red metal had retreated sharply from record highs after the US"
2026-01-20 00:20:50,Market Intelligence,Google Custom Search,N/A,China's New Home Prices Drop Again in December 2025: Insights ...,https://realty.economictimes.indiatimes.com/amp/news/international/new-home-prices-in-china-fall-again-in-december-2025-annual-decline-steepest-in-five-months/126696973,realty.economictimes.indiatimes.com,N/A,"3 hours ago New home prices in China fall again in December 2025; annual decline steepest in five months. China's real estate sector is still navigating rocky waters, with"
2026-01-20 00:20:50,Market Intelligence,Google Custom Search,N/A,Blog - Kerala Real Estate,https://keralarealestate.com/blogs/what-awaits-the-real-estate-market-in,keralarealestate.com,N/A,8 hours ago What Awaits the Real Estate Market in 2026? Will House Prices Fall or Rise? Will Demand Continue to Grow? The Indian real estate sector has remained one of
2026-01-20 00:20:50,Market Intelligence,Google Custom Search,N/A,Home Loan EMI Calculator 2026: Simple Tool to Plan Affordable ...,https://nccschool.in/home-loan-emi-calculator-2026-simple-tool-to-plan-affordable-housing-finance-in-india/,nccschool.in,N/A,"19 hours ago Housing finance in India has evolved rapidly over the last decade. Loan products are more diverse, interest rates are increasingly personalised, and borrowers"
2026-01-20 00:20:50,Market Intelligence,Google Custom Search,N/A,The European Housing Affordability Plan: What Can We Expect ...,https://atlasinstitute.org/the-european-housing-affordability-plan-what-can-we-expect/,atlasinstitute.org,N/A,"12 hours ago 209). Lastly, non-market housing (i.e., housing below the market rate for prices and rents), otherwise known as affordable housing, creates a financial"
2026-01-20 00:20:50,Market Intelligence,Google Custom Search,N/A,CalHFA: California Housing Finance Agency,https://www.calhfa.ca.gov/,calhfa.ca.gov,N/A,"3 hours ago CalHFA supports the needs of renters and homebuyers by providing financing and home loan programs that create safe, decent and affordable housing"
2026-01-20 00:20:50,Market Intelligence,Google Custom Search,N/A,ICRA An Affiliate of Moody's,https://www.icra.in/,icra.in,N/A,"2 hours ago ICRA rates debt instruments issued by corporate entities, commercial banks, non-banking finance companies, financial institutions, public sector"
2026-01-20 00:20:50,Market Intelligence,Google Custom Search,N/A,1/16/26: Housing Matters Newsletter - Housing Action NH,https://housingactionnh.org/news/1-16-26-housing-matters-newsletter/,housingactionnh.org,N/A,"2 days ago In the News · Legislative Updates. Welcome back to 9:30 AM — HB 1405, relative to the housing finance authority's affordable housing guarantee program."
2026-01-20 00:20:50,Market Intelligence,Google Custom Search,N/A,"Subsidised Loan: Meaning, Eligibility & Benefits in India",https://www.godrejcapital.com/media-blog/knowledge-centre/subsidised-loan,godrejcapital.com,N/A,"7 hours ago The government pays part or all of the interest, which makes repayment easier. These loans support education, farming, housing and small businesses. They help"
2026-01-20 00:20:50,Market Intelligence,Google Custom Search,N/A,"At WEF Davos, the Uttar Pradesh delegation held productive ...",https://x.com/_InvestUP/status/2013280707892916474/photo/1,x.com,N/A,"3 hours ago Discussions on real estate reflected a vibrant outlook, supported by affordable housing policies and access to low-cost finance. Shri Vijay Kiran Anand, CEO"
2026-01-20 00:20:50,Market Intelligence,Google Custom Search,N/A,"Ministry of Housing, Communities and Local Government - GOV.UK",https://www.gov.uk/government/organisations/ministry-of-housing-communities-local-government,gov.uk,N/A,"4 hours ago The Ministry of Housing, Communities and Local Government is central to the mission-driven government, from fixing the foundations of an affordable home to"
2026-01-20 00:20:50,Market Intelligence,Google Custom Search,N/A,News | Holland & Knight,https://www.hklaw.com/en/news,hklaw.com,N/A,"1 day ago 2255. Advanced Search +. Practice, Affordable Housing Transactions, Agriculture & Food Policy, Aircraft Accident Investigation and Litigation, Aircraft Finance"
2026-01-20 00:20:50,Market Intelligence,Google Custom Search,N/A,CSR News: PNB Housing Finance Flags off Mobile Medical Unit in ...,https://thecsrjournal.in/csr-news-pnb-housing-finance-mobile-medical-unit-wockhardt-foundation/,thecsrjournal.in,N/A,"10 hours ago As part of its Mobile Medical Unit programme, PNB Housing Finance aims to enhance access to affordable and timely healthcare for economically vulnerable"
2026-01-20 00:20:50,Market Intelligence,Google Custom Search,N/A,"Axis Bank: Personal Banking | Internet Banking | Corporate, NRI ...",https://www.axis.bank.in/,axis.bank.in,N/A,1 day ago We are third largest private sector bank in India offering entire spectrum of financial services for personal & corporate banking.
2026-01-20 00:20:50,Market Intelligence,Google Custom Search,N/A,"PNB E-Auction, Punjab National Bank Auction, Property Auction ...",https://pnb.bank.in/EAuction.aspx,pnb.bank.in,N/A,"5 hours ago Participate in Punjab National Bank's E-Auction to bid on secured assets, foreclosed properties, and bank auctions online. Get the best deals on various"
2026-01-20 00:20:50,Market Intelligence,Google Custom Search,N/A,Business Loan Calculator - Business Loan EMI Calculator | Axis Bank,https://www.axis.bank.in/calculators/business-loan-calculator,axis.bank.in,N/A,"4 hours ago Business Loan Calculator - Calculate your EMI for a business loan, interest rates and eligibility by using Axis Bank business loan EMI Calculator."
2026-01-20 00:20:50,Market Intelligence,Google Custom Search,N/A,Apply Instant Personal Loan Online Upto Rs. 50 Lakh,https://pnb.bank.in/personal.aspx,pnb.bank.in,N/A,2 hours ago Digi MSME Loan · eGST Housing Finance Scheme For Public - PNB Max-Saver. Personal Loan Scheme For Life Insurance Corporation (LIC) Of India Employees.
2026-01-20 00:20:50,Market Intelligence,Google Custom Search,N/A,Sarfaesi And Others - SBI In the News,https://sbi.bank.in/web/sbi-in-the-news/auction-notices/sarfaesi-and-others,sbi.bank.in,N/A,4 hours ago SME - Deposits · SME - Loans · Information. Wealth Management. SBI Wealth · Products. IMPORTANT: State Bank of India never ask for your user id / password / pin
2026-01-20 00:20:50,Market Intelligence,Google Custom Search,N/A,OECD: The Organisation for Economic Co-operation and ...,https://www.oecd.org/,oecd.org,N/A,2 hours ago Featured topics; Agriculture and fisheries; Climate change; Development; Digital; Economy; Education and skills; Employment; Environment; Finance and
2026-01-20 00:20:50,Market Intelligence,Google Custom Search,N/A,All Rating Rationales,https://www.icra.in/Rating/AllRatingRationales,icra.in,N/A,2 hours ago Rating Rationales · Structured Finance Rating Rationales · Our Rating Approach & Methodologies · Webinars · Credit Perspective Reports · Research Reports · ICRA
2026-01-20 00:20:50,Market Intelligence,Google Custom Search,N/A,"Ministry of External Affairs, Government of India",https://mea.gov.in/,mea.gov.in,N/A,"5 hours ago Official portal of External Affairs Ministry, Government of India. Find Statements, Interviews, Press Releases, Media Briefings and latest updates of MEA."
2026-01-20 00:20:50,Market Intelligence,Google Custom Search,N/A,"Moody's - credit ratings, research, and data for global capital markets",https://www.moodys.com/,moodys.com,N/A,"5 hours ago Moody's CreditView is our flagship solution for global capital markets that incorporates credit ratings, research and data from Moody's Investors Service"
2026-01-20 00:20:50,Market Intelligence,Google Custom Search,N/A,INE916Y07032 | 12.00% Akme Fintrade (India) Limited 22 Aug 2027,https://smest.in/bond-details/12.00-Akme-Fintrade-(India)-Limited-22-Aug-2027/INE916Y07032,smest.in,N/A,"2 days ago The company is engaged in financing of two wheelers, four wheelers, commercial vehicles and loan against property (LAP) towards SME borrower base. AFIL is"
2026-01-20 00:20:50,Market Intelligence,Google Custom Search,N/A,"Savings slump, revenue crunch",https://nagalandpost.com/savings-slump-revenue-crunch/,nagalandpost.com,N/A,"22 hours ago By conventional macroeconomic yardsticks, India should enter the financial year 2026–27 (FY27) Budget cycle with a degree of comfort."
2026-01-20 00:20:50,Market Intelligence,Google Custom Search,N/A,US sees surge in demand for Einstein visa as H-1B crunch ...,https://m.economictimes.com/nri/work/us-sees-surge-in-demand-for-einstein-visa-as-h-1b-crunch-continues/articleshow/126668764.cms,m.economictimes.com,N/A,"14 hours ago Backlogs and regulatory response. Federal limits for employment-based visas, including EB‑1A, contribute to long waits, particularly for applicants from India"
2026-01-20 00:20:50,Market Intelligence,Google Custom Search,N/A,RBI's Scale-Based Regulatory Framework for NBFCs – GKToday,https://www.gktoday.in/nbfc-scale-based-framework/,gktoday.in,N/A,"2 days ago This culminated in stress events – notably the default of IL&FS (Infrastructure Leasing & Financial Services) in 2018, which triggered a liquidity crunch, and"
2026-01-20 00:20:50,Market Intelligence,Google Custom Search,N/A,Anticipated Tax Reforms in Budget 2026: Insights from Industry and ...,https://manufacturing.economictimes.indiatimes.com/news/industry/anticipated-tax-reforms-in-budget-2026-insights-from-industry-and-taxpayers/126670182,manufacturing.economictimes.indiatimes.com,N/A,"12 hours ago liquidity crunch. It is a long time pending demand of Trade & Industry that msme tax reforms india,; tds tcs compliance reforms,; cgst act section 54"
2026-01-20 00:20:50,Market Intelligence,Google Custom Search,N/A,Central Bank Of India Stock price: Live updates | Tijori Finance,https://www.tijorifinance.com/company/central-bank-of-india/,tijorifinance.com,N/A,"2 days ago Management is prioritizing corporate credit growth, recovery of written-off debt, and cost optimization. Powered by OpenAI. Please double-check."
2026-01-20 00:20:50,Market Intelligence,Google Custom Search,N/A,SDT Shudh Desi Taste Premium California Almonds - 200g (Glass ...,https://www.amazon.in/dp/B0GHLG5XWL?nsdOptOutParam=true,amazon.in,N/A,15 hours ago SDT Shudh Desi Taste Premium California Almonds - 200g (Glass Jar) | Crunchy Badam Giri | 100% Natural & Unpolished Dry Fruit | High Protein & Vitamin E
2026-01-20 00:20:50,Market Intelligence,Google Custom Search,N/A,Budget 2026: MAIT seeks customs duty cuts on key electronic ...,https://timesofindia.indiatimes.com/business/india-business/budget-2026-mait-seeks-customs-duty-cuts-on-key-electronic-components-push-to-boost-domestic-manufacturing/articleshow/126642858.cms,timesofindia.indiatimes.com,N/A,1 day ago India Business News: The IT industry body MAIT has urged the government to reduce basic customs duty on key electronic components and enhance tax incentives
2026-01-20 00:20:50,Market Intelligence,Google Custom Search,N/A,"Budget Expectations 2026: Tax Cut, Capex Push, PLIs; Here's What ...",https://www.outlookbusiness.com/budget/budget-2026-expectations-live-updates-january-19-2026,outlookbusiness.com,N/A,"6 hours ago Budget Expectations 2026 Live: Industry Seeks AI Skilling Push, R&D Incentives and MSME Digital Support y unlocking this liquidity, India can synchronize its"
2026-01-20 00:20:50,Market Intelligence,Google Custom Search,N/A,Indian Bank: Share Price Today - Live Updates | Motilal Oswal,https://www.motilaloswal.com/share-market/indian-bank,motilaloswal.com,N/A,"2 hours ago Indian Bank has many deposit schemes tailored to suit the needs of its customers, both individuals and organisations. Credit/Advances/Loan Schemes specifically"
2026-01-20 00:20:50,Market Intelligence,Google Custom Search,N/A,CS3 - Siddhant Bajpai (Author),https://www.cescube.com/a-66-1,cescube.com,N/A,1 day ago The history of Indian civilization has been tightly connected to the high seas around its territory . Technology. 469. Indian Drones along the India- China
2026-01-20 00:20:50,Market Intelligence,Google Custom Search,N/A,"PNB E-Auction, Punjab National Bank Auction, Property Auction ...",https://pnb.bank.in/EAuction.aspx,pnb.bank.in,N/A,"5 hours ago Participate in Punjab National Bank's E-Auction to bid on secured assets, foreclosed properties, and bank auctions online. Get the best deals on various"
2026-01-20 00:20:50,Market Intelligence,Google Custom Search,N/A,"Axis Bank: Personal Banking | Internet Banking | Corporate, NRI ...",https://www.axis.bank.in/,axis.bank.in,N/A,1 day ago We are third largest private sector bank in India offering entire spectrum of financial services for personal & corporate banking.
2026-01-20 00:20:50,Market Intelligence,Google Custom Search,N/A,Sarfaesi And Others - SBI In the News,https://sbi.bank.in/web/sbi-in-the-news/auction-notices/sarfaesi-and-others,sbi.bank.in,N/A,"4 hours ago Logo of the State Bank of India, featuring a blue and white design with the Loan Assistance Home Loans Personal Loans Pension Loans Auto Loans Education Loan"
2026-01-20 00:20:50,Market Intelligence,Google Custom Search,N/A,Apply Instant Personal Loan Online Upto Rs. 50 Lakh,https://pnb.bank.in/personal.aspx,pnb.bank.in,N/A,2 hours ago Digital Education Loan Housing Finance Scheme For Public - PNB Max-Saver. Personal Loan Scheme For Life Insurance Corporation (LIC) Of India Employees.
2026-01-20 00:20:50,Market Intelligence,Google Custom Search,N/A,Explore Axis Banks Tax Benefit Calculator for Easy Planning | Axis ...,https://www.axis.bank.in/calculators/tax-benefit-calculator,axis.bank.in,N/A,"19 hours ago Use Axis Bank's Tax Benefit Calculator to estimate your tax savings under Section 80E on education loan interest—quick, simple, and accurate."
2026-01-20 00:20:50,Market Intelligence,Google Custom Search,N/A,Axis Bank Branch Loan Centre South Mumbai,https://branch.axis.bank.in/axis-bank-branch-loan-centre-mumbai-RAC592/Home,branch.axis.bank.in,N/A,"2 days ago The share holding of Unit Trust of India was subsequently transferred to SUUTI, an entity established in 2003. The address of this branch/ATM is Warden House"
2026-01-20 00:20:50,Market Intelligence,Google Custom Search,N/A,Procurement News - SBI In the News,https://sbi.bank.in/web/sbi-in-the-news/procurement-news,sbi.bank.in,N/A,"3 hours ago Location, Tender Description, Start Date, End Date. LHO, LUCKNOW, RBO-III SHAHJAHANPUR: NOTICE FOR HIRING OF PREMISES FOR STATE BANK OF INDIA ,RAUSAR BRANCH"
2026-01-20 00:20:50,Market Intelligence,Google Custom Search,N/A,Axis Bank ATM,https://branch.axis.bank.in/axis-bank-atm-atm-pargana-central-doon-dehradun-87861/Home,branch.axis.bank.in,N/A,2 days ago Axis Bank is one of the first new generation private sector banks to have begun operations in 1994. and United India Insurance Company Ltd. The share holding
2026-01-20 00:20:50,Market Intelligence,Google Custom Search,N/A,"ICICI Bank ATM, in Barmer",https://www.icici.bank.in/atm/rajasthan/bhiyad/barmer/c0797,icici.bank.in,N/A,"3 hours ago Loan. Take the next step for a brighter future, with a quick and hassle-free process, for a timely disbursement of Education Loans. Apply Now Know More. Credit-"
2026-01-20 00:20:50,Market Intelligence,Google Custom Search,N/A,Central Bank Of India Stock price: Live updates | Tijori Finance,https://www.tijorifinance.com/company/central-bank-of-india/,tijorifinance.com,N/A,"2 days ago lending, granular CASA expansion, leveraging Biometric UPI, and systematic NPA reduction. Home Loan 61% Personal Loan 27.7% Education Loan 6.7%. value"
2026-01-20 00:20:50,Market Intelligence,Google Custom Search,N/A,ICRA An Affiliate of Moody's,https://www.icra.in/,icra.in,N/A,"3 hours ago ICRA rates debt instruments issued by corporate entities, commercial banks, non-banking finance companies, financial institutions, public sector"
2026-01-20 00:20:50,Market Intelligence,Google Custom Search,N/A,Techathon 6.0 | Building Tomorrow's Solutions for Today's India | EY ...,https://www.ey.com/en_in/techathon-6,ey.com,N/A,"7 hours ago Join Techathon 6.0 by EY and ignite innovation with Agentic AI, empowering India's brightest minds since 2020 to lead industries with goal-driven solutions."
2026-01-20 00:20:50,Market Intelligence,Google Custom Search,N/A,KPMG in India | Home,https://kpmg.com/in/en.html,kpmg.com,N/A,"2 hours ago KPMG in India is one of the leading providers of risk, financial services and business advisory, internal audit, corporate governance."
2026-01-20 00:20:50,Market Intelligence,Google Custom Search,N/A,"Tax, Audit & Business Consulting | Grant Thornton Bharat",https://www.grantthornton.in/,grantthornton.in,N/A,13 hours ago Grant Thornton Bharat has over 12000+ people across 19 offices around the country. The Firm is reshaping the values of the profession and Going Beyond to
2026-01-20 00:20:50,Market Intelligence,Google Custom Search,N/A,Insurance - Best Insurance Plans Online in India | Axis Bank,https://www.axis.bank.in/insurance,axis.bank.in,N/A,23 hours ago Check out life insurance and general insurance policies and get financial security for yourself and your loved ones. Visit Axis Bank to know more in detail.
2026-01-20 00:20:50,Market Intelligence,Google Custom Search,N/A,Best Solar Energy Stocks in India 2026,https://www.smallcase.com/lists/solar-energy-stocks/,smallcase.com,N/A,1 day ago Please do your own research or consult your financial advisor before investing. Note: The data on this list of solar stocks is dynamic in nature and subject to
2026-01-20 00:20:50,Market Intelligence,Google Custom Search,N/A,"EV Loan Savings Aren't Automatic: Subsidies, Lender Confidence Key",https://www.whalesbook.com/news/English/bankingfinance/EV-Loan-Savings-Arent-Automatic-Subsidies-Lender-Confidence-Key/696c958f02fb5f263da577d0,whalesbook.com,N/A,1 day ago Lender Risk and Resale Value. Banks assess loan risk based on concrete factors like battery longevity and vehicle resale value. Lenders offering better rates
2026-01-20 00:20:50,Market Intelligence,Google Custom Search,N/A,EV opportunity recharge India may tweak its e-car manufacturing ...,https://www.threads.com/@economictimes/post/DTpMmrvjvz7/ev-opportunity-recharge-india-may-tweak-its-e-car-manufacturing-sop-scheme-to,threads.com,N/A,"1 day ago Bigger but riskier ⚖️ India's banking sector continues to expand, yet rising unsecured loans and credit concentration pose warnings ⚠️ How can lenders maintain"
2026-01-20 00:20:50,Market Intelligence,Google Custom Search,N/A,Latest Electric Vehicles News & Articles | Franchise India,https://www.entrepreneurindia.com/blog/en/electric-vehicles,entrepreneurindia.com,N/A,"8 hours ago On National Startup Day, founders of India EV startups shared their entrepreneurial journeys, challenges, and key learnings, highlighting collaboration,"
2026-01-20 00:20:50,Market Intelligence,Google Custom Search,N/A,Financial Times: Home,https://www.ft.com/,ft.com,N/A,"1 day ago News, analysis and opinion from the Financial Times on the latest in markets, economics and politics."
2026-01-20 00:20:50,Market Intelligence,Google Custom Search,N/A,Why are electric cars created with lithium ion batteries when such ...,https://www.reddit.com/r/stupidquestions/comments/1qgw602/why_are_electric_cars_created_with_lithium_ion/,reddit.com,N/A,13 hours ago You make a massively under-reported point. All the hoopla about Li ipn battery fires is largely due to cheap small battery packs that have shitty charging
2026-01-20 00:20:50,Market Intelligence,Google Custom Search,N/A,Automaker granted patent that promises to address EV battery fires ...,https://autos.yahoo.com/ev-and-future-tech/articles/automaker-granted-patent-promises-address-013000734.html,autos.yahoo.com,N/A,2 days ago The U.S. Patent and Trademark Office has granted Stellantis a patent for a thermal-runaway suppression system that could reduce the risk of electric vehicle
2026-01-20 00:20:50,Market Intelligence,Google Custom Search,N/A,Electric Vehicle News and Discussion,https://www.reddit.com/r/electricvehicles/,reddit.com,N/A,3 hours ago r/electricvehicles: The future of sustainable transportation is here! This is the Reddit community for EV owners and enthusiasts. Join and Discuss evolving
2026-01-20 00:20:50,Market Intelligence,Google Custom Search,N/A,Battery & Energy Storage News | BEST Magazine,https://www.bestmag.co.uk/,bestmag.co.uk,N/A,"4 hours ago All the latest news, technical articles and upcoming events for the energy storage and battery industry."
2026-01-20 00:20:50,Market Intelligence,Google Custom Search,N/A,"To make EVs greener, Colorado lawmakers could require ...",https://www.kunc.org/politics/2026-01-18/to-make-evs-greener-colorado-lawmakers-could-require-automakers-to-recycle-big-car-batteries,kunc.org,N/A,1 day ago fire-prone EV batteries out of scrapyards. Politics Colorado Capitol News AllianceColorado LegislatureColorado PoliticsLegislative SessionJared PolisEVs
2026-01-20 00:20:50,Market Intelligence,Google Custom Search,N/A,Battery News Headlines,https://www.batterytechonline.com/battery-news/battery-breaking-news-headlines,batterytechonline.com,N/A,3 hours ago Battery Breaking-News Headlines. Ford & BYD talk hybrid battery deal; Trump welcomes China EVs; nine Japanese companies team up for EV battery production; EVs
2026-01-20 00:20:50,Market Intelligence,Google Custom Search,N/A,Energy Live News: Front Page,https://www.energylivenews.com/,energylivenews.com,N/A,5 hours ago Electric Vehicles. UK facility to test second life EV batteries for grid Act now MPs told as battery fire breaks out at waste plant · Sumit Bose by
2026-01-20 00:20:50,Market Intelligence,Google Custom Search,N/A,Thermal Management takes center stage in EVs and Battery Energy ...,https://telematicswire.net/thermal-management-takes-center-stage-in-evs-and-battery-energy-storage-systems/,telematicswire.net,N/A,"17 hours ago Press Release, 19 January 2026. As the electric vehicle (EV) and energy storage industries expand at unprecedented rates, Thermal management systems (TMS)"
2026-01-20 00:20:50,Market Intelligence,Google Custom Search,N/A,Procurement News - SBI In the News,https://sbi.bank.in/web/sbi-in-the-news/procurement-news,sbi.bank.in,N/A,"3 hours ago Location, Tender Description, Start Date, End Date. LHO, LUCKNOW, RBO-III SHAHJAHANPUR: NOTICE FOR HIRING OF PREMISES FOR STATE BANK OF INDIA ,RAUSAR BRANCH"
2026-01-20 00:20:50,Market Intelligence,Google Custom Search,N/A,Discounts and Offers on Kia Cars for January 2026,https://www.autopunditz.com/post/discounts-and-offers-on-kia-cars-for-january-2026,autopunditz.com,N/A,"1 day ago vehicle. Scrappage incentives further add ₹15,000, subject to policy conditions. Corporate and special customer schemes can significantly enhance overall"
2026-01-20 00:20:50,Market Intelligence,Google Custom Search,N/A,Sarfaesi And Others - SBI In the News,https://sbi.bank.in/web/sbi-in-the-news/auction-notices/sarfaesi-and-others,sbi.bank.in,N/A,"4 hours ago Description, Auction Date, Documents. AUCTION NOTICE FOR SALE OF PROPERTIES - SAMB II KOLKATA(18192), 28.01.2026. 1. M/S. DEV ROADLINES PVT. LTD · 2."
2026-01-20 00:20:50,Market Intelligence,Google Custom Search,N/A,Car News,https://www.autopunditz.com/blog/categories/car-news,autopunditz.com,N/A,"1 day ago scrappage benefits , while maintaining demand for freshly produced vehicles. The latest scheme, applicable as per Audi India's 2026 Corporate Sales Policy"
2026-01-20 00:20:50,Market Intelligence,Google Custom Search,N/A,"Vehicle Scrappage Policy India 2025 – Eligibility, Benefits & How to ...",https://www.swastikpowersupply.co.in/vehicle-scrappage-policy-india-2025/,swastikpowersupply.co.in,N/A,21 hours ago India's vehicle scrappage policy 2025 – rules for deregistering old vehicles. News · Corrections Policy · Disclaimer · Terms and Conditions · Contact · About
2026-01-20 00:20:50,Market Intelligence,Google Custom Search,N/A,PNB Tenders | View Latest Tender Notices – Punjab National Bank,https://pnb.bank.in/tender.aspx,pnb.bank.in,N/A,"8 hours ago Browse the latest tender notices from Punjab National Bank. Access procurement opportunities, bid details, submission deadlines, and vendor guidelines"
2026-01-20 00:20:50,Market Intelligence,Google Custom Search,N/A,Meghalaya Cabinet approves vehicle scrappage policy to curb air ...,http://www.msn.com/en-in/news/India/meghalaya-cabinet-approves-vehicle-scrappage-policy-to-curb-air-pollution/ar-AA1E1i72?apiversion=v2&domshim=1&noservercache=1&noservertelemetry=1&batchservertelemetry=1&renderwebcomponents=1&wcseo=1,msn.com,N/A,"2 days ago The decision was made during a cabinet meeting on May 1, chaired by Chief Minister Conrad Sangma. Government spokesperson Paul Lyngdoh announced that around"
2026-01-20 00:20:50,Market Intelligence,Google Custom Search,N/A,"New kind of Vehicle challan surfacing, please be aware : r/Chennai",https://www.reddit.com/r/Chennai/comments/1qh8ftb/new_kind_of_vehicle_challan_surfacing_please_be/,reddit.com,N/A,3 hours ago Then I got worried and I entered the number of a car my parents owned in the 1980s. This car has been speeding too. Don't people ever scrap cars after you sell
2026-01-20 00:20:50,Market Intelligence,Google Custom Search,N/A,Reuters | Breaking International News & Views,https://www.reuters.com/,reuters.com,N/A,"2 hours ago Find latest news from every corner of the globe at Reuters.com, your online source for breaking international news coverage."
2026-01-20 00:20:50,Market Intelligence,Google Custom Search,N/A,Palladium - Price - Chart - Historical Data - News,https://tradingeconomics.com/commodity/palladium,tradingeconomics.com,N/A,"4 hours ago On the monetary policy front, data signaling resilience of the US job vehicle ban. 2026-01-14. Commodity; Index; Stocks; Forex; Crypto; Bond. Actual, Chg"
2026-01-20 00:20:50,Market Intelligence,Google Custom Search,N/A,Bajaj Finance Ltd. - Share/Stock Price,https://www.moneycontrol.com/india/stockpricequote/finance-nbfc/bajajfinance/BAF,moneycontrol.com,N/A,2 hours ago Bajaj Finance Share Price: Find the latest news on Bajaj Finance Stock Price. Get all the information on Bajaj Finance with historic price charts for NSE
2026-01-20 00:20:50,Market Intelligence,Google Custom Search,N/A,"Bajaj Finance News - Bajaj Finance Announcement, Latest News on ...",https://economictimes.indiatimes.com/bajaj-finance-ltd/stocksupdate/companyid-11260.cms,economictimes.indiatimes.com,N/A,1 day ago Bajaj Finance reported a strong December-ended quarter with new loans booked jumping 15% year-on-year to 1.39 crore. The company's Assets Under Management (AUM)
2026-01-20 00:20:50,Market Intelligence,Google Custom Search,N/A,Bajaj Housing Finance Ltd share price | About Bajaj Housing | Key ...,https://www.screener.in/company/BAJAJHFL/,screener.in,N/A,"5 hours ago Founded in 2008, Bajaj Housing Finance is a non-deposit-taking Housing Finance Company (HFC) registered with the National Housing Bank (NHB) since 2015."
2026-01-20 00:20:50,Market Intelligence,Google Custom Search,N/A,INE296A07SR9 | 8.10% Bajaj Finance Limited 08 Jan 2027,https://smest.in/bond-details/8.10-Bajaj-Finance-Limited-08-Jan-2027/INE296A07SR9,smest.in,N/A,"1 day ago Nov 27, 2024 | Bajaj Finance Limited. News Thumbnail. Bharti Airtel & Bajaj Finance partner to deliver digital financial inclusion. Jan 21, 2025 | Bajaj"
2026-01-20 00:20:50,Market Intelligence,Google Custom Search,N/A,"Bajaj Finance Branch in Bhatkal, Uttara Kannada|Loan Services",https://nearme.bajajfinserv.in/service-branch/bajaj-finance-branch-bhatkal-financial-institutions-bhatkal-uttara-kannada-311317/Home,nearme.bajajfinserv.in,N/A,"1 day ago Visit Bajaj Finance branch in Bhatkal, Uttara Kannada for personal loans, gold loans, business loans, credit cards, and fixed deposits."
2026-01-20 00:20:50,Market Intelligence,Google Custom Search,N/A,Bajaj Finance shares drop over 1% ahead of Q4 results; five things ...,https://upstox.com/news/market-news/stocks/bajaj-finance-to-announce-q4-results-today-five-key-things-you-need-to-know/article-163869/,upstox.com,N/A,"1 day ago Upstox News Desk is a team of journalists who passionately cover stock markets, economy, commodities, latest business trends, and personal finance. Next"
2026-01-20 00:20:50,Market Intelligence,Google Custom Search,N/A,Ifb Agro Industries Ltd Today Live NSE/BSE,https://www.bajajfinserv.in/investments/ifbagro-share-price,bajajfinserv.in,N/A,"6 hours ago *Disclaimer for Bajaj Finance Limited ('BFL'):. Stock trading business is carried by Bajaj Financial Securities Limited (""BFSL""), a broker and Depository"
2026-01-20 00:20:50,Market Intelligence,Google Custom Search,N/A,Bajaj Finance Ltd Ltd: Live Stock Update and Price as of January 19 ...,https://www.angelone.in/live-blog/bajaj-finance-ltd-19-jan-2026-114966,angelone.in,N/A,"13 hours ago Stock Market Live: Explore Bajaj Finance Ltd Ltd live stock updates and prices for January 19, 2026. Read live stock-related news and trends for stock"
2026-01-20 00:20:50,Market Intelligence,Google Custom Search,N/A,Eih Associated Hotels Ltd Today Live NSE/BSE,https://www.bajajfinserv.in/investments/eihahotels-share-price,bajajfinserv.in,N/A,"5 hours ago *Disclaimer for Bajaj Finance Limited ('BFL'):. Stock trading business is carried by Bajaj Financial Securities Limited (""BFSL""), a broker and Depository"
2026-01-20 00:20:50,Market Intelligence,Google Custom Search,N/A,BJFIN: Bajaj Finserv Ltd Stock Price Quote - Natl India - Bloomberg,https://www.bloomberg.com/quote/BJFIN:IN,bloomberg.com,N/A,"1 day ago Stock analysis for Bajaj Finserv Ltd (BJFIN:Natl India) including stock price, stock chart, company news, key statistics, fundamentals and company profile."
2026-01-20 00:20:50,Market Intelligence,Google Custom Search,N/A,Shriram Finance Ltd. - Share/Stock Price,https://www.moneycontrol.com/india/stockpricequote/finance-leasinghire-purchase/shriramfinance/STF,moneycontrol.com,N/A,3 hours ago Shriram Finance Share Price: Find the latest news on Shriram Finance Stock Price. Get all the information on Shriram Finance with historic price charts for
2026-01-20 00:20:50,Market Intelligence,Google Custom Search,N/A,INE721A07RH9 | 8.75% Shriram Finance Limited 15 Jun 2026,https://smest.in/bond-details/8.75-Shriram-Finance-Limited-15-Jun-2026/INE721A07RH9,smest.in,N/A,"2 days ago Recent News. More News Right arrow. News Thumbnail. Personal Vehicle, Gold Loans To Drive Shriram Finance Growth, Rise In AUM. Mar 27, 2024 | Shriram Finance"
2026-01-20 00:20:50,Market Intelligence,Google Custom Search,N/A,SHFL: Shriram Finance Ltd Stock Price Quote - Natl India - Bloomberg,https://www.bloomberg.com/quote/SHFL:IN,bloomberg.com,N/A,"1 day ago Stock analysis for Shriram Finance Ltd (SHFL:Natl India) including stock price, stock chart, company news, key statistics, fundamentals and company profile."
2026-01-20 00:20:50,Market Intelligence,Google Custom Search,N/A,"Shriram Finance Share Price Today, Shriram Finance Stock Price ...",https://economictimes.indiatimes.com/shriram-finance-ltd/stocks/companyid-13106.cms,economictimes.indiatimes.com,N/A,"3 hours ago Shriram Finance Share Price Today - Get live NSE/BSE quotes of Shriram Finance with latest news, headlines and quick analysis."
2026-01-20 00:20:50,Market Intelligence,Google Custom Search,N/A,"Morgan Stanley Boosts Shriram Finance Target by 35%, Adds to ...",https://www.whalesbook.com/news/English/bankingfinance/Morgan-Stanley-Boosts-Shriram-Finance-Target-by-35percent-Adds-to-Top-Picks/696d94a1ad039ca929a2db48,whalesbook.com,N/A,"17 hours ago Morgan Stanley upgrades Shriram Finance to Top Pick, hikes target by 35%. MUFG deal seen driving profits and lower funding costs."
2026-01-20 00:20:50,Market Intelligence,Google Custom Search,N/A,4 Reasons Morgan Stanley upgrades Shriram Finance target ...,https://x.com/FinancialXpress/status/2013066845234807220,x.com,N/A,17 hours ago Financial Express (@FinancialXpress). 64 views. 4 Reasons Morgan Stanley upgrades Shriram Finance target – Check price target and more.
2026-01-20 00:20:50,Market Intelligence,Google Custom Search,N/A,Shriram Finance informs about conference call - Shriram Finance ...,https://www.moneyworks4me.com/company/news/index/id/794644?from=list_page,moneyworks4me.com,N/A,5 hours ago The above information is a part of company's filings submitted to BSE. Related Shriram Finance Ltd. Links: Stock Analysis Reports News Screener Sector News.
2026-01-20 00:20:50,Market Intelligence,Google Custom Search,N/A,4 Reasons Morgan Stanley upgrades Shriram Finance target ...,https://www.financialexpress.com/market/4-reasons-morgan-stanley-upgrades-shriram-finance-target-check-price-target-and-more/4109968/,financialexpress.com,N/A,"17 hours ago Morgan Stanley sees 35% upside for Shriram Finance as MUFG deal boosts funding access, growth, and long-term profitability."
2026-01-20 00:20:50,Market Intelligence,Google Custom Search,N/A,SHRIRAMFIN Share Price | Shriram Finance Ltd Stock Analysis ...,https://www.marketsmojo.com/stocks-analysis/shriram-finance-397643-1,marketsmojo.com,N/A,"21 hours ago Get Shriram Finance Ltd (SHRIRAMFIN) share price, Mojo Score, PE ratio, returns & buy/sell recommendation. Stock analysis with financials & peer comparison."
2026-01-20 00:20:50,Market Intelligence,Google Custom Search,N/A,Lt Finance Ltd vs Shriram Finance Ltd Stock Comparison | BlinkX,https://blinkx.in/insights/stock-comparison/lt-finance-ltd-vs-shriram-finance-ltd,blinkx.in,N/A,"2 days ago Profit before tax rose 5.24% year-on-year to Rs 988.86 crore in Q2 FY26, compared to Rs 93 Read more. 16 Oct 2025 15:41. News. L&T Finance to hold board"
2026-01-20 00:20:50,Market Intelligence,Google Custom Search,N/A,"Apply for Car, Home and Personal Loans in Bangaon, North 24 ...",https://www.cholamandalam.com/branch/bangaon,cholamandalam.com,N/A,"2 days ago Chola Finance: Your Trusted Partner for Quick & Affordable Loans. Cholamandalam Investment and Finance Company Limited (Chola), a leading financial services"
2026-01-20 00:20:50,Market Intelligence,Google Custom Search,N/A,"Cholamandalam Investment and Finance Q4, PAT at ₹1,058 crore ...",https://upstox.com/news/market-news/earnings/cholamandalam-investment-and-finance-q4-pat-at-indian-rupee1058-crore-up-by-24percent/article-83391/,upstox.com,N/A,"21 hours ago Upstox News Desk is a team of journalists who passionately cover stock markets, economy, commodities, latest business trends, and personal finance. Next"
2026-01-20 00:20:50,Market Intelligence,Google Custom Search,N/A,Cholamandalam Investment and Finance Company Ltd Splits: Splits ...,https://www.livemint.com/cholamandalam-investment-and-finance-company-ltd/splits/companyid-s0003157,livemint.com,N/A,1 day ago Cholamandalam Investment and Finance Company Ltd has not announced any Stock Split since 2018. Related News · Stocks to buy today: MarketSmith India's top
2026-01-20 00:20:50,Market Intelligence,Google Custom Search,N/A,Cholamandalam Investment & Finance Company Ltd Share Price ...,https://www.business-standard.com/markets/cholamandalam-investment-finance-company-ltd-share-price-2163.html,business-standard.com,N/A,"6 hours ago Finance Company Ltd latest news on BSE/NSE stock price live updates, Cholamandalam Investment & Finance Company Ltd financial results and overview,"
2026-01-20 00:20:50,Market Intelligence,Google Custom Search,N/A,All Rating Rationales,https://www.icra.in/Rating/AllRatingRationales,icra.in,N/A,2 hours ago Rating Rationales · Structured Finance Rating Rationales · Our Rating Approach & Methodologies · Webinars · Credit Perspective Reports · Research Reports · ICRA
2026-01-20 00:20:50,Market Intelligence,Google Custom Search,N/A,NIFTY NEXT 50: India's Powerhouse Stocks Just Below the Big ...,https://x.com/sunilgurjar01/status/2013258897440809104,x.com,N/A,4 hours ago Cholamandalam Investment & Finance - Punjab National Bank (PNB) - Ambuja Cements - Canara Bank - Torrent Pharmaceuticals - Samvardhana Motherson
2026-01-20 00:20:50,Market Intelligence,Google Custom Search,N/A,BSE SENSEX Next 50,https://marathi.economictimes.com/marketstats/indices/bse-sensex-next-50,marathi.economictimes.com,N/A,"6 hours ago The Economic Times Marathi - Business News मराठी · बाजार Cholamandalam Investment & Finance Company Ltd. CHOLAFINEQ. 1,700.4, +₹ 1.21"
2026-01-20 00:20:50,Market Intelligence,Google Custom Search,N/A,Bajaj Finance Ltd vs Cholamandalam Financial Holdings Ltd Stock ...,https://blinkx.in/insights/stock-comparison/bajaj-finance-ltd-vs-cholamandalam-financial-holdings-ltd,blinkx.in,N/A,2 days ago Bajaj Finance Ltd lost 5.74% today to trade at Rs 1023.15. The BSE Financial Services inde Read more. 11 Nov 2025 09:30. News.
2026-01-20 00:20:50,Market Intelligence,Google Custom Search,N/A,Cholamandalam Financial Holdings Ltd.,https://www.moneycontrol.com/india/stockpricequote/miscellaneous/cholamandalamfinancialholdings/TII,moneycontrol.com,N/A,2 hours ago Chola Fin Hold Share Price: Find the latest news on Chola Fin Hold Stock Price. Get all the information on Chola Fin Hold with historic price charts for NSE
2026-01-20 00:20:50,Market Intelligence,Google Custom Search,N/A,Chola Chess invites a foreign Grandmaster for the GM norm ...,https://www.chessbase.in/news/chola-chess-invites-a-foreign-grandmaster-for-the-gm-norm-tournament-in-chennai,chessbase.in,N/A,"2 days ago Chola Chess is a Corporate Social Responsibility (CSR) initiative of Cholamandalam Investment and Finance Company, launched in July 2025. The program is"
2026-01-20 00:20:50,Market Intelligence,Google Custom Search,N/A,Mahindra & Mahindra Financial Services Ltd: Technical Mom...,https://www.marketsmojo.com/news/stocks-in-action/mahindra-mahindra-financial-services-ltd-technical-momentum-shifts-signal-mildly-bullish-outlook-3780902,marketsmojo.com,N/A,"2 days ago Mahindra & Mahindra Financial Services Ltd (M&M Fin. Serv.), a key News; Stocks in Action; Mahindra & Mahindra Financial Services Ltd: Technical"
2026-01-20 00:20:50,Market Intelligence,Google Custom Search,N/A,INE774D07VG6 | 8.01% Mahindra and Mahindra Financial Services ...,https://smest.in/bond-details/8.01-Mahindra-and-Mahindra-Financial-Services-Limited-24-Dec-2027/INE774D07VG6,smest.in,N/A,"16 hours ago Mahindra Finance, a non-banking financial company (NBFC), was More News Right arrow. Mahindra and Mahindra Financial Services Limited logo"
2026-01-20 00:20:50,Market Intelligence,Google Custom Search,N/A,Mahindra & Mahindra Financial Services Ltd Share Price Today ...,https://www.business-standard.com/markets/mahindra-mahindra-financial-services-ltd-share-price-16795.html,business-standard.com,N/A,6 hours ago What's Mahindra & Mahindra Financial Services Ltd share price today. Get Mahindra & Mahindra Financial Services Ltd latest news on BSE/NSE stock price live
2026-01-20 00:20:50,Market Intelligence,Google Custom Search,N/A,INE774D07UX3 | 8.10% Mahindra and Mahindra Financial Services ...,https://smest.in/bond-details/8.10-Mahindra-and-Mahindra-Financial-Services-Limited-21-May-2026/INE774D07UX3,smest.in,N/A,"2 days ago Mahindra Finance, a non-banking financial company (NBFC), was Recent News. More News Right arrow. News Thumbnail. Mahindra Finance's December"
2026-01-20 00:20:50,Market Intelligence,Google Custom Search,N/A,Kotak Mahindra Bank Ltd - Share/Stock Price,https://www.moneycontrol.com/india/stockpricequote/banks-private-sector/kotakmahindrabank/KMB,moneycontrol.com,N/A,2 hours ago Kotak Mahindra Share Price: Find the latest news on Kotak Mahindra Stock Price. Get all the information on Kotak Mahindra with historic price charts for NSE
2026-01-20 00:20:50,Market Intelligence,Google Custom Search,N/A,Aditya Birla Capital Ltd vs Mahindra Mahindra Financial Services ...,https://blinkx.in/insights/stock-comparison/aditya-birla-capital-ltd-vs-mahindra-mahindra-financial-services-ltd,blinkx.in,N/A,"17 hours ago Mahindra & Mahindra Financial Services Ltd News Hub. News. Mahindra Finance gains as Q3 disbursements climb 7% YoY to Rs 17,600-cr. For the"
2026-01-20 00:20:50,Market Intelligence,Google Custom Search,N/A,Mahindra & Mahindra Financial Services Limited (M&MFIN.BO ...,https://ca.finance.yahoo.com/quote/M%26MFIN.BO/analyst-insights/,ca.finance.yahoo.com,N/A,"2 days ago Yahoo Finance provides the latest analyst insights, price targets, and recommendations on Mahindra News · Research · Chart · Community · Statistics"
2026-01-20 00:20:50,Market Intelligence,Google Custom Search,N/A,EQS News – Financial News & Events Directly From The Source,https://www.eqs-news.com/,eqs-news.com,N/A,3 hours ago Financial News Directly From The Source Latest Reports Latest Research Tech Mahindra. Corporate. Tech Mahindra Recognized Amongst MINDS 2nd Cohort By
2026-01-20 00:20:50,Market Intelligence,Google Custom Search,N/A,NSE - National Stock Exchange of India Ltd,https://www.nseindia.com/get-quotes/equity?symbol=NESTLEIND,nseindia.com,N/A,7 hours ago Option Chain; Market Turnover; Listings · IPO · Circulars · Daily Report · Holidays · Corporates · Press Releases · Contact Us. English arrow. NSE India.
2026-01-20 00:20:50,Market Intelligence,Google Custom Search,N/A,"Mahindra Cars Price in India - Models 2026, Reviews, Specs ...",https://www.cardekho.com/cars/Mahindra,cardekho.com,N/A,"5 hours ago Mahindra Cars Price in India - Mahindra has currently 18 car models on sale, check prices of all Mahindra car models with reviews, specs, images, videos,"
2026-01-20 00:20:50,Market Intelligence,Google Custom Search,N/A,INE414G07JI3 | 8.90% Muthoot Finance Limited 07 Oct 2027,https://smest.in/bond-details/8.90-Muthoot-Finance-Limited-07-Oct-2027/INE414G07JI3,smest.in,N/A,"2 days ago Recent News. More News Right arrow. News Thumbnail. Muthoot Finance posts 14% growth in net profit at ₹984 cr in Q2FY24. Mar 26, 2024 | Muthoot Finance Limited."
2026-01-20 00:20:50,Market Intelligence,Google Custom Search,N/A,"Manappuram, Muthoot, and IIFL Finance shares rally up to 57% in ...",https://upstox.com/news/market-news/stocks/manappuram-muthoot-and-iifl-finance-shares-rally-up-to-57-in-six-months-amid-gold-s-meteoric-rise-will-the-surge-continue/article-183231/,upstox.com,N/A,"2 hours ago news agency PTI reported. Given this meteoric jump in the yellow metal, shares of gold finance companies in India have also witnessed an impressive rally."
2026-01-20 00:20:50,Market Intelligence,Google Custom Search,N/A,The Truth About Muthoot Finance Ltd: Why Everyone Is Suddenly ...,https://www.ad-hoc-news.de/boerse/news/ueberblick/the-truth-about-muthoot-finance-ltd-why-everyone-is-suddenly-paying/68499575,ad-hoc-news.de,N/A,11 hours ago Muthoot Finance Ltd is blowing up feeds for its gold loans and wild growth story. But is this India-first finance giant actually worth your money or just
2026-01-20 00:20:50,Market Intelligence,Google Custom Search,N/A,"Q2 results: Tata Motors, Eicher Motors, Muthoot Finance, LG ...",https://upstox.com/news/market-news/earnings/q2-results-tata-motors-eicher-motors-muthoot-finance-lg-electronics-hero-moto-corp-others-to-post-earnings-on-nov-13-check-list/article-184546/,upstox.com,N/A,"1 day ago Q2 results: Tata Motors, Eicher Motors, Muthoot Finance, LG Electronics, Hero MotoCorp, others to post earnings on Nov 13; check list. Market News. Q2 results"
2026-01-20 00:20:50,Market Intelligence,Google Custom Search,N/A,"Gold Loan Services in and near Nalasopara East, Vasai Virar ...",https://branches.muthootfinance.com/gold-loan-agency-in-nalasopara-east-vasai-virar-11478948/home,branches.muthootfinance.com,N/A,"7 hours ago Get instant cash with a low-interest gold loan in Nalasopara East, Vasai Virar from Muthoot Finance your trusted NBFC. Explore personal loans, home loans"
2026-01-20 00:20:50,Market Intelligence,Google Custom Search,N/A,Muthoot Securities,https://www.muthootsecurities.com/Markets/Exchange-Holidays,muthootsecurities.com,N/A,"4 hours ago It's shows the List of holidays for BSE and NSE. Holiday Date, Purpose, Day. 15-Jan-"
2026-01-20 00:20:50,Market Intelligence,Google Custom Search,N/A,Hitachi Energy India Ltd (POWERINDIA) Stock Price & News ...,https://www.google.com/finance/quote/POWERINDIA:NSE,google.com,N/A,"1 day ago 3MINDIA 0.85%. Muthoot Finance Ltd. ₹3,940.30. MUTHOOTFIN 0.11%. Tata Elxsi Ltd. ₹5,560.00. TATAELXSI 0.81%. Nuvama Wealth Management Ltd. ₹1,473.70. NUVAMA"
2026-01-20 00:20:50,Market Intelligence,Google Custom Search,N/A,Muthoot Finance - 80% up in last 12 months. ✌️ (It's all about ...,https://x.com/SudhirN94847744/status/2013066602984653137,x.com,N/A,17 hours ago KnowledgeX (@SudhirN94847744). 8 likes. Muthoot Finance - 80% up in last 12 months. ✌️ (It's all about investing in the right companies post a detailed
2026-01-20 00:20:50,Market Intelligence,Google Custom Search,N/A,PG Electroplast Ltd (PGEL) Stock Price & News - Google Finance,https://www.google.com/finance/quote/PGEL:NSE,google.com,N/A,"15 hours ago searchCompare to. Muthoot Finance Ltd. ₹3,938.00. MUTHOOTFIN 0.048%. Kaynes Technology India Ltd. ₹3,600.00. KAYNES 0.34%. Ashok Leyland Ltd. ₹188.40. ASHOKLEY"
2026-01-20 00:20:50,Market Intelligence,Google Custom Search,N/A,"Shri George Alexander Muthoot, Managing Director of The Muthoot ...",https://x.com/TheMuthootGroup/status/2013137177077821835/photo/2,x.com,N/A,"12 hours ago Shri George Alexander Muthoot, Managing Director of The Muthoot Group, was honoured with the prestigious Explore Trending StoriesGo to HomeSearch XNews."
2026-01-20 00:20:50,Market Intelligence,Google Custom Search,N/A,"Manappuram, Muthoot, and IIFL Finance shares rally up to 57% in ...",https://upstox.com/news/market-news/stocks/manappuram-muthoot-and-iifl-finance-shares-rally-up-to-57-in-six-months-amid-gold-s-meteoric-rise-will-the-surge-continue/article-183231/,upstox.com,N/A,"22 hours ago news agency PTI reported. Given this meteoric jump in the yellow metal, shares of gold finance companies in India have also witnessed an impressive rally."
2026-01-20 00:20:50,Market Intelligence,Google Custom Search,N/A,Manappuram Finance Dividend: Check Manappuram Finance ...,https://www.livemint.com/manappuram-finance/dividend/companyid-s0003183,livemint.com,N/A,1 hour ago Manappuram Finance Dividend: Read About Manappuram Finance Dividend Payment Details to Shareholders Through Interim Dividends Every Quarter and Final
2026-01-20 00:20:50,Market Intelligence,Google Custom Search,N/A,"Muthoot Finance, Manappuram shares surge up to 8%; here's why ...",https://upstox.com/news/market-news/stocks/muthoot-finance-shares-surge-after-finance-ministry-suggests-easier-gold-loan-norms-for-small-borrowers/article-170847/,upstox.com,N/A,"9 hours ago Muthoot Finance, Manappuram shares surge up to 8%; here's why gold loan financiers are surging. Upstox. By Upstox News Desk. 3 min read | Updated on May 30,"
2026-01-20 00:20:50,Market Intelligence,Google Custom Search,N/A,531213 | Manappuram Finance Ltd | Stock Price vs Fair ...,https://morningstar.in/stocks/0p0000cb9o/bse-manappuram-finance-ltd/price.aspx,morningstar.in,N/A,"2 days ago Dividends & Splits ; Trailing Dividend Yield %, 2.83, 1.62 ; Buyback Yield %, —, — ; Total Yield %, 2.83, 1.62 ; 58.05 5.92."
2026-01-20 00:20:50,Market Intelligence,Google Custom Search,N/A,Manappuram Finance calls EGM to raise borrowing limits and revise ...,http://www.msn.com/en-us/money/companies/manappuram-finance-calls-egm-to-raise-borrowing-limits-and-revise-director-pay/ar-AA1TeXuT?apiversion=v2&domshim=1&noservercache=1&noservertelemetry=1&batchservertelemetry=1&renderwebcomponents=1&wcseo=1,msn.com,N/A,"2 days ago Unlock hedge fund-level data and powerful investing tools for smarter, sharper decisions; Stay ahead of the market with the latest news and analysis and"
2026-01-20 00:20:50,Market Intelligence,Google Custom Search,N/A,CourtKutchehry Blog | Latest Legal News & Analysis,https://www.courtkutchehry.com/pages/blog/?tag=consumer%20protection,courtkutchehry.com,N/A,"9 hours ago Kerala High Court rules that brand ambassador Mohanlal is not liable for Manappuram Finance's actions, holding endorsers responsible only with a direct link."
2026-01-20 00:20:50,Market Intelligence,Google Custom Search,N/A,INE516Q07465 | 9.30% Asirvad Micro Finance Limited 20 Jan 2026,https://smest.in/bond-details/9.30-Asirvad-Micro-Finance-Limited-20-Jan-2026/INE516Q07465,smest.in,N/A,"17 hours ago Recent News. More News Right arrow. Asirvad Micro Finance Limited logo. Manappuram Finance files addendum to ₹1,500 crore Asirvad Micro Finance IPO. Mar 27"
2026-01-20 00:20:50,Market Intelligence,Google Custom Search,N/A,"Gold financing companies : Latest News Headlines, Videos and ...",https://www.business-standard.com/topic/gold-financing-companies,business-standard.com,N/A,"1 day ago Manappuram Finance has denied media reports suggesting likely delay in its proposed transaction with Bain Capital, terming such reports as factually incorrect."
2026-01-20 00:20:50,Market Intelligence,Google Custom Search,N/A,Mahindra & Mahindra Financial Services Limited (M&MFIN.BO ...,https://ca.finance.yahoo.com/quote/M%26MFIN.BO/analyst-insights/,ca.finance.yahoo.com,N/A,"2 days ago MANAPPURAM.BO Manappuram Finance Limited. 313.55. +1.51%. MUTHOOTFIN.NS Muthoot Finance Limited. 3,936.10. -0.05%. IIFL.NS IIFL Finance Limited. 633.65. -0.27"
2026-01-20 00:20:50,Market Intelligence,Google Custom Search,N/A,"In Mohanlal gold loan consumer case, what Kerala HC held on ...",https://indianexpress.com/article/explained/explained-law/kerala-hc-mohanlal-brand-endorsement-liability-10478191/,indianexpress.com,N/A,"1 day ago Later in 2018, Manappuram Finance took over the loans after a bank manager allegedly promised a lower interest rate. The borrowers claimed that they were"
2026-01-20 00:20:50,Market Intelligence,Google Custom Search,N/A,HDB Financial Services Ltd. - Share/Stock Price,https://www.moneycontrol.com/india/stockpricequote/finance-nbfc/hdbfinancialservices/HFSL,moneycontrol.com,N/A,2 hours ago HDB Financial Share Price: Find the latest news on HDB Financial Stock Price. Get all the information on HDB Financial with historic price charts for NSE
2026-01-20 00:20:50,Market Intelligence,Google Custom Search,N/A,We are deeply grateful to HDB Financial Services for being a ...,https://x.com/AkshayaPatra/status/2013179412347506705/photo/2,x.com,N/A,"10 hours ago This year, their contribution has helped us scale our kitchen in Warangal, Telangana, empowering us to serve nutritious meals to over 25,000 children every day—"
2026-01-20 00:20:50,Market Intelligence,Google Custom Search,N/A,HDB Financial IPO opens for subscription: Here's how to apply ...,https://upstox.com/news/market-news/ipo/hdb-financial-ipo-here-s-how-to-apply-under-the-shareholders-quota-and-increase-chances-of-allotment/article-175048/,upstox.com,N/A,"11 hours ago The mainboard IPO will open for subscription on Wednesday, Jun 25, 2025. HDFC Bank shareholders can bid for the HDB Financial Services IPO under the"
2026-01-20 00:20:50,Market Intelligence,Google Custom Search,N/A,HDB Financial Services (HDBFS) Live Share Price Today on NSE ...,https://trendlyne.com/equity/3147463/HDBFS/hdb-financial-services-ltd/,trendlyne.com,N/A,"1 hour ago HDB Financial Services (HDBFS) live share price today on NSE/BSE at 3:31 p.m. on Jan 19, 2026 is Rs 754.65. Explore financials, technicals, Deals,"
2026-01-20 00:20:50,Market Intelligence,Google Custom Search,N/A,HDB Financial Services Ltd. Share Price Today: Live updates,https://zerodha.com/markets/stocks/NSE/HDBFS/,zerodha.com,N/A,"10 hours ago Check HDB Financial Services Ltd. live share price on NSE. Access the latest financials, balance sheet,forecast and recent events."
2026-01-20 00:20:50,Market Intelligence,Google Custom Search,N/A,"HDB Financial Services Ltd Share Price Today, HDBFS , Stock Price ...",https://www.aajtak.in/business/stock/hdb-financial-services-ltd-hdbfs-share-price-6561,aajtak.in,N/A,6 hours ago Advertisement. Hindi News · Business; HDB Financial Services Ltd. HDB Financial Services Ltd Share Price (HDBFS). सेक्टर: Finance(Mid Cap)
2026-01-20 00:20:50,Market Intelligence,Google Custom Search,N/A,"Jio Financial, Groww & HDB Financial Services: Hem Securities ...",https://www.msn.com/en-in/money/topstories/jio-financial-groww-hdb-financial-services-hem-securities-astha-jain-shares-view/ar-AA1UtEM7?ocid=finance-verthp-feeds,msn.com,N/A,"14 hours ago Financial Services, recently listed HDB Financial Services and fintech platform Groww. Newsable Asianet News. Bengaluru matrimonial scam: Family introduces"
2026-01-20 00:20:50,Market Intelligence,Google Custom Search,N/A,"Jio Financial, Groww & HDB Financial Services: Hem Securities ...",https://www.businesstoday.in/markets/stocks/story/jio-financial-groww-hdb-financial-services-hem-securities-astha-jain-shares-view-511401-2026-01-19,businesstoday.in,N/A,14 hours ago Disclaimer: Business Today provides stock market news for informational purposes only and should not be construed as investment advice. Readers are encouraged
2026-01-20 00:20:50,Market Intelligence,Google Custom Search,N/A,Hdb Financial Services Ltd vs Tata Investment Corporation Ltd Stock ...,https://blinkx.in/insights/stock-comparison/hdb-financial-services-ltd-vs-tata-investment-corporation-ltd,blinkx.in,N/A,"1 day ago Total Revenue from operations rose 12.78% to Rs 4,673.5 crore in Q3 FY26 as against Rs 4,1 Read more. 16 Jan 2026 11:19. News. HDB Financial Services"
2026-01-20 00:20:50,Market Intelligence,Google Custom Search,N/A,Neutral HDB Financial Services; target of Rs 815: Motilal Oswal ...,https://in.tradingview.com/news/moneycontrol:5884d5476094b:0-neutral-hdb-financial-services-target-of-rs-815-motilal-oswal/,in.tradingview.com,N/A,3 hours ago TradingView India. Motilal Oswal's research report on HDB Financial ServicesHDB Financial Services' (HDBFIN) 3QFY26 PAT rose 36% YoY/11% QoQ to ~INR6.4b (in
2026-01-20 00:20:50,Market Intelligence,Google Custom Search,N/A,"AUM of ₹ 2,60,698cr (up 7% QoQ), and PAT (1) of ₹ 1,290cr (up 18 ...",https://www.tatacapital.com/content/dam/tata-capital/pdf/investors-and-financial-reports/financials/tcl/Press-Release-Q3FY26.pdf,tatacapital.com,N/A,6 hours ago Tata Capital Limited (TCL) is the flagship financial services company This Press Release has been prepared by Tata Capital Limited (“Company”) to
2026-01-20 00:20:50,Market Intelligence,Google Custom Search,N/A,"Tata Capital Q3 Results: Net profit jumps 39% YoY to ₹1,285 crore ...",https://www.livemint.com/market/stock-market-news/tata-capital-q3-results-net-profit-jumps-39-yoy-to-rs-1-285-crore-nii-improves-26-11768821899462.html,livemint.com,N/A,"7 hours ago Tata Capital reported a consolidated net profit of ₹1285 crore for the December quarter, a 39.3% increase year-on-year. Net interest income rose 26% to"
2026-01-20 00:20:50,Market Intelligence,Google Custom Search,N/A,"Tata Capital Q3 results: Net profit rises 17% to Rs 1,257 crore",https://www.moneycontrol.com/news/business/earnings/tata-capital-q3-results-net-profit-rises-17-to-rs-1-257-crore-13779513.html,moneycontrol.com,N/A,"7 hours ago Discover the latest Business News, Sensex, and Nifty updates. Obtain Personal Finance insights, tax queries, and expert opinions on Moneycontrol or download the"
2026-01-20 00:20:50,Market Intelligence,Google Custom Search,N/A,"Q3 Results This Week: Eternal, Kotak Mahindra Bank, Tata Capital ...",https://upstox.com/news/market-news/earnings/q3-results-this-week-eternal-kotak-mahindra-bank-tata-capital-dr-reddy-s-indi-go-jsw-steel-hpcl-and-more/article-187970/,upstox.com,N/A,"12 hours ago news and enjoys playing tennis, especially flexing his backhand. He was previously associated with Republic TV and LatestLY. Next Story. Market News. BHEL"
2026-01-20 00:20:50,Market Intelligence,Google Custom Search,N/A,INE306N07NH1 | 7.9873% Tata Capital Limited 17 Apr 2026,https://smest.in/bond-details/7.9873-Tata-Capital-Financial-Services-Limited-17-Apr-2026/INE306N07NH1,smest.in,N/A,"1 day ago ISIN: INE306N07NH1, Issuer: Tata Capital Limited. Find the complete bond information only on smest More News Right arrow. News Thumbnail. RBI releases NBFC"
2026-01-20 00:20:50,Market Intelligence,Google Custom Search,N/A,"Tata Capital Q3 Results: PAT jumps 17% YoY to Rs 1,257 crore ...",https://m.economictimes.com/markets/stocks/earnings/tata-capital-q3-results-pat-jumps-17-yoy-to-rs-1257-crore-total-revenue-up-12/articleshow/126686361.cms,m.economictimes.com,N/A,"5 hours ago Tata Capital posted strong Q3FY26 results with a 17% YoY rise in net profit and 12% revenue growth. AUM expanded sharply, costs moderated, and retail-SME"
2026-01-20 00:20:50,Market Intelligence,Google Custom Search,N/A,"Tata Capital News, Corporate filings and Earnings/Conference Calls",https://trendlyne.com/latest-news/3279131/TATACAP/tata-capital-ltd/,trendlyne.com,N/A,"4 hours ago Tata Capital News, Corporate filings and Earnings/Conference Calls. Keep track of all breaking news and updates on Tata Capital from all sources in a single"
2026-01-20 00:20:50,Market Intelligence,Google Custom Search,N/A,Tata Capital Q3FY26 Results: Net Profit Rises 9.9% YoY to ₹789.86 ...,https://scanx.trade/stock-market-news/earnings/tata-capital-q3fy26-results-net-profit-rises-9-9-yoy-to-789-86-crores-on-strong-revenue-growth/30367231,scanx.trade,N/A,7 hours ago Tata Capital Limited reported strong Q3FY26 financial results with net profit increasing 9.9% YoY to ₹789.86 crores. Total income grew 7.6% to ₹5786.08
2026-01-20 00:20:50,Market Intelligence,Google Custom Search,N/A,"Tata Capital's Q3 FY26 results: Profit rises 36% to ₹1,285 crore ...",https://www.business-standard.com/companies/news/tata-capital-s-q3-fy26-results-profit-rises-36-to-1-285-crore-126011901047_1.html,business-standard.com,N/A,5 hours ago Tata Capital's Q3FY26 profit jumps 36% to ₹1285 crore on strong income and AUM growth; asset quality remains stable.
2026-01-20 00:20:50,Market Intelligence,Google Custom Search,N/A,#Q3WithBS | Tata Capital reported a strong 16.9% year-on-year rise ...,https://x.com/bsindia/status/2013233892979888367,x.com,N/A,6 hours ago Business Standard (@bsindia). 71 views. #Q3WithBS | Tata Capital reported a strong 16.9% year-on-year rise in consolidated net profit to ₹1256.87 crore for
2026-01-20 00:20:50,Market Intelligence,Google Custom Search,N/A,INE498L07137 | 7.2092% L and T Finance Limited 29 Jun 2027,https://smest.in/bond-details/7.2092-L-and-T-Finance-Limited-29-Jun-2027/INE498L07137,smest.in,N/A,"2 days ago Incorporated in 2008 and listed on the NSE/BSE, L&T Finance (LTF) consolidated its operations on December 4, 2023, by merging its subsidiaries (LTF, LTICL, and"
2026-01-20 00:20:50,Market Intelligence,Google Custom Search,N/A,#3QWithCNBCTV18 | L&T Finance's #Profit Rises 18% In #Q3FY26 ...,https://x.com/CNBCTV18News/status/2013135974218531046,x.com,N/A,"12 hours ago CNBC-TV18 (@CNBCTV18News). #3QWithCNBCTV18 | L&T Finance's #Profit Rises 18% In #Q3FY26 On Healthy #NII Growth Sudipta Roy, Managing Director & CEO,"
2026-01-20 00:20:50,Market Intelligence,Google Custom Search,N/A,"L&T Finance (LTF) Live Share Price Today on NSE/BSE, Stock ...",https://trendlyne.com/equity/777/LTF/l-t-finance-ltd/,trendlyne.com,N/A,"2 hours ago L&T Finance (LTF) live share price today on NSE/BSE at 3:31 p.m. on Jan 19, 2026 is Rs 300.05. Explore financials, technicals, Deals, Corporate actions and"
2026-01-20 00:20:50,Market Intelligence,Google Custom Search,N/A,#CNBCTV18Market | L&T Finance recovers 6% from day's low,https://x.com/CNBCTV18Live/status/2013146306177638428,x.com,N/A,12 hours ago #CNBCTV18Market | L&T Finance recovers 6% from day's low. CNBC-TV18's Image on X · 0. 2. 22. 2189 · · Explore Trending StoriesGo to HomeSearch XNews.
2026-01-20 00:20:50,Market Intelligence,Google Custom Search,N/A,"L&T Finance Reports 18% Rise in Q3 Profit, Reaching Rs 739 Crore ...",https://bfsi.economictimes.indiatimes.com/articles/lt-finance-q3-profit-rises-18-pc-to-rs-739-cr/126666417,bfsi.economictimes.indiatimes.com,N/A,"16 hours ago L&T Finance announced an 18% increase in net profit for Q3 FY2025, achieving Rs 739 crore. The company also reported record high disbursements in"
2026-01-20 00:20:50,Market Intelligence,Google Custom Search,N/A,L&T Finance Eyes 3% RoA by FY27 on AI and Gold Loan Bet ...,https://www.multibagg.ai/market-pulse/articles/lt-finance-growth-strategy-fy27-cmkktlwasnv5hpe0jowhgirq4,multibagg.ai,N/A,8 hours ago L&T Finance is leveraging AI for underwriting and aggressively expanding its gold loan business to target a 3% return on assets and 25% AUM growth by FY27.
2026-01-20 00:20:50,Market Intelligence,Google Custom Search,N/A,L&T Finance share price,https://www.business-standard.com/markets/l-t-finance-ltd-share-price-41147.html,business-standard.com,N/A,"2 hours ago What's L&T Finance Ltd share price today. Get L&T Finance Ltd latest news on BSE/NSE stock price live updates, L&T Finance Ltd financial results and"
2026-01-20 00:20:50,Market Intelligence,Google Custom Search,N/A,L&T Finance shares gain nearly 3% on 33% rise in retail loan ...,https://upstox.com/news/market-news/stocks/landt-finance-rises-3percent-as-q4-retail-disbursements-jump-33percent/article-78245/,upstox.com,N/A,"8 hours ago The company's total estimated retail disbursements for Q4 FY24 stood at ₹15030 crore, up 33% compared with disbursements of ₹11282 crore in the year-ago"
2026-01-20 00:20:50,Market Intelligence,Google Custom Search,N/A,L&T Finance - FIIs midcap picks: 13 stocks surge up to 93% in FY26 ...,https://m.economictimes.com/markets/stocks/news/fiis-midcap-picks-13-stocks-surge-up-to-93-in-fy26-are-you-holding-any/lt-finance/slideshow/126673096.cms,m.economictimes.com,N/A,"10 hours ago So far in FY26, the stock has jumped 93%, rising from Rs 153 to Rs 296. During the December quarter, FII holding increased to 6.66% from 6.40% in the"
2026-01-20 00:20:50,Market Intelligence,Google Custom Search,N/A,"Q2 results: Axis Bank, IRFC, HDFC Life Insurance, HDB Financial ...",https://upstox.com/news/market-news/earnings/q2-results-axis-bank-irfc-hdfc-life-insurance-hdb-financial-l-and-t-finance-kei-industries-others-to-post-earnings-oct-15-check-list/article-183049/,upstox.com,N/A,"9 hours ago Financial, L&T Finance, KEI Industries, others to post earnings; check list He is passionate about breaking news and enjoys playing tennis, especially flexing"
2026-01-20 00:20:50,Market Intelligence,Google Custom Search,N/A,How Working Professionals Should Balance Short & Long-Term ...,https://lifeinsurance.adityabirlacapital.com/articles/your-money/how-professionals-should-balance-short-term-and-long-term-investments/,lifeinsurance.adityabirlacapital.com,N/A,"1 day ago Example: Regularly read financial news and attend investment seminars to stay informed about the latest developments. Trade Logo ""Aditya Birla Capital"""
2026-01-20 00:20:50,Market Intelligence,Google Custom Search,N/A,Some moments demand immediate answers. Digital gold is built to ...,https://x.com/abcapital/status/2012759362281082907,x.com,N/A,2 days ago Aditya Birla Capital (@abcapital). 63 views. Some moments demand immediate answers. Digital gold is built to respond. It gives you the flexibility that fits
2026-01-20 00:20:50,Market Intelligence,Google Custom Search,N/A,Equity Company-Snapshot - Aditya Birla Money,https://stocksandsecurities.adityabirlacapital.com/markets/company-snapshot/5955,stocksandsecurities.adityabirlacapital.com,N/A,"3 hours ago NEWS. Indian Overseas Bank consolidated net profit rises 63.05% in the Trade Logo ""Aditya Birla Capital"" displayed above is owned by ADITYA BIRLA"
2026-01-20 00:20:50,Market Intelligence,Google Custom Search,N/A,Aditya Birla Capital Allots ₹215 Crore Non-Convertible Debentures ...,https://scanx.trade/stock-market-news/corporate-actions/aditya-birla-capital-allots-215-crore-non-convertible-debentures-on-private-placement/30373622,scanx.trade,N/A,"6 hours ago Aditya Birla Capital Limited completed the allotment of 215 perpetual non-convertible debentures worth ₹215.00 crores on January 19, 2026, through private"
2026-01-20 00:20:50,Market Intelligence,Google Custom Search,N/A,"Q1 results: DLF, Marico, Aditya Birla Capital, Godfrey Phillips India ...",https://upstox.com/news/market-news/earnings/q1-results-dlf-marico-aditya-birla-capital-marico-godfrey-phillips-india-ather-energy-others-to-post-earnings-check-list/article-179115/,upstox.com,N/A,"1 day ago news and enjoys playing tennis, especially flexing his backhand. He was previously associated with Republic TV and LatestLY. Next Story. Market News. Reliance"
2026-01-20 00:20:50,Market Intelligence,Google Custom Search,N/A,Aditya Birla Fashion & Retail Ltd - Share/Stock Price,https://www.moneycontrol.com/india/stockpricequote/retail/adityabirlafashionretail/PFR,moneycontrol.com,N/A,6 hours ago Aditya Birla F Share Price: Find the latest news on Aditya Birla F Stock Price. Get all the information on Aditya Birla F with historic price charts for NSE
2026-01-20 00:20:50,Market Intelligence,Google Custom Search,N/A,Aditya Birla Capital AGM: Check Annual General Meeting details ...,https://www.livemint.com/aditya-birla-capital/agm/companyid-s0003291,livemint.com,N/A,3 hours ago Aditya Birla Capital AGM: Stay Informed with the Latest Updates and News from Aditya Birla Capital Annual General Meeting (AGM). Stay Up to Date with Aditya
2026-01-20 00:20:50,Market Intelligence,Google Custom Search,N/A,Aditya Birla Capital Allotment of Non-Convertible Debentures ...,https://www.investywise.com/aditya-birla-capital-allotment-of-non-convertible-debentures-7/,investywise.com,N/A,"6 hours ago The debentures will be redeemed at a price of ₹1,00,00,000 per debenture on the Date of Maturity. Source: BSE · InvestyWise News. onJanuary 19, 2026."
2026-01-20 00:20:50,Market Intelligence,Google Custom Search,N/A,Find list of Aditya Birla Capital in Ludhiana near me - Justdial,https://www.justdial.com/Ludhiana/Aditya-Birla-Capital/nct-11978793,justdial.com,N/A,6 hours ago Investors interested in the latest updates can also follow abcapital news for insights into market trends and company performance. By staying informed about the
2026-01-20 00:20:50,Market Intelligence,Google Custom Search,N/A,Aditya Birla Capital Ltd vs Lt Finance Ltd Stock Comparison | BlinkX,https://blinkx.in/insights/stock-comparison/aditya-birla-capital-ltd-vs-lt-finance-ltd,blinkx.in,N/A,"1 day ago Profit before tax rose 5.24% year-on-year to Rs 988.86 crore in Q2 FY26, compared to Rs 93 Read more. 16 Oct 2025 15:41. News. L&T Finance to hold board"
2026-01-20 00:20:50,Market Intelligence,Google Custom Search,N/A,Kotak Mahindra Bank News,https://economictimes.indiatimes.com/kotak-mahindra-bank-ltd/stocksupdate/companyid-12161.cms,economictimes.indiatimes.com,N/A,"1 day ago Kotak Mahindra Bank reported robust Q3FY26 growth, with net advances rising 16% YoY to Rs 4.8 lakh crore and deposits increasing 15% to Rs 5.43 lakh crore."
2026-01-20 00:20:50,Market Intelligence,Google Custom Search,N/A,Kotak Mahindra Bank News and Updates,https://trendlyne.com/latest-news/only-news/758/KOTAKBANK/kotak-mahindra-bank-ltd/,trendlyne.com,N/A,"5 hours ago Consistent in delivering superior RoA of 2+% and RoE of 13+% Key Development: Kotak Mahindra Bank's 1:5 stock split comes into effect on 14 January 2026,"
2026-01-20 00:20:50,Market Intelligence,Google Custom Search,N/A,Kotak Mahindra Bank Ltd - Share/Stock Price,https://www.moneycontrol.com/india/stockpricequote/banks-private-sector/kotakmahindrabank/KMB,moneycontrol.com,N/A,2 hours ago Kotak Mahindra Share Price: Find the latest news on Kotak Mahindra Stock Price. Get all the information on Kotak Mahindra with historic price charts for NSE
2026-01-20 00:20:50,Market Intelligence,Google Custom Search,N/A,"Q3 Results This Week: Eternal, Kotak Mahindra Bank, Tata Capital ...",https://upstox.com/news/market-news/earnings/q3-results-this-week-eternal-kotak-mahindra-bank-tata-capital-dr-reddy-s-indi-go-jsw-steel-hpcl-and-more/article-187970/,upstox.com,N/A,"12 hours ago news and enjoys playing tennis, especially flexing his backhand. He was previously associated with Republic TV and LatestLY. Next Story. Market News. BHEL"
2026-01-20 00:20:50,Market Intelligence,Google Custom Search,N/A,Nifty Financial Services Falls 0.21%: Kotak Mahindra Bank Rises ...,https://www.angelone.in/news/market-updates/nifty-financial-services-falls-0-21-kotak-mahindra-bank-rises-icici-bank-drops,angelone.in,N/A,"11 hours ago Nifty Financial Services closed at 27465.90, down 57.25 points (-0.21%) as Kotak Mahindra Bank led the gainers while ICICI Bank posted the sharpest decline."
2026-01-20 00:20:50,Market Intelligence,Google Custom Search,N/A,Kotak Mahindra Bank Board Meetings | Board Meeting Dates of ...,https://www.livemint.com/kotak-mahindra-bank/board-meetings/companyid-s0003043,livemint.com,N/A,"23 hours ago Kotak Mahindra Bank Board Meetings: Dividends, Bonus, Splits, Rights, Board Meetings, AGM, Related News"
2026-01-20 00:20:50,Market Intelligence,Google Custom Search,N/A,kotak mahindra bank premises Tender News | Latest kotak ...,https://www.tendernews.com/tenders/latest-tender/kotak-mahindra-bank-premises.html,tendernews.com,N/A,"2 days ago Get latest information related to international tenders for kotak mahindra bank premises Government tender document, kotak mahindra bank premises tender"
2026-01-20 00:20:50,Market Intelligence,Google Custom Search,N/A,"Kotak Mahindra Bank Ltd (KOTAKBANK) Stock, Price, News, Quotes ...",https://www.msn.com/en-xl/money/markets?id=ahinjc&tab=TopLosers&ocid=Topstories,msn.com,N/A,1 day ago Tree House Education and Accessories Ltd · 8.03 · Krishival Foods Ltd · 121.70 · Pulz Electronics Ltd · 27.50 · Fedbank Financial Services Ltd · 159.55.
2026-01-20 00:20:50,Market Intelligence,Google Custom Search,N/A,INE916DA7SU4 | 8.12% Kotak Mahindra Prime Limited 21 Jun 2027,https://smest.in/bond-details/8.12-Kotak-Mahindra-Prime-Limited-21-Jun-2027/INE916DA7SU4,smest.in,N/A,2 days ago Kotak Mahindra Prime Limited was established as Kotak Mahindra Primus Limited in 1996 as a 60:40 joint venture between Kotak Mahindra Bank Limited and Ford
2026-01-20 00:20:50,Market Intelligence,Google Custom Search,N/A,"Kotak Mahindra Bank Ltd (500247) Stock, Price, News, Quotes ...",https://www.msn.com/en-in/money/markets?id=ah7y6h&tab=TopLosers&ocid=backredirect2VLP,msn.com,N/A,1 day ago Tree House Education and Accessories Ltd · 8.03 · Krishival Foods Ltd · 121.70 · Pulz Electronics Ltd · 27.50 · Fedbank Financial Services Ltd · 159.55.
2026-01-20 00:20:50,Market Intelligence,Google Custom Search,N/A,HDFC Bank Q3 Earnings: HDFC Bank's Strategy to Boost Deposits ...,https://bfsi.economictimes.indiatimes.com/articles/hdfc-banks-strategy-to-boost-deposits-through-branch-expansion-and-cross-selling/126621094,bfsi.economictimes.indiatimes.com,N/A,"5 hours ago HDFC Bank leans on branch maturity, customer relationships to drive deposit growth as CD ratio stays near 98%; 9,616 branches with average deposits of ₹305"
2026-01-20 00:20:50,Market Intelligence,Google Custom Search,N/A,"HDFC Bank Limited (HDFCBANK.BO) Stock Price, News, Quote ...",https://finance.yahoo.com/quote/HDFCBANK.BO/,finance.yahoo.com,N/A,"12 hours ago Find the latest HDFC Bank Limited (HDFCBANK.BO) stock quote, history, news and other vital information to help you with your stock trading and investing."
2026-01-20 00:20:50,Market Intelligence,Google Custom Search,N/A,HDFC Bank Ltd - Share/Stock Price,https://www.moneycontrol.com/india/stockpricequote/banks-private-sector/hdfcbank/HDF01,moneycontrol.com,N/A,3 hours ago HDFC Bank Share Price: Find the latest news on HDFC Bank Stock Price. Get all the information on HDFC Bank with historic price charts for NSE / BSE.
2026-01-20 00:20:50,Market Intelligence,Google Custom Search,N/A,"Reliance Industries, HDFC Bank, ICICI Bank Q3 earnings to drive ...",https://upstox.com/news/market-news/stocks/reliance-industries-hdfc-bank-icici-bank-q3-earnings-to-drive-markets-on-monday-check-key-numbers-here/article-187924/,upstox.com,N/A,"1 day ago Reliance Industries, HDFC Bank, ICICI Bank Q3 earnings to drive markets on Monday; check key numbers here. Upstox. By Upstox News Desk. 5 min read | Updated on"
2026-01-20 00:20:50,Market Intelligence,Google Custom Search,N/A,HDFC Bank vs ICICI Bank vs Yes Bank vs RBL Bank: Which stock to ...,https://www.livemint.com/market/stock-market-news/hdfc-bank-vs-icici-bank-vs-yes-bank-vs-rbl-bank-which-stock-to-buy-after-q3-results-2026-11768712630288.html,livemint.com,N/A,"2 days ago Decoding the HDFC Bank Q3 results 2026, Seema Srivastava, Senior Research Analyst at SMC Global Securities, said, ""HDFC Bank's Q3 results show strong"
2026-01-20 00:20:50,Market Intelligence,Google Custom Search,N/A,HDFC Bank & ICICI Bank Q3 FY26 Results: Key Takeaways,https://www.swastika.co.in/blog/hdfc-bank-icici-bank-q3-fy26-results-key-highlights-and-market-impact-,swastika.co.in,N/A,"8 hours ago HDFC Bank and ICICI Bank Q3 FY26 results explained. Asset quality, margins, profits, and market impact decoded for investors."
2026-01-20 00:20:50,Market Intelligence,Google Custom Search,N/A,HDFC Bank News,https://economictimes.indiatimes.com/hdfc-bank-ltd/stocksupdate/companyid-9195.cms,economictimes.indiatimes.com,N/A,6 hours ago HDFC Bank Q3 Results: HDFC Bank announced a strong performance for the December quarter. The bank's net profit surged by 11 percent year-on-year. This growth
2026-01-20 00:20:50,Market Intelligence,Google Custom Search,N/A,"HDFC Bank News, Corporate filings and Earnings/Conference Calls",https://trendlyne.com/latest-news/533/HDFCBANK/hdfc-bank-ltd/,trendlyne.com,N/A,"13 hours ago HDFC Bank on Saturday said its consolidated profit jumped 12.17 per cent to Rs 19,807 crore in the December quarter. The city-headquartered lender had reported"
2026-01-20 00:20:50,Market Intelligence,Google Custom Search,N/A,"HDFC Bank Share Price Today, HDFC Bank Stock Price Live NSE ...",https://economictimes.indiatimes.com/hdfc-bank-ltd/stocks/companyid-9195.cms,economictimes.indiatimes.com,N/A,"4 hours ago HDFC Bank Share Price Today - Get live NSE/BSE quotes of HDFC Bank with latest news, headlines and quick analysis. View forecasts, quarterly results,"
2026-01-20 00:20:50,Market Intelligence,Google Custom Search,N/A,Is HDFC Bank the 2026 valuation play? Q3 results May hold a clue ...,https://www.financialexpress.com/market/stock-insights/is-hdfc-bank-the-2026-valuation-play-q3-results-may-hold-a-clue/4111216/,financialexpress.com,N/A,2 days ago Investors were closely monitoring HDFC Bank since it had grown its loan book by 12% y-o-y in the December 2025. Investors will continue monitoring the
2026-01-20 00:20:50,Market Intelligence,Google Custom Search,N/A,ICICI Bank Ltd - Share/Stock Price,https://www.moneycontrol.com/india/stockpricequote/banks-private-sector/icicibank/ICI02,moneycontrol.com,N/A,2 hours ago ICICI Bank Share Price: Find the latest news on ICICI Bank Stock Price. Get all the information on ICICI Bank with historic price charts for NSE / BSE.
2026-01-20 00:20:50,Market Intelligence,Google Custom Search,N/A,HDFC Bank vs ICICI Bank vs Yes Bank vs RBL Bank: Which stock to ...,https://www.livemint.com/market/stock-market-news/hdfc-bank-vs-icici-bank-vs-yes-bank-vs-rbl-bank-which-stock-to-buy-after-q3-results-2026-11768712630288.html,livemint.com,N/A,"2 days ago Decoding the HDFC Bank Q3 results 2026, Seema Srivastava, Senior Research Analyst at SMC Global Securities, said, ""HDFC Bank's Q3 results show strong"
2026-01-20 00:20:50,Market Intelligence,Google Custom Search,N/A,ICICI Bank News,https://economictimes.indiatimes.com/icici-bank-ltd/stocksupdate/companyid-9194.cms,economictimes.indiatimes.com,N/A,2 hours ago ICICI Bank Q3 Results: India's second largest private lender ICICI Bank on Saturday reported a 4% fall in its December quarter standalone net profit at Rs
2026-01-20 00:20:50,Market Intelligence,Google Custom Search,N/A,"ICICI Bank, YES Bank, RBL Bank shares plunge; here is why private ...",https://upstox.com/news/market-news/stocks/icici-bank-yes-bank-rbl-bank-shares-plunge-here-is-why-private-banks-are-falling/article-187974/,upstox.com,N/A,"12 hours ago ICICI Bank, YES Bank, RBL Bank shares plunge; here is why private banks are falling. Upstox. By Upstox News Desk. 4 min read | Updated on January 18, 2026,"
2026-01-20 00:20:50,Market Intelligence,Google Custom Search,N/A,"Reliance Industries, ICICI Bank Earnings Fall Short of Expectations ...",https://www.bloomberg.com/news/newsletters/2026-01-19/reliance-industries-icici-bank-earnings-fall-short-of-expectations,bloomberg.com,N/A,"16 hours ago Earnings Misses at Reliance, ICICI Bank Set to Embolden India Stock Bears. Banks make up about 30% of the Nifty and are key to any earnings recovery."
2026-01-20 00:20:50,Market Intelligence,Google Custom Search,N/A,HDFC Bank & ICICI Bank Q3 FY26 Results: Key Takeaways,https://www.swastika.co.in/blog/hdfc-bank-icici-bank-q3-fy26-results-key-highlights-and-market-impact-,swastika.co.in,N/A,"8 hours ago HDFC Bank and ICICI Bank Q3 FY26 results explained. Asset quality, margins, profits, and market impact decoded for investors."
2026-01-20 00:20:50,Market Intelligence,Google Custom Search,N/A,"ICICI Bank shares fall 3% after Q3 results. Should you buy, sell or ...",https://m.economictimes.com/markets/stocks/news/icici-bank-shares-in-focus-after-q3-results-should-you-buy-sell-or-hold/articleshow/126666806.cms,m.economictimes.com,N/A,16 hours ago ICICI Bank share price: ICICI Bank's Q3 FY26 earnings have put the stock in focus after a headline profit decline masked steady core performance.
2026-01-20 00:20:50,Market Intelligence,Google Custom Search,N/A,"ICICI Bank Q3 FY26 Earnings: ICICI Bank takes Rs 1,283 Cr hit on ...",https://bfsi.economictimes.indiatimes.com/articles/icici-bank-takes-rs-1283-cr-hit-on-agri-loan-psl-review-by-rbi-reappoints-ceo-sandeep-bakshi/126615462,bfsi.economictimes.indiatimes.com,N/A,"2 hours ago ₹1,283 crore provision taken after RBI flagged gaps in PSL classification of part of ICICI Bank's agri loan book during annual inspection; ₹20,000 - 25,000"
2026-01-20 00:20:50,Market Intelligence,Google Custom Search,N/A,"Stocks to Watch for Jan 19: RIL, HDFC Bank, ICICI Bank, Wipro, L&T ...",https://www.cnbctv18.com/photos/market/stocks-to-watch-jan-19-ril-hdfc-icici-rbl-yes-bank-lt-fin-wipro-cg-power-share-price-ws-l-19822997.htm,cnbctv18.com,N/A,"2 days ago The major Nifty 50 components, Reliance Industries, HDFC Bank and ICICI Bank are the most important stocks to watch for Monday's trading session on January"
2026-01-20 00:20:50,Market Intelligence,Google Custom Search,N/A,"ICICI Bank Ltd (ICICIBANK) Stock, Price, News, Quotes, Forecast ...",https://www.msn.com/en-in/money/stockdetails/icicibank-stock/fi-ahi877?ocid=BingNews,msn.com,N/A,2 days ago Earnings. ICICIBANK missed on both the top and bottom line. Revenues of ‎₹293.00B(‎
2026-01-20 00:20:50,Market Intelligence,Google Custom Search,N/A,"Axis Bank: Personal Banking | Internet Banking | Corporate, NRI ...",https://www.axis.bank.in/,axis.bank.in,N/A,1 day ago We are third largest private sector bank in India offering entire spectrum of financial services for personal & corporate banking.
2026-01-20 00:20:50,Market Intelligence,Google Custom Search,N/A,Axis Bank Ltd. - Share/Stock Price,https://www.moneycontrol.com/india/stockpricequote/banks-private-sector/axisbank/AB16,moneycontrol.com,N/A,3 hours ago Axis Bank Share Price: Find the latest news on Axis Bank Stock Price. Get all the information on Axis Bank with historic price charts for NSE / BSE.
2026-01-20 00:20:50,Market Intelligence,Google Custom Search,N/A,AXSB: Axis Bank Ltd Stock Price Quote - Natl India - Bloomberg,https://www.bloomberg.com/quote/AXSB:IN,bloomberg.com,N/A,"11 hours ago Stock analysis for Axis Bank Ltd (AXSB:Natl India) including stock price, stock chart, company news, key statistics, fundamentals and company profile."
2026-01-20 00:20:50,Market Intelligence,Google Custom Search,N/A,Axis Bank: Over 3 crore shares change hands as Bain Capital exits ...,https://upstox.com/news/market-news/stocks/bain-capital-exits-axis-bank-through-indian-rupee3588-crore-block-deal/article-79215/,upstox.com,N/A,"10 hours ago Upstox News Desk is a team of journalists who passionately cover stock markets, economy, commodities, latest business trends, and personal finance. Next"
2026-01-20 00:20:50,Market Intelligence,Google Custom Search,N/A,"India Needs 'Eight to 10' Large Banks, Axis Bank CEO Says ...",https://www.bloomberg.com/news/articles/2026-01-19/india-needs-eight-to-10-large-banks-axis-bank-ceo-says,bloomberg.com,N/A,"5 hours ago India will need “at least eight to 10” large banks to support economic growth as consolidation gathers pace across the sector, Axis Bank Chief Executive"
2026-01-20 00:20:50,Market Intelligence,Google Custom Search,N/A,"Q1 results: Axis Bank, Jio Financial, Wipro, LTIMindtree, Polycab ...",https://upstox.com/news/market-news/earnings/q1-results-axis-bank-jio-financial-wipro-lti-mindtree-polycab-hdfc-amc-waaree-renewable-others-to-post-earnings-on-july-17-check-list/article-178210/,upstox.com,N/A,"10 hours ago Upstox News Desk is a team of journalists who passionately cover stock markets, economy, commodities, latest business trends, and personal finance. Next"
2026-01-20 00:20:50,Market Intelligence,Google Custom Search,N/A,Axis Bank shareholders approve new executive and independent ...,https://www.investing.com/news/company-news/axis-bank-shareholders-approve-new-executive-and-independent-directors-93CH-4453705,investing.com,N/A,"5 hours ago MUMBAI - Axis Bank Limited (NSE:AXISBANK, BSE:532215) announced Monday that shareholders have approved the appointment of Neeraj Gambhir as Executive"
2026-01-20 00:20:50,Market Intelligence,Google Custom Search,N/A,axis bank premises Tender News - Tendernews.com,https://www.tendernews.com/tenders/latest-tender/axis-bank-premises.html,tendernews.com,N/A,"3 hours ago Get latest information related to international tenders for axis bank premises Government tender document, axis bank premises tender notifications and"
2026-01-20 00:20:50,Market Intelligence,Google Custom Search,N/A,BluPine Energy secures Rs 54 billion loan underwritten by Axis Bank,https://powerline.net.in/2026/01/19/blupine-energy-secures-rs-54-billion-loan-underwritten-by-axis-bank/,powerline.net.in,N/A,13 hours ago BluPine Energy secures Rs 54 billion loan underwritten by Axis Bank - Power Line Magazine - News.
2026-01-20 00:20:50,Market Intelligence,Google Custom Search,N/A,Axis Bank Records ₹62.80 Crore Block Trade on NSE at ...,https://scanx.trade/stock-market-news/orders-deals/axis-bank-records-62-80-crore-block-trade-on-nse-at-1-303-40-per-share/30357386,scanx.trade,N/A,10 hours ago Axis Bank recorded a substantial block trade on NSE worth ₹62.80 crores involving approximately 481818 shares at ₹1303.40 per share.
2026-01-20 00:20:50,Market Intelligence,Google Custom Search,N/A,IDFC First Bank Ltd. - Share/Stock Price,https://www.moneycontrol.com/india/stockpricequote/banks-private-sector/idfcfirstbank/IDF01,moneycontrol.com,N/A,8 hours ago IDFC First Bank Share Price: Find the latest news on IDFC First Bank Stock Price. Get all the information on IDFC First Bank with historic price charts for
2026-01-20 00:20:50,Market Intelligence,Google Custom Search,N/A,#IDFCFIRSTBank #CXOlympics #LifeAtIDFCFIRSTBank ...,https://x.com/IDFCFIRSTBank/status/2013158737700069545/photo/2,x.com,N/A,11 hours ago IDFC FIRST Bank (@IDFCFIRSTBank). 37 views. #IDFCFIRSTBank #CXOlympics #LifeAtIDFCFIRSTBank #MomentsatIDFCFIRSTBank #StoriesFromWithin #WorkplaceSnippets
2026-01-20 00:20:50,Market Intelligence,Google Custom Search,N/A,IDFC First Bank Ltd (IDFCFIRSTB) Stock Price & News - Google ...,https://www.google.com/finance/quote/IDFCFIRSTB:NSE,google.com,N/A,"16 hours ago Get the latest IDFC First Bank Ltd (IDFCFIRSTB) real-time quote, historical performance, charts, and other financial information to help you make more"
2026-01-20 00:20:50,Market Intelligence,Google Custom Search,N/A,#IDFCFIRSTBank #CXOlympics #LifeAtIDFCFIRSTBank ...,https://x.com/IDFCFIRSTBank/status/2013158737700069545,x.com,N/A,11 hours ago IDFC FIRST Bank (@IDFCFIRSTBank). 174 views. #IDFCFIRSTBank #CXOlympics #LifeAtIDFCFIRSTBank #MomentsatIDFCFIRSTBank #StoriesFromWithin #WorkplaceSnippets
2026-01-20 00:20:50,Market Intelligence,Google Custom Search,N/A,"IDFC First Bank Ltd (IDFCFIRSTB) Stock, Price, News, Quotes ...",https://www.msn.com/en-in/money/stockdetails/idfcfirstb-in-stock/fi-ahi8zr?ocid=MD12R4,msn.com,N/A,1 day ago Previous Close. ‎83.07 ; Average Volume. ‎27.94M ; Market Cap. ‎713.18B ; Shares Outstanding. ‎8.60B ; EPS (TTM). ‎1.95.
2026-01-20 00:20:50,Market Intelligence,Google Custom Search,N/A,"Stock market crash: IndusInd Bank, Titan, IDFC First Bank hit 52 ...",https://upstox.com/news/market-news/stocks/stock-market-crash-indus-ind-bank-titan-idfc-first-bank-hit-52-week-low-here-s-why/article-151719/,upstox.com,N/A,"11 hours ago Upstox News Desk is a team of journalists who passionately cover stock markets, economy, commodities, latest business trends, and personal finance. Next Story."
2026-01-20 00:20:50,Market Intelligence,Google Custom Search,N/A,IDFC First Bank Ltd Share Price Live,https://www.indiainfoline.com/company/idfc-first-bank-ltd-share-price,indiainfoline.com,N/A,"1 day ago IDFC First Bank Ltd Share Price Today: Get the live NSE/BSE Stock Price of IDFC First Bank Ltd with performance, market cap, financial report,"
2026-01-20 00:20:50,Market Intelligence,Google Custom Search,N/A,IDFC First Bank Q2 Results,https://www.livemint.com/market/market-stats/idfc-first-bank-q2-results-s0003137,livemint.com,N/A,"5 hours ago IDFCFIRSTB Q2 Results: Check out IDFC First Bank Q2 Result news, IDFC First Bank Q2 Earnings result updates and highlights. | IDFCFIRSTB Q2 Results 2026."
2026-01-20 00:20:50,Market Intelligence,Google Custom Search,N/A,"Five Stocks To Buy: Paytm, IDFC First Bank, Tech Mahindra And More",https://www.ndtvprofit.com/markets/five-stocks-to-buy-paytm-idfc-first-bank-tech-mahindra-and-more-10776717,ndtvprofit.com,N/A,"16 hours ago Stocks in focus include IDFC First Bank, Tech Mahindra and more. Watch LIVE TV, Get Stock Market Updates, Top Business, IPO and Latest News on NDTV Profit."
2026-01-20 00:20:50,Market Intelligence,Google Custom Search,N/A,Idfc First Bank Ltd vs Yes Bank Ltd Stock Comparison | BlinkX,https://blinkx.in/insights/stock-comparison/idfc-first-bank-ltd-vs-yes-bank-ltd,blinkx.in,N/A,"7 hours ago The Retail Banking segment includes lending, deposit taking and other services offered to retail customers. IDFC First Bank Ltd News Hub. News. IDFC First"
2026-01-20 00:20:50,Market Intelligence,Google Custom Search,N/A,IndusInd Bank Ltd - Share/Stock Price,https://www.moneycontrol.com/india/stockpricequote/banks-private-sector/indusindbank/IIB,moneycontrol.com,N/A,1 hour ago IndusInd Bank Share Price: Find the latest news on IndusInd Bank Stock Price. Get all the information on IndusInd Bank with historic price charts for NSE
2026-01-20 00:20:50,Market Intelligence,Google Custom Search,N/A,"IndusInd Bank News, Corporate filings and Earnings/Conference Calls",https://trendlyne.com/latest-news/625/INDUSINDBK/indusind-bank-ltd/,trendlyne.com,N/A,"9 hours ago Keep track of all breaking news and updates on IndusInd Bank from all sources in a single place. IndusInd Bank Ltd. Sensex, Nifty live updates on 16 January"
2026-01-20 00:20:50,Market Intelligence,Google Custom Search,N/A,Indusind Bank misusing 1600 series numbers : r/CreditCardsIndia,https://www.reddit.com/r/CreditCardsIndia/comments/1qgdzw6/indusind_bank_misusing_1600_series_numbers/,reddit.com,N/A,"1 day ago 33 votes, 13 comments. TRAI introduced the new 1600 number series, which is meant to be a dedicated line for legitimate, transactional communications…"
2026-01-20 00:20:50,Market Intelligence,Google Custom Search,N/A,"Stock market crash: IndusInd Bank, Titan, IDFC First Bank hit 52 ...",https://upstox.com/news/market-news/stocks/stock-market-crash-indus-ind-bank-titan-idfc-first-bank-hit-52-week-low-here-s-why/article-151719/,upstox.com,N/A,"11 hours ago In the previous session, IndusInd Bank was in the news after the Reserve Bank of India (RBI) had cut short the approval for the re-appointment of the lender's"
2026-01-20 00:20:50,Market Intelligence,Google Custom Search,N/A,IndusInd Bank Women's National T20 Cricket Tournament for the ...,https://x.com/blind_cricket/status/2012813611568103750/photo/1,x.com,N/A,1 day ago Cricket Association for the Blind in India (CABI) (@blind_cricket). 46 views. IndusInd Bank Explore Trending StoriesGo to HomeSearch XNews.
2026-01-20 00:20:50,Market Intelligence,Google Custom Search,N/A,IndusInd Bank Records ₹18.94 Crore Block Trade on NSE at ...,https://scanx.trade/stock-market-news/orders-deals/indusind-bank-records-18-94-crore-block-trade-on-nse-at-944-05-per-share/30343986,scanx.trade,N/A,"14 hours ago IndusInd Bank Ltd. executed a significant block trade on NSE worth ₹18.94 crores, involving approximately 200673 shares at ₹944.05 per share."
2026-01-20 00:20:50,Market Intelligence,Google Custom Search,N/A,IndusInd Bank Women's National T20 Cricket Tournament for the ...,https://x.com/blind_cricket/status/2012865756472479870/photo/1,x.com,N/A,1 day ago Cricket Association for the Blind in India (CABI) (@blind_cricket). 12 views. IndusInd Bank Explore Trending StoriesGo to HomeSearch XNews.
2026-01-20 00:20:50,Market Intelligence,Google Custom Search,N/A,IndusInd Bank Share Price Live Updates: IndusInd Bank's Price ...,https://m.economictimes.com/markets/stocks/stock-liveblog/indusind-bank-stock-price-live-updates-19-jan-2026/liveblog/126666274.cms,m.economictimes.com,N/A,"12 hours ago IndusInd Bank's shares closed at Rs 953.85 yesterday, with no percentage change from the prior day, and a trading volume of 10,345,071 shares. Business News ›"
2026-01-20 00:20:50,Market Intelligence,Google Custom Search,N/A,INDUSINDBK Share Price: Indusind Bank Live,https://www.tickertape.in/stocks/indusind-bank-INBK,tickertape.in,N/A,"3 hours ago INDUSINDBK stock price live today with intraday chart, market cap, 52-week range, earnings, dividends and latest market news & research updates."
2026-01-20 00:20:50,Market Intelligence,Google Custom Search,N/A,"Indusind Bank AGM: Check Annual General Meeting details, AGM ...",https://www.livemint.com/indusind-bank/agm/companyid-s0003023,livemint.com,N/A,3 hours ago Indusind Bank AGM: Stay Informed with the Latest Updates and News from Indusind Bank Annual General Meeting (AGM). Stay Up to Date with Indusind Bank AGM
2026-01-20 00:20:50,Market Intelligence,Google Custom Search,N/A,AU Small Finance Bank shares rally nearly 6% on over 25% YoY ...,https://upstox.com/news/market-news/stocks/au-sfb-rallies-nearly-6percent-on-strong-q4-updates/article-78301/,upstox.com,N/A,"1 day ago AU Small Finance Bank shares rally nearly 6% on over 25% YoY growth in deposits, loan portfolio in Q4FY24. Upstox. By Upstox News Desk. 2 min read | Updated on"
2026-01-20 00:20:50,Market Intelligence,Google Custom Search,N/A,AU Small Finance Bank Ltd: Share Price Today - Live Updates ...,https://www.motilaloswal.com/share-market/au-small-finance-bank-ltd,motilaloswal.com,N/A,"8 hours ago Track key metrics, price trends & market sentiment for informed decisions. Explore all data at Motilal Oswal. AU Small Finance Bank Ltd. AUBANK 19 Jan 2026"
2026-01-20 00:20:50,Market Intelligence,Google Custom Search,N/A,AU Small Finance Bank Partners ICSI to Launch Banking and Credit ...,https://www.angelone.in/news/stocks/au-small-finance-bank-partners-icsi-to-launch-banking-and-credit-solutions-for-company-secretaries,angelone.in,N/A,"12 hours ago AU Small Finance Bank has tied up with ICSI to offer customised banking services and credit cards, alongside career opportunities for company secretaries."
2026-01-20 00:20:50,Market Intelligence,Google Custom Search,N/A,1/2 We are proud to support a movement that celebrates endurance ...,https://x.com/aubankindia/status/2013246769182961688,x.com,N/A,"5 hours ago AU Small Finance Bank (@aubankindia). 37 views. 1/2 We are proud to support a movement that celebrates endurance, discipline, and the true spirit of Pune."
2026-01-20 00:20:50,Market Intelligence,Google Custom Search,N/A,"ICICI Bank, Au Small Finance Bank, 360 One WAM, Satin Creditcare ...",https://www.thehindubusinessline.com/markets/icici-bank-au-small-finance-bank-360-one-wam-satin-creditcare-to-hog-limelight-in-banking-finance-space/article70522194.ece,thehindubusinessline.com,N/A,"16 hours ago Bakhshi has been helming India's second-largest private sector bank since October 15, 2018. Prior to his appointment as MD & CEO, he was a Whole-time Director"
2026-01-20 00:20:50,Market Intelligence,Google Custom Search,N/A,ICICI Bank Extends Sandeep Bakhshi's CEO Term; AU Small ...,https://scanx.trade/stock-market-news/orders-deals/icici-bank-extends-sandeep-bakhshi-s-ceo-term-au-small-finance-bank-partners-with-icsi/30344493,scanx.trade,N/A,14 hours ago AU Small Finance Bank partnered with ICSI to provide specialized banking solutions for Company Secretaries while creating employment opportunities within the
2026-01-20 00:20:50,Market Intelligence,Google Custom Search,N/A,AU Small Finance Bank CGTMSE - 18 Jan 2026,https://upniva.com/loans/au-small-finance-bank-cgtmse,upniva.com,N/A,1 day ago AU Small Finance Bank CGTMSE. Big News! Refer Loan is Now Upniva! Big News! Refer Loan is Now
2026-01-20 00:20:50,Market Intelligence,Google Custom Search,N/A,AU Small Finance Bank Partners ICSI,https://www.passionateinmarketing.com/au-small-finance-bank-icsi-sign-mou-for-exclusive-banking-solutions-for-company-secretaries/,passionateinmarketing.com,N/A,8 hours ago AU Small Finance Bank signs MoU with ICSI to offer tailored banking solutions for Company Secretaries.
2026-01-20 00:20:50,Market Intelligence,Google Custom Search,N/A,"AU Small Finance Bank Ltd Share Price Today, 1,017.80, AU Small ...",https://www.business-standard.com/markets/au-small-finance-bank-ltd-share-price-34695.html,business-standard.com,N/A,"13 hours ago What's AU Small Finance Bank Ltd share price today. Get AU Small Finance Bank Ltd latest news on BSE/NSE stock price live updates, AU Small Finance Bank Ltd"
2026-01-20 00:20:50,Market Intelligence,Google Custom Search,N/A,National Bancassurance Manager - General Insurance Job in AU ...,https://www.shine.com/jobs/national-bancassurance-manager-general-insurance/au-small-finance-bank-limited/18442774,shine.com,N/A,"11 hours ago Other Details · IndustryBFSI · Recruiter DetailsAU Small Finance Bank Limited · Job Tagsbancassurance, claims management · Job TypeFull time."
2026-01-20 00:20:50,Market Intelligence,Google Custom Search,N/A,Equitas Small Finance Bank Ltd. - Share/Stock Price,https://www.moneycontrol.com/india/stockpricequote/bank-private/equitassmallfinancebank/ESF,moneycontrol.com,N/A,10 hours ago Equitas Bank Share Price: Find the latest news on Equitas Bank Stock Price. Get all the information on Equitas Bank with historic price charts for NSE / BSE
2026-01-20 00:20:50,Market Intelligence,Google Custom Search,N/A,Equitas Small Finance Bank Ltd vs Esaf Small Finance Bank Ltd ...,https://blinkx.in/insights/stock-comparison/equitas-small-finance-bank-ltd-vs-esaf-small-finance-bank-ltd,blinkx.in,N/A,"2 days ago The bank posted a profit after tax (PAT) of Rs 24 crore in Q2 FY26, up 87% year-on-year fr Read more. 03 Nov 2025 10:33. News. Equitas Small Finance Bank to"
2026-01-20 00:20:50,Market Intelligence,Google Custom Search,N/A,"Utkarsh Small Finance Bank Limited Price: Quote, Forecast, Charts ...",https://www.perplexity.ai/finance/UTKARSHBNK.BO,perplexity.ai,N/A,8 hours ago The decline appears driven by continued pressure on small finance bank stocks amid concerns about asset quality and higher credit costs in the microfinance
2026-01-20 00:20:50,Market Intelligence,Google Custom Search,N/A,"Equitas Small Finance Bank Ltd Share Price Today, 69.00, Equitas ...",https://www.business-standard.com/markets/equitas-small-finance-bank-ltd-share-price-43685.html,business-standard.com,N/A,"18 hours ago What's Equitas Small Finance Bank Ltd share price today. Get Equitas Small Finance Bank Ltd latest news on BSE/NSE stock price live updates, Equitas Small"
2026-01-20 00:20:50,Market Intelligence,Google Custom Search,N/A,Branch Sales Executive Job in Equitas Small Finance Bank Limited ...,https://www.shine.com/jobs/branch-sales-executive/equitas-small-finance-bank-limited/18448568,shine.com,N/A,"16 hours ago Job Description. As a Field Sales Officer (Casa) at this company, your role will involve acquiring savings and current account customers through field"
2026-01-20 00:20:50,Market Intelligence,Google Custom Search,N/A,Equitas small finance bank company has vacancy of Home Loan ...,https://www.workindia.in/jobs/home_loan_executive-kodigehalli__kr_puram-bengaluru-8922889/,workindia.in,N/A,"7 hours ago Apply for Home Loan Executive at Equitas small finance bank in Kodigehalli - KR Puram, bengaluru, Salary Rs. 20000 - Rs. 25000 per month."
2026-01-20 00:20:50,Market Intelligence,Google Custom Search,N/A,Operations Analyst - Branch compliance & Service Quality Job in ...,https://www.shine.com/jobs/operations-analyst-branch-compliance-service-quality/equitas-small-finance-bank-limited/18441280,shine.com,N/A,9 hours ago Apply to Operations Analyst - Branch compliance & Service Quality Job in Equitas Small Finance Bank Limited at All India. Find related Operations Analyst
2026-01-20 00:20:50,Market Intelligence,Google Custom Search,N/A,Equitas small finance bank company has vacancy of Field Sales ...,https://www.workindia.in/jobs/field_sales_executive-nolambur-chennai-8927922/,workindia.in,N/A,"7 hours ago Apply for Field Sales Executive at Equitas small finance bank in Nolambur, chennai, Salary Rs. 25000 - Rs. 45000 per month. Graduate / Male Only candidates"
2026-01-20 00:20:50,Market Intelligence,Google Custom Search,N/A,India Microfinance Market Shrinks to 4-Year Low Amid Lender Caution,https://www.whalesbook.com/news/English/BankingFinance/India-Microfinance-Market-Shrinks-to-4-Year-Low-Amid-Lender-Caution/696d2eefad039ca929a2c07b,whalesbook.com,N/A,"24 hours ago Several small finance banks, including ESAF, Equitas, and Ujjivan, have recorded sequential growth in their micro loan portfolios in the December quarter after"
2026-01-20 00:20:50,Market Intelligence,Google Custom Search,N/A,"IDFC First Bank Ltd (IDFCFIRSTB) Stock, Price, News, Quotes ...",https://www.msn.com/en-in/money/stockdetails/idfcfirstb-in-stock/fi-ahi8zr?ocid=MD12R4,msn.com,N/A,"1 day ago 49,359.33 ; Analyst. Target Price. 85.83 ; Earnings. EPS Estimate. 0.670 ; Financials. Valuation. High ; Trading. Volume. Low ; Profitability. Valuation. Low"
2026-01-20 00:20:50,Market Intelligence,Google Custom Search,N/A,Ujjivan Small Finance Bank Ltd - Share/Stock Price,https://www.moneycontrol.com/india/stockpricequote/bank-private/ujjivansmallfinancebank/USF,moneycontrol.com,N/A,1 hour ago Ujjivan Small Share Price: Find the latest news on Ujjivan Small Stock Price. Get all the information on Ujjivan Small with historic price charts for NSE
2026-01-20 00:20:50,Market Intelligence,Google Custom Search,N/A,Ujjivan Small Finance Bank surges 9% as board offloads bad loans ...,https://upstox.com/news/market-news/stocks/ujjivan-small-finance-bank-surges-9-as-board-offloads-bad-loans-worth-270-crore/article-132029/,upstox.com,N/A,8 hours ago Ujjivan Small Finance Bank's shares surged nearly 9% after it announced the completion of the sale of NPAs and written-off loans to an Assert Reconstruction
2026-01-20 00:20:50,Market Intelligence,Google Custom Search,N/A,Ujjivan SFB to Transfer Unclaimed Shares/Dividends to IEPF by ...,https://prysm.fi/news/ujjivan-sfb-to-transfer-unclaimed-sharesdividends-to-iepf-by-april-20-2026,prysm.fi,N/A,"13 hours ago Ujjivan Small Finance Bank Limited has announced the transfer of equity shares, for which dividends have not been claimed for seven consecut."
2026-01-20 00:20:50,Market Intelligence,Google Custom Search,N/A,"Ujjivan Small Finance Bank Launches '#PleaseGrowUp', a Phygital ...",https://x.com/CovaiMail/status/2013200893978775860,x.com,N/A,"8 hours ago The Covai Mail (@CovaiMail). 89 views. Ujjivan Small Finance Bank Launches '#PleaseGrowUp', a Phygital Road Safety Campaign #thecovaimail"
2026-01-20 00:20:50,Market Intelligence,Google Custom Search,N/A,"Utkarsh Small Finance Bank Limited Price: Quote, Forecast, Charts ...",https://www.perplexity.ai/finance/UTKARSHBNK.BO,perplexity.ai,N/A,8 hours ago The decline appears driven by continued pressure on small finance bank stocks amid concerns about asset quality and higher credit costs in the microfinance
2026-01-20 00:20:50,Market Intelligence,Google Custom Search,N/A,Multiyear Breakout : Ujjivan Small Finance Bank,https://x.com/cmagurvinder/status/2012942465310089503,x.com,N/A,1 day ago CMA Gurvinder Malhotra (@cmagurvinder). 795 views. Multiyear Breakout : Ujjivan Small Finance Bank.
2026-01-20 00:20:50,Market Intelligence,Google Custom Search,N/A,Earnings Outlook: Strong loan growth to lift Ujjivan ... - Informist Media,https://informistmedia.com/MoneyWire/42837/earnings-outlook:-strong-loan-growth-to-lift-ujjivan-small-fin-bk-q3-pat,informistmedia.com,N/A,"2 days ago Ujjivan Small Finance Bank is expected to report a strong growth in its net profit for the December quarter on the back of strong loan growth, improvi."
2026-01-20 00:20:50,Market Intelligence,Google Custom Search,N/A,"Ujjivan Small Finance Bank Launches '#PleaseGrowUp', a Phygital ...",https://covaimail.com/ujjivan-small-finance-bank-launches-pleasegrowup-a-phygital-road-safety-campaign/,covaimail.com,N/A,"11 hours ago With human error accounting for a majority of road fatalities in India, Ujjivan Small Finance Bank (Ujjivan SFB) has launched #PleaseGrowUp, a phygital"
2026-01-20 00:20:50,Market Intelligence,Google Custom Search,N/A,"Union Bank of India (UNIONBANK.BO) Analyst Insights, Price ...",https://ca.finance.yahoo.com/quote/UNIONBANK.BO/analyst-insights/,ca.finance.yahoo.com,N/A,7 hours ago News · Research · Chart · Community · Statistics · Historical Data · Profile UJJIVANSFB.BO Ujjivan Small Finance Bank Limited. 60.23. -0.13%. IDFCFIRSTB.BO
2026-01-20 00:20:50,Market Intelligence,Google Custom Search,N/A,"Digital will grow 25%, but hyperlocal sensitivity cannot be lost ...",https://www.adgully.com/post/11306/digital-will-grow-25-but-hyperlocal-sensitivity-cannot-be-lost-ujjivan-sfbs-lakshman-velayudham,adgully.com,N/A,"14 hours ago Lakshman Velayudham, Chief Marketing Officer, Ujjivan Small Finance Bank, speaks about marketing not as noise, but as presence. In a landscape crowded with"
2026-01-20 00:20:50,Market Intelligence,Google Custom Search,N/A,"Bandhan Bank Share Price Today, Bandhan Bank Stock Price Live ...",https://economictimes.indiatimes.com/bandhan-bank-ltd/stocks/companyid-67665.cms,economictimes.indiatimes.com,N/A,"9 hours ago Bandhan Bank Share Price Today - Get live NSE/BSE quotes of Bandhan Bank with latest news, headlines and quick analysis. View forecasts, quarterly results,"
2026-01-20 00:20:50,Market Intelligence,Google Custom Search,N/A,Bandhan Bank Ltd: Share Price Today - Live Updates | Motilal Oswal,https://www.motilaloswal.com/share-market/bandhan-bank-ltd,motilaloswal.com,N/A,"8 hours ago Bandhan Bank Ltd Share Price Today - Get latest Performance analysis and chart, shareholding pattern, technical analysis, financial and annual report at"
2026-01-20 00:20:50,Market Intelligence,Google Custom Search,N/A,"Bandhan Bank Q3 results: Net profit slips 42% to ₹427 crore, NII ...",https://upstox.com/news/market-news/earnings/bandhan-bank-q3-results-net-profit-slips-42-to-427-crore-nii-surges-12/article-143535/,upstox.com,N/A,"1 day ago Upstox News Desk is a team of journalists who passionately cover stock markets, economy, commodities, latest business trends, and personal finance. Next"
2026-01-20 00:20:50,Market Intelligence,Google Custom Search,N/A,Choose a Bandhan Bank locker for advanced and secure services ...,https://x.com/bandhanbank_in/status/2012744256708825224,x.com,N/A,2 days ago T&C apply. #BankLockers #LockerFacility #Lockers #BandhanBank · Bandhan Bank's Image on X. 0. 0. 0. 28 · · Explore Trending StoriesGo to HomeSearch XNews.
2026-01-20 00:20:50,Market Intelligence,Google Custom Search,N/A,bandhan bank Tender News,https://www.tendernews.com/tenders/latest-tender/bandhan-bank.html,tendernews.com,N/A,"1 day ago Get latest information related to international tenders for bandhan bank Government tender document, bandhan bank tender notifications and global tender"
2026-01-20 00:20:50,Market Intelligence,Google Custom Search,N/A,Bandhan Bank Ltd Ltd: Live Stock Update and Price as of January ...,https://www.angelone.in/live-blog/bandhan-bank-ltd-19-jan-2026-641095,angelone.in,N/A,"11 hours ago Stock Market Live: Explore Bandhan Bank Ltd Ltd live stock updates and prices for January 19, 2026. Read live stock-related news and trends for stock"
2026-01-20 00:20:50,Market Intelligence,Google Custom Search,N/A,Bijepur Branch | Bandhan Bank,https://www.bandhan.bank.in/branch/bijepur-branch,bandhan.bank.in,N/A,"23 hours ago Ground Floor, At & Po - Bijepur, Dist - Bargarh, State - Odisha, Pin - 768032. Bank Details. MICR: IFSC: Branch code: Contact Details."
2026-01-20 00:20:50,Market Intelligence,Google Custom Search,N/A,Bandhan Bank Ltd Share/Stock Price Live Today | The ...,https://www.thehindubusinessline.com/stocks/bandhan-bank-ltd/,thehindubusinessline.com,N/A,"2 hours ago Bandhan Bank Ltd Share Price - Find the latest news updates, announcements & stock analysis for Bandhan Bank Ltd, including market cap, share holding"
2026-01-20 00:20:50,Market Intelligence,Google Custom Search,N/A,"Nerul Branch, Navi Mumbai | Bandhan Bank",https://www.bandhan.bank.in/branch/nerul-branch-navi-mumbai,bandhan.bank.in,N/A,"1 day ago Ground Floor, Shop No G08, G09P, Hawares Centurion, Plot No 88 to 91, Sector 19A, Nerul, Navi Mumbai, District - Thane, State - Maharashtra, Pin - 400706."
2026-01-20 00:20:50,Market Intelligence,Google Custom Search,N/A,Bandhan Bank Dividend: Check Bandhan Bank Interim Dividend ...,https://www.livemint.com/bandhan-bank/dividend/companyid-s0003080,livemint.com,N/A,2 hours ago Bandhan Bank Dividend: Read About Bandhan Bank Dividend Payment Details to Shareholders Through Interim Dividends Every Quarter and Final Dividends.
2026-01-20 00:20:50,Market Intelligence,Google Custom Search,N/A,"Poonawalla Fincorp Ltd Share Price Today, 473.00, Poonawalla ...",https://www.business-standard.com/markets/poonawalla-fincorp-ltd-share-price-5023.html,business-standard.com,N/A,"3 hours ago What's Poonawalla Fincorp Ltd share price today. Get Poonawalla Fincorp Ltd latest news on BSE/NSE stock price live updates, Poonawalla Fincorp Ltd"
2026-01-20 00:20:50,Market Intelligence,Google Custom Search,N/A,Poonawalla Fincorp shares rise 3.5% despite analyst caution on ...,https://www.thehindubusinessline.com/markets/stock-markets/poonawalla-fincorp-shares-rise-35-despite-analyst-caution-on-valuations/article70524560.ece,thehindubusinessline.com,N/A,"12 hours ago Poonawalla Fincorp shares climbed 3.47 per cent in early Monday trading, touching an intraday high of ₹492.60 before settling at ₹466.15 around midday,"
2026-01-20 00:20:50,Market Intelligence,Google Custom Search,N/A,Poonawalla Fincorp shares jump 6% intraday; JM Fin upgrades ...,https://www.business-standard.com/markets/news/poonawalla-fincorp-shares-jump-6pc-intraday-jm-fin-upgrades-stock-after-q3-126011900297_1.html,business-standard.com,N/A,"13 hours ago Motilal Oswal said Poonawalla Fincorp's Q3FY26 performance reflects improving business momentum, despite a near-term drag from higher provisions."
2026-01-20 00:20:50,Market Intelligence,Google Custom Search,N/A,Poonawalla Finance Gets NCLT Nod for Lending and Real Estate ...,https://www.angelone.in/news/stocks/poonawalla-finance-gets-nclt-nod-for-lending-and-real-estate-business-demerger,angelone.in,N/A,12 hours ago Poonawalla Finance received NCLT approval for a demerger that splits its NBFC lending business and real estate leasing operations.
2026-01-20 00:20:50,Market Intelligence,Google Custom Search,N/A,"Poonawalla Fincorp revises investor presentation, corrects year to ...",https://prysm.fi/news/poonawalla-fincorp-revises-investor-presentation-corrects-year-to-2025,prysm.fi,N/A,2 days ago Limitations of AI summaries. AI models can summarize market news but cannot assess portfolio-specific impact or simulate investment scenarios. Platforms like
2026-01-20 00:20:50,Market Intelligence,Google Custom Search,N/A,Poonawalla Fincorp shares climbed 3.47 per cent in early Monday ...,https://x.com/businessline/status/2013162043377910000,x.com,N/A,11 hours ago shares rise 3.5% despite analyst caution on valuations. www.thehindubusinessline.com. 0. 0. 0. 168 · · Explore Trending StoriesGo to HomeSearch XNews.
2026-01-20 00:20:50,Market Intelligence,Google Custom Search,N/A,Poonawalla Fincorp Shares Surge 3.47% Following Strong Q3 ...,https://scanx.trade/stock-market-news/earnings/poonawalla-fincorp-reports-701-jump-in-q3-net-profit-to-1-50-billion/30341057,scanx.trade,N/A,15 hours ago Poonawalla Fincorp shares rose 3.47% to ₹492.60 intraday as investors responded positively to exceptional Q3 results. The company reported 102%
2026-01-20 00:20:50,Market Intelligence,Google Custom Search,N/A,"@mrdelhi80421861 Hello Sir, Greetings from Poonawalla Fincorp ...",https://x.com/poonawallafinco/status/2013219215382385072,x.com,N/A,"7 hours ago As discussed, please be assured that the team is currently working on your concern. The team will reach out to you at the earliest with the required information"
2026-01-20 00:20:50,Market Intelligence,Google Custom Search,N/A,Poonawalla Fincorp Issues Revised Investor Presentation After AUM ...,https://www.theglobeandmail.com/investing/markets/markets-news/Tipranks/37107230/poonawalla-fincorp-issues-revised-investor-presentation-after-aum-chart-correction/,theglobeandmail.com,N/A,9 hours ago news and analysis and maximize your portfolio's potential. Poonawalla Fincorp Limited ( (IN:POONAWALLA) ) has shared an announcement. Poonawalla Fincorp
2026-01-20 00:20:50,Market Intelligence,Google Custom Search,N/A,Poonawalla Fincorp Ltd Reports Outstanding Quarterly Perf...,https://www.marketsmojo.com/news/stocks-in-action/poonawalla-fincorp-ltd-reports-outstanding-quarterly-performance-amid-shifting-financial-trends-3793606,marketsmojo.com,N/A,"4 hours ago Poonawalla Fincorp Ltd has delivered an exceptional quarterly performance for December 2025, marking a significant improvement in its financial trend from"
2026-01-20 00:20:50,Market Intelligence,Google Custom Search,N/A,"Sundaram Finance Share Price Today, Sundaram Finance Stock ...",https://economictimes.indiatimes.com/sundaram-finance-ltd/stocks/companyid-12963.cms,economictimes.indiatimes.com,N/A,"6 hours ago Sundaram Finance Share Price Today - Get live NSE/BSE quotes of Sundaram Finance with latest news, headlines and quick analysis."
2026-01-20 00:20:50,Market Intelligence,Google Custom Search,N/A,Sundaram Finance Share Price Today 16 Jan 2026: Live NSE/BSE ...,https://www.livemint.com/market/market-stats/stocks-sundaram-finance-share-price-nse-bse-s0003716,livemint.com,N/A,"1 day ago Sundaram Finance News. Breakout stocks to buy or sell: Sumeet Bagadia The Company's subsidiaries include Sundaram Finance Holdings Limited, Sundaram Home"
2026-01-20 00:20:50,Market Intelligence,Google Custom Search,N/A,INE660A07RY4 | 6.99% Sundaram Finance Limited 28 May 2027,https://smest.in/bond-details/6.99-Sundaram-Finance-Limited-28-May-2027/INE660A07RY4,smest.in,N/A,"24 hours ago Recent News. More News Right arrow. News Thumbnail. Arjun Rangarajan Buys 58% More Sundaram Finance Holdings Shares. Apr 02, 2024 | Sundaram Finance Limited."
2026-01-20 00:20:50,Market Intelligence,Google Custom Search,N/A,Sundaram Finance Ltd News & Updates | The HinduBusinessLine,https://www.thehindubusinessline.com/stocks/sundaram-finance-ltd/news,thehindubusinessline.com,N/A,"2 hours ago Sundaram Finance Ltd News Today · Sundaram Alternates' ESG-aligned real estate fund crosses ₹1000 crore in capital commitments · Diversification, non-vehicle"
2026-01-20 00:20:50,Market Intelligence,Google Custom Search,N/A,SUNDARMFIN Share Price | Sundaram Finance Ltd Stock Analysis ...,https://www.marketsmojo.com/stocks-analysis/sundaram-finance-932267-0,marketsmojo.com,N/A,"2 hours ago Get Sundaram Finance Ltd (SUNDARMFIN) share price, Mojo Score, PE ratio, returns & buy/sell recommendation. Stock analysis with financials & peer"
2026-01-20 00:20:50,Market Intelligence,Google Custom Search,N/A,Assistant Manager/Deputy Manager - Strategy & Planning Job in ...,https://www.shine.com/jobs/assistant-manager-deputy-manager-strategy-planning/sundaram-finance-limited/18445340,shine.com,N/A,14 hours ago Apply to Assistant Manager/Deputy Manager - Strategy & Planning Job in Sundaram Finance Limited at All India. Find related Assistant Manager/Deputy Manager
2026-01-20 00:20:50,Market Intelligence,Google Custom Search,N/A,Sundaram Finance Holdings Ltd Share Price Today ...,https://www.businesstoday.in/stocks/sundaram-finance-holdings-ltd-sundarmhld-share-price-363615,businesstoday.in,N/A,15 hours ago Business News · markets · stocks. Sundaram Finance Holdings Ltd. Sundaram Finance Holdings Ltd (SUNDARMHLD) Share Price. Sector
2026-01-20 00:20:50,Market Intelligence,Google Custom Search,N/A,Why wait? Invest in your plot today and build your home when the ...,https://x.com/SundaramHome/status/2013185709365133613,x.com,N/A,9 hours ago Sundaram Home Finance (@SundaramHome). 11 views. Why wait? Invest in your plot today and build your home when the time feels right — we make it easy with
2026-01-20 00:20:50,Market Intelligence,Google Custom Search,N/A,Top Sundaram Finance Home Loans near Spencer Plaza Complex ...,https://www.justdial.com/Chennai/Home-Loans-Sundaram-Finance-in-Spencer-Plaza-Complex-Mount-Road/nct-10250575,justdial.com,N/A,"1 day ago Home Loans-Sundaram Finance near Spencer Plaza Complex Mount Road, Chennai - Unlock your dream home with the best home loan options!"
2026-01-20 00:20:50,Market Intelligence,Google Custom Search,N/A,"Q1 results: DLF, Marico, Aditya Birla Capital, Godfrey Phillips India ...",https://upstox.com/news/market-news/earnings/q1-results-dlf-marico-aditya-birla-capital-marico-godfrey-phillips-india-ather-energy-others-to-post-earnings-check-list/article-179115/,upstox.com,N/A,"1 day ago financial and investment service provider Sundaram Finance, and tractor producer Escorts Kubota. He is passionate about breaking news and enjoys"
2026-01-20 00:20:50,Market Intelligence,Google Custom Search,N/A,INE729N08030 | 9.40% TVS Credit Services Limited 10 Jun 2026,https://smest.in/bond-details/9.40-TVS-Credit-Services-Limited-10-Jun-2026/INE729N08030,smest.in,N/A,"2 days ago Recent News. More News Right arrow. News Thumbnail. TVS Credit Services Q3 net up 47% on robust credit demand. Apr 15, 2024 | TVS Credit Services Limited. News"
2026-01-20 00:20:50,Market Intelligence,Google Custom Search,N/A,Compliance - RBI Job in TVS Credit Services Limited at All India ...,https://www.shine.com/jobs/compliance-rbi/tvs-credit-services-limited/18445575,shine.com,N/A,"11 hours ago Key Responsibilities: - Conduct Compliance Risk Management activities such as Compliance Risk Assessment, defining compliance controls, and implementing"
2026-01-20 00:20:50,Market Intelligence,Google Custom Search,N/A,"Find list of Tvs Credit in Kochi, Kochi near me - Justdial",https://www.justdial.com/Kochi/TVS-Credit/nct-16118207,justdial.com,N/A,"10 hours ago Tvs Credit in Kochi, Kochi. Find ✓Car Loans, ✓Loans, ✓Finance Companies, ✓Second Hand Car Loans, ✓Automobile Loans in Kochi, Kochi."
2026-01-20 00:20:50,Market Intelligence,Google Custom Search,N/A,"US Dollar Index (DX-Y.NYB) Charts, Data & News - Yahoo Finance",https://finance.yahoo.com/quote/DX-Y.NYB/,finance.yahoo.com,N/A,"3 hours ago Find the latest information on US Dollar Index (DX-Y.NYB) including data, charts, related news and more from Yahoo Finance."
2026-01-20 00:20:50,Market Intelligence,Google Custom Search,N/A,"Tvs Credit in Ghaziabad, Ghaziabad - Page 5",https://www.justdial.com/Ghaziabad/TVS-Credit/nct-16118207/page-5,justdial.com,N/A,"2 days ago Additional Listing Info ; Website, www.tvscredit.com, www.tvscredit.com ; Amenities, -, - ; Rating, 0, 2.1 ; No.of Ratings, 0, 14 ; Services, -, -."
2026-01-20 00:20:50,Market Intelligence,Google Custom Search,N/A,TVS Bikes News,https://www.bikedekho.com/news/tvs-bikes,bikedekho.com,N/A,"9 hours ago Tvs Bike News - News on Tvs Bikes in India continually updated from thousands of sources including exclusive stories, trending news, Bike launches"
2026-01-20 00:20:50,Market Intelligence,Google Custom Search,N/A,"Anna University, Chennai",https://www.annauniv.edu/events.php,annauniv.edu,N/A,"3 hours ago NEWS & EVENTS. Home; News & Events. News; Recruitment; FDTP / Workshop / Conference; Tender. Sl.No, Title, Department Name, Last Date. 1, Webinar on ""AI in"
2026-01-20 00:20:50,Market Intelligence,Google Custom Search,N/A,Latest Technology News and Reviews - Yahoo Finance,https://finance.yahoo.com/topic/tech/,finance.yahoo.com,N/A,2 hours ago Yahoo Finance brings you the latest news and expert analysis of the biggest companies and trends in technology.
2026-01-20 00:20:50,Market Intelligence,Google Custom Search,N/A,NIT Warangal,https://www.nitw.ac.in/,nitw.ac.in,N/A,"4 hours ago Vision. Towards a Global Knowledge Hub, striving continuously in pursuit of excellence in Education, Research, Entrepreneurship, and Technological services to"
2026-01-20 00:20:50,Market Intelligence,Google Custom Search,N/A,Scooter Price Tvs Ntorq Bike Scooty TVS Ntorq Introduces New ...,https://www.pamsteele.org/contents/event/kansyasai/114313029020210,pamsteele.org,N/A,"2 days ago TVS Ntorq introduces new colours Bike News The Financial Express, TVS Ntorq Power Tools and Machinery Rental Services. Copyright © WWW.PAMSTEELE.ORG"
2026-01-20 00:20:50,Market Intelligence,Google Custom Search,N/A,Kinetic Watts & Volts Partners Hero FinCorp & Bajaj for EV Loans ...,https://evindia.online/news/kinetic-watts-volts-partners-hero-fincorp-bajaj-finserv-ev-loans,evindia.online,N/A,8 hours ago A deep dive into the Indian Electric Vehicle market share and future trends. View All. Latest EV News
2026-01-20 00:20:50,Market Intelligence,Google Custom Search,N/A,"Kinetic Watts & Volts ties up with Hero FinCorp, Bajaj Finserv and ...",https://x.com/CNBCTV18Live/status/2013159024104280519,x.com,N/A,"11 hours ago CNBC-TV18 (@CNBCTV18Live). 6 likes. Kinetic Watts & Volts ties up with Hero FinCorp, Bajaj Finserv and CleverPe to finance DX EV scooters."
2026-01-20 00:20:50,Market Intelligence,Google Custom Search,N/A,"Upcoming IPOs with shareholder quota: Hero FinCorp, HDB ...",https://upstox.com/news/market-news/ipo/hero-fincorp-hdb-financial-services-ntpc-green-energy-and-more-upcoming-ipos-with-shareholders-quota-check-list/article-118335/,upstox.com,N/A,"13 hours ago news and enjoys playing tennis, especially flexing his backhand. He was previously associated with Republic TV and LatestLY. Next Story. Market News. Market"
2026-01-20 00:20:50,Market Intelligence,Google Custom Search,N/A,Kinetic Watts & Volts Strengthens Retail Financing with Hero ...,https://worldautoforum.com/kinetic-watts-volts-strengthens-retail-financing-with-hero-fincorp-bajaj-finserv-and-cleverpe-for-kinetic-dx-ev-range/,worldautoforum.com,N/A,"8 hours ago By partnering with Hero FinCorp, Bajaj Finserv and CleverPe, we have built a comprehensive retail finance ecosystem that offers customers flexibility, choice"
2026-01-20 00:20:50,Market Intelligence,Google Custom Search,N/A,Kinetic Engineering trades jubilantly as its arm inks pact with Hero ...,https://www.findoc.com/news/market-news/4/38/1217971,findoc.com,N/A,"6 hours ago The partnership with Hero FinCorp and Bajaj Finserv brings scale, trust and nationwide reach, while CleverPe adds a modern, digital-first layer focused on speed"
2026-01-20 00:20:50,Market Intelligence,Google Custom Search,N/A,"Kinetic ties up with Hero FinCorp, Bajaj Finserv, CleverPe to boost ...",https://auto.economictimes.indiatimes.com/news/two-wheelers/kinetics-strategic-partnerships-enhance-electric-scooter-financing-with-hero-fincorp-bajaj-finserv-and-cleverpe/126672254,auto.economictimes.indiatimes.com,N/A,"11 hours ago Kinetic Watts & Volts has formed partnerships with Hero FinCorp, Bajaj Finserv, and CleverPe to offer accessible financing solutions for its electric"
2026-01-20 00:20:50,Market Intelligence,Google Custom Search,N/A,Hero Fincorp,https://www.herofincorp.com/investor-relations/financial-performance,herofincorp.com,N/A,2 hours ago financial performance · Financial Performance · Notices & Intimations · Unclaimed & Unpaid Dividend · Statutory Compliances · Investor Contact · Press / Media.
2026-01-20 00:20:50,Market Intelligence,Google Custom Search,N/A,"Kinetic Watts & Volts Partners with Hero FinCorp, Bajaj Finserv and ...",https://scanx.trade/stock-market-news/stocks/kinetic-watts-volts-partners-with-hero-fincorp-bajaj-finserv-and-cleverpe-for-dx-ev-scooter-financing/30355299,scanx.trade,N/A,"11 hours ago arr News arr Stocks arr Kinetic Watts & Volts Partners with Hero FinCorp, Bajaj Finserv and CleverPe for DX EV Scooter Financing. Kinetic Watts & Volts"
2026-01-20 00:20:50,Market Intelligence,Google Custom Search,N/A,"Kinetic Watts & Volts ties up with Hero FinCorp, Bajaj Finserv and ...",https://www.cnbctv18.com/auto/kinetic-watts-volts-ties-up-with-hero-fincorp-bajaj-finserv-and-cleverpe-to-finance-dx-ev-scooters-19823679.htm,cnbctv18.com,N/A,"11 hours ago Pune-based Kinetic Watts & Volts has created a retail finance network for its Kinetic DX and DX+ electric scooters with Hero FinCorp, Bajaj Finserv and"
2026-01-20 00:20:50,Market Intelligence,Google Custom Search,N/A,Regional Credit Manager Job in Hero FinCorp at All India - Shine.com,https://www.shine.com/jobs/regional-credit-manager/hero-fincorp/18444292,shine.com,N/A,"6 hours ago Job Description. As a Credit Underwriting Lead for Construction Finance, your role involves leading the processing and underwriting of Construction Finance"
2026-01-20 00:20:50,Market Intelligence,Google Custom Search,N/A,CreditAccess Grameen Clarifies Standalone and Consolidated ...,https://prysm.fi/news/creditaccess-grameen-clarifies-standalone-and-consolidated-financial-figures,prysm.fi,N/A,12 hours ago AI models can summarize market news but cannot assess portfolio-specific impact or simulate investment scenarios. Platforms like Prysm provide stock-level and
2026-01-20 00:20:50,Market Intelligence,Google Custom Search,N/A,"CreditAccess Grameen Ltd. Brokerage/Research Reports, analyst ...",https://trendlyne.com/research-reports/stock/100478/CREDITACC/creditaccess-grameen-ltd/,trendlyne.com,N/A,"10 hours ago See 15 recent research reports for CREDITACC, BSE:541770 CreditAccess Grameen Ltd. from 7 source(s) with an average share price target of 1506."
2026-01-20 00:20:50,Market Intelligence,Google Custom Search,N/A,"Results to watch out January 19, Monday - Today •#ACGL ...",https://x.com/DFinMirror/status/2013071298495492494,x.com,N/A,17 hours ago CreditAccess Grameen Ltd •#CyientDLM - Cyient DLM Ltd •#DCMshriram - DCM Shriram Ltd •#EPack - EPACK Durable Ltd •#GujGasLtd - Gujarat Gas Ltd •#IndiaMart
2026-01-20 00:20:50,Market Intelligence,Google Custom Search,N/A,India Microfinance Market Shrinks to 4-Year Low Amid Lender Caution,https://www.whalesbook.com/news/English/BankingFinance/India-Microfinance-Market-Shrinks-to-4-Year-Low-Amid-Lender-Caution/696d2eefad039ca929a2c07b,whalesbook.com,N/A,"24 hours ago CreditAccess Grameen, the nation's largest NBFC-MFI, also noted a rise in its gross loan portfolio. Federal Bank's managing director indicated that"
2026-01-20 00:20:50,Market Intelligence,Google Custom Search,N/A,India's Microfinance Portfolio Contracts to Four-Year Low of ₹3.40 ...,https://scanx.trade/stock-market-news/stocks/india-s-microfinance-portfolio-contracts-to-four-year-low-of-3-40-lakh-crore/30340521,scanx.trade,N/A,"15 hours ago While the sector declined from its April 2024 peak of ₹3.43 lakh crore, individual lenders like ESAF, Equitas, Ujjivan, and CreditAccess Grameen showed"
2026-01-20 00:20:50,Market Intelligence,Google Custom Search,N/A,CreditAccess Grameen: Traditional MFI model efficiently operating ...,http://bollywoodhelpline.com/2026-world-cup-predictions/%3CRequestId%3E69565DECAA02983433354090%3C/sensitivity-analysis/CreditAccess-Grameen:-Traditional-MFI-model-efficiently-operating-at-scale,bollywoodhelpline.com,N/A,"24 hours ago Start your investment with $100 and earn up to 100% monthly!However, according to a report in the Spring City Evening News in 2017, ""In order to get rid of"
2026-01-20 00:20:50,Market Intelligence,Google Custom Search,N/A,"Cutting risk cuts microfin's portfolio, recovery likely next fiscal - The ...",https://m.economictimes.com/industry/banking/finance/cutting-risk-cuts-microfins-portfolio-recovery-way-off/articleshow/126660469.cms,m.economictimes.com,N/A,"24 hours ago creditaccess grameen · creditaccess grameen · federal bank. (Catch all the Business News, Breaking News and Latest News Updates on The Economic Times.)."
2026-01-20 00:20:50,Market Intelligence,Google Custom Search,N/A,Borosil shares surge up to 6% as QIP issue opens to raise ₹250 crore,https://upstox.com/news/market-news/latest-updates/borosil-shares-surge-up-to-6-as-qip-issue-opens-to-raise-250-crore/article-97174/,upstox.com,N/A,"12 hours ago January 20: Persistent Systems, SRF, United Spirits, ITC Hotels, AU Small Finance Bank, CreditAccess Grameen He is passionate about breaking news and enjoys"
2026-01-20 00:20:50,Market Intelligence,Google Custom Search,N/A,"NCD : Latest News Headlines, Videos and Photo Galleries on NCD ...",https://www.business-standard.com/topic/ncd,business-standard.com,N/A,"1 day ago Tata Chemicals Ltd on Wednesday said it has raised Rs 1,500 crore through the allotment of non-convertible debentures (NCDs) on a private placement basis. The"
2026-01-20 00:20:50,Market Intelligence,Google Custom Search,N/A,"Q3 Results This Week: Eternal, Kotak Mahindra Bank, Tata Capital ...",https://upstox.com/news/market-news/earnings/q3-results-this-week-eternal-kotak-mahindra-bank-tata-capital-dr-reddy-s-indi-go-jsw-steel-hpcl-and-more/article-187970/,upstox.com,N/A,"12 hours ago January 20: Persistent Systems, SRF, United Spirits, ITC Hotels, AU Small Finance Bank, CreditAccess Grameen He is passionate about breaking news and enjoys"
2026-01-20 00:20:50,Market Intelligence,Google Custom Search,N/A,"Page 204 - Start Ups: Start-ups in India and around the world, Start ...",https://www.business-standard.com/companies/start-ups/page-204,business-standard.com,N/A,"9 hours ago Fusion Microfinance gets Rs 162 crore funding from Creation · Logistics start-up Rivigo orders 1,200 Ashok Leyland trucks · Faircent gets $1.5 million funding"
2026-01-20 00:20:50,Market Intelligence,Google Custom Search,N/A,KYOCERA GROUP GLOBAL SITE,https://global.kyocera.com/,global.kyocera.com,N/A,"7 hours ago KYOCERA Corporation is a diversified manufacturing company that engineers products and solutions in various fields, including fine ceramics,"
2026-01-20 00:20:50,Market Intelligence,Google Custom Search,N/A,Fusion Finance Ltd Technical Momentum Shifts Amid Mixed M...,https://www.marketsmojo.com/news/stocks-in-action/fusion-finance-ltd-technical-momentum-shifts-amid-mixed-market-signals-3781034,marketsmojo.com,N/A,"12 hours ago Fusion Finance Ltd has exhibited a nuanced shift in its technical momentum as of early January 2026, reflecting a complex interplay of bullish and bearish"
2026-01-20 00:20:50,Market Intelligence,Google Custom Search,N/A,"Finance Companies in Bhojubeer, Varanasi - Loans, Investments ...",https://www.justdial.com/Varanasi/Finance-Companies-in-Bhojubeer/nct-10206580,justdial.com,N/A,"2 hours ago Fusion Microfinance Pvt Ltd Above Chetmani Ornaments Orderly Bazar, Varanasi News; More."
2026-01-20 00:20:50,Market Intelligence,Google Custom Search,N/A,Economic Times Print Edition: Read Latest ET Print Edition Online,https://epaper.indiatimes.com/print_edition,epaper.indiatimes.com,N/A,"12 hours ago news on the politics, economy, business & finance, announcements updates India's microfinance market contracted further, declining to ₹3.40 lakh"
2026-01-20 00:20:50,Market Intelligence,Google Custom Search,N/A,Spandana Sphoorty Financial Ltd - Share/Stock Price,https://www.moneycontrol.com/india/stockpricequote/finance-nbfc/spandanasphoortyfinancial/SSF07,moneycontrol.com,N/A,11 hours ago Spandana Sphoor Share Price: Find the latest news on Spandana Sphoor Stock Price. Get all the information on Spandana Sphoor with historic price charts for
2026-01-20 00:20:50,Market Intelligence,Google Custom Search,N/A,Companies Archive - FF News | Fintech Finance,https://ffnews.com/companies/,ffnews.com,N/A,"15 hours ago Advans Microfinance Network, Advantage Credit, Advantage One Credit Union Fusion Bank, Fusion Risk Management, FusionMGA, Futura Genetics, FUTURE, Future"
2026-01-20 00:20:50,Market Intelligence,Google Custom Search,N/A,"Trustnet - Unit Trusts & OEIC's | Investment Trusts | Life, Pension ...",https://www.trustnet.com/,trustnet.com,N/A,"2 hours ago Trustnet, Free daily updated analysis and price / performance data on all UK Unit Trusts, OEICs, Investment Trusts, Pension, Insurance Bond and Offshore"
2026-01-20 00:20:50,Market Intelligence,Google Custom Search,N/A,EU Funding & Tenders Portal,https://ec.europa.eu/info/funding-tenders/opportunities/portal/screen/opportunities/calls-for-tenders,ec.europa.eu,N/A,1 day ago Calls for tenders · Participant register. Projects & results. News & events. Work as an expert. Guidance & documents. European Commission
2026-01-20 00:20:50,Market Intelligence,Google Custom Search,N/A,Spandana Sphoorty Financial Ltd - Share/Stock Price,https://www.moneycontrol.com/india/stockpricequote/finance-nbfc/spandanasphoortyfinancial/SSF07,moneycontrol.com,N/A,11 hours ago Spandana Sphoor Share Price: Find the latest news on Spandana Sphoor Stock Price. Get all the information on Spandana Sphoor with historic price charts for
2026-01-20 00:20:50,Market Intelligence,Google Custom Search,N/A,INE572J07612 | 10.75% Spandana Sphoorty Financial Limited 04 ...,https://smest.in/bond-details/10.75-Spandana-Sphoorty-Financial-Limited-04-Sep-2026/INE572J07612,smest.in,N/A,"1 day ago Recent News. More News Right arrow. News Thumbnail. Spandana Sphoorty Financial net profit jumps 79% to Rs 127 crore. Mar 26, 2024 | Spandana Sphoorty Financial"
2026-01-20 00:20:50,Market Intelligence,Google Custom Search,N/A,Spandana Sphoorty Financial Schedules Board Meeting for January ...,https://scanx.trade/stock-market-news/earnings/spandana-sphoorty-financial-schedules-board-meeting-for-january-27-2026-to-review-q3fy26-results/30370461,scanx.trade,N/A,"7 hours ago Spandana Sphoorty Financial Limited has scheduled its board meeting for January 27, 2026, to review Q3FY26 unaudited financial results for the quarter and"
2026-01-20 00:20:50,Market Intelligence,Google Custom Search,N/A,"Spandana Sphoorty Financial Ltd Share Price Today, SPANDANA ...",https://www.businesstoday.in/stocks/spandana-sphoorty-financial-ltd-spandana-share-price-365216,businesstoday.in,N/A,2 days ago *Single trade that involves transaction of a minimum quantity of 5 lakh shares or a minimum value of ₹ 10 crore. Load Less. bt_logo FAQ's. What was Spandana
2026-01-20 00:20:50,Market Intelligence,Google Custom Search,N/A,SPANDANA SPHOORTY FINANCIAL Intrinsic Value & Fundamental ...,https://www.smart-investing.in/main.php?Company=SPANDANA+SPHOORTY+FINANCIAL+LTD,smart-investing.in,N/A,"7 hours ago Please look at the other parameters such as Valuation, Price Momentum, News & Corporate Governance and/or consult an Investment Advisor before taking an"
2026-01-20 00:20:50,Market Intelligence,Google Custom Search,N/A,All Rating Rationales,https://www.icra.in/Rating/AllRatingRationales,icra.in,N/A,3 hours ago Rating Rationales · Structured Finance Rating Rationales · Our Rating Approach & Methodologies · Webinars · Credit Perspective Reports · Research Reports · ICRA
2026-01-20 00:20:50,Market Intelligence,Google Custom Search,N/A,SPANDANA Share price NSE | Spandana Sphoorty Financial Ltd ...,https://www.samco.in/stocks/spandana-sphoorty-financial-limited-share-price,samco.in,N/A,14 hours ago News. Review. More. Spandana Sphoorty Financial Ltd Price Performance. Day's Low; ₹237.6. Day's High; ₹240.15. ₹ 239.3. 52-w low; ₹183.81. 52-w high; ₹356.95.
2026-01-20 00:20:50,Market Intelligence,Google Custom Search,N/A,Credit Perspective Reports,https://www.icra.in/Credit_Perspective,icra.in,N/A,4 hours ago ICRA Ratings offers unbiased analysis backed by our in-depth analysis of various corporate and financial entities. Our deep expertise and meticulous analysis
2026-01-20 00:20:50,Market Intelligence,Google Custom Search,N/A,"Utkarsh Small Finance Bank Limited Price: Quote, Forecast, Charts ...",https://www.perplexity.ai/finance/UTKARSHBNK.BO,perplexity.ai,N/A,8 hours ago news and in line with weakness in broader Indian banking and small Spandana Sphoorty Financial Limited. ₹235.50. SPANDANA. ·. NSE. -1.88%. Financial
2026-01-20 00:20:50,Market Intelligence,Google Custom Search,N/A,"Finance Companies in Nainpur, Mandla - Loans, Investments ...",https://www.justdial.com/Mandla/Finance-Companies-in-Nainpur/nct-10206580,justdial.com,N/A,"1 hour ago Spandana Sphoorty Financial Ltd Near Jama Masjid Chitragupt Nagar, Balaghat News; More."
2026-01-20 00:20:50,Market Intelligence,Google Custom Search,N/A,Aavas Financiers Ltd. Share Price Live Today - stocks,https://www.cnbctv18.com/market/stocks/aavas-financiers-ltd-share-price/AF17/,cnbctv18.com,N/A,"3 hours ago Aavas Financiers Ltd. Share Price - Get the latest news on Aavas Financiers Ltd. stock price alongwith its performance, fundamentals, market cap,"
2026-01-20 00:20:50,Market Intelligence,Google Custom Search,N/A,Aavas Financiers Ltd - Share/Stock Price,https://www.moneycontrol.com/india/stockpricequote/finance-general/aavasfinanciers/AF17,moneycontrol.com,N/A,5 hours ago AAVAS Financier Share Price: Find the latest news on AAVAS Financier Stock Price. Get all the information on AAVAS Financier with historic price charts for
2026-01-20 00:20:50,Market Intelligence,Google Custom Search,N/A,"AAVAS Financiers Ltd Splits: Splits, Split History, Stock Split History",https://www.livemint.com/aavas-financiers-ltd/splits/companyid-s0003281,livemint.com,N/A,1 hour ago AAVAS Financiers Ltd Splits. Dividends Bonus Splits Rights Board Meetings AGM. AAVAS Financiers Ltd has not announced any Stock Split since 2018. Related News
2026-01-20 00:20:50,Market Intelligence,Google Custom Search,N/A,AAVAS Share Price | Aavas Financiers Ltd. Stock Analysis ...,https://www.marketsmojo.com/stocks-analysis/aavas-financiers-1003057-0,marketsmojo.com,N/A,"7 hours ago Get Aavas Financiers Ltd. (AAVAS) share price, Mojo Score, PE ratio, returns & buy/sell recommendation. Stock analysis with financials & peer comparison."
2026-01-20 00:20:50,Market Intelligence,Google Custom Search,N/A,"AAVAS Financiers Ltd Rights: Rights, Rights Issue, Rights History",https://www.livemint.com/aavas-financiers-ltd/rights/companyid-s0003281,livemint.com,N/A,4 hours ago AAVAS Financiers Ltd has not announced any Rights Issue since 2018. Related News
2026-01-20 00:20:50,Market Intelligence,Google Custom Search,N/A,Aadhar Housing Finance IPO: Know how its listed peers are ...,https://upstox.com/news/market-news/ipo/aadhar-housing-finance-ipo-know-their-listed-peers/article-85194/,upstox.com,N/A,"20 hours ago Shares of the company have lost over 1.5% since the beginning of the year. Aavas Financiers: The firm witnessed its AUM grow 22% YoY to ₹17,312.6 crore in FY24."
2026-01-20 00:20:50,Market Intelligence,Google Custom Search,N/A,541988 | AAVAS Financiers Ltd | Stock Price vs Fair | Morningstar ...,https://www.morningstar.in/stocks/0p0001eqhu/bse-aavas-financiers-ltd/price.aspx,morningstar.in,N/A,1 day ago AAVAS Financiers Ltd. 541988. Overview. Equity Style Box. Mid Blend. Mid Blend. Equity Style Box. Sector. Financial Services. Industry. Mortgage Finance
2026-01-20 00:20:50,Market Intelligence,Google Custom Search,N/A,This shrimp exporter stock surged 22% in March; check key triggers ...,https://upstox.com/news/market-news/stocks/this-shrimp-exporter-stock-surged-22-in-march-amid-market-rebound-check-key-triggers/article-151352/,upstox.com,N/A,19 hours ago Avanti Feeds shares got a boost after Finance Minister Nirmala Sitharaman announced measures to support India's fisheries sector in her Union Budget 2025 speech
2026-01-20 00:20:50,Market Intelligence,Google Custom Search,N/A,"Home First Finance Company India Ltd Share Price Today, 1,060.00 ...",https://www.business-standard.com/markets/home-first-finance-company-india-ltd-share-price-71865.html,business-standard.com,N/A,"4 hours ago What's Home First Finance Company India Ltd share price today. Get Home First Finance Company India Ltd latest news on BSE/NSE stock price live updates,"
2026-01-20 00:20:50,Market Intelligence,Google Custom Search,N/A,Home First Finance Company India Share Price,https://economictimes.indiatimes.com/home-first-finance-company-india-ltd/stocks/companyid-55367.cms,economictimes.indiatimes.com,N/A,"3 hours ago Home First Finance Co Share Price Today - Get live NSE/BSE quotes of Home First Finance Co with latest news, headlines and quick analysis."
2026-01-20 00:20:50,Market Intelligence,Google Custom Search,N/A,"Home First Finance Company India Ltd Share Price Today, 1,060.00 ...",https://www.business-standard.com/markets/home-first-finance-company-india-ltd-share-price-71865.html,business-standard.com,N/A,"4 hours ago What's Home First Finance Company India Ltd share price today. Get Home First Finance Company India Ltd latest news on BSE/NSE stock price live updates,"
2026-01-20 00:20:50,Market Intelligence,Google Custom Search,N/A,Why is Home First Finance Company India Ltd falling/rising?,https://www.marketsmojo.com/news/stocks-in-action/why-is-home-first-finance-company-india-ltd-fallingrising-3783808,marketsmojo.com,N/A,"21 hours ago On 06-Jan, Home First Finance Company India Ltd witnessed a notable decline in its share price, falling by 2.02% to close at ₹1071.50. This drop reflects ."
2026-01-20 00:20:50,Market Intelligence,Google Custom Search,N/A,Home First Finance Company India Ltd Stock Price: Home First ...,https://www.indiainfoline.com/company/home-first-finance-company-india-ltd-share-price,indiainfoline.com,N/A,"2 days ago Record Date: 30 May, 2025. arrow · View All Event Calendar. Home First Finance Company India Ltd NEWS AND UPDATE. No Record Found. Invest wise with Expert"
2026-01-20 00:20:50,Market Intelligence,Google Custom Search,N/A,Auction Properties by home first finance company india limited ...,https://www.auctionbazaar.com/auction-properties-by-home-first-finance-company-india-limited,auctionbazaar.com,N/A,"2 days ago rajkot, gujarat. residential / individual house. Area. 56.43 Sq. Mtr. Deadline Date. 16 January 2026. Auction Date. 17 January 2026. duplex no: 24/3,"
2026-01-20 00:20:50,Market Intelligence,Google Custom Search,N/A,"Moody's - credit ratings, research, and data for global capital markets",https://www.moodys.com/,moodys.com,N/A,5 hours ago Adaptation and resilience investment and good governance can limit exposure. Watch the video podcast. Sustainable finance 2026 outlook. Moody's
2026-01-20 00:20:50,Market Intelligence,Google Custom Search,N/A,stocks which are doing capex which are bought by fiis more than 10 ...,https://x.com/RupeezyOfficial/status/2012705249161560078,x.com,N/A,2 days ago 2 Home First Finance Chg in FII Hold 3Yr %: 30.62% 3 Stratmont Industries Explore Trending StoriesGo to HomeSearch XNews.
2026-01-20 00:20:50,Market Intelligence,Google Custom Search,N/A,Financial Times: Home,https://www.ft.com/,ft.com,N/A,"1 day ago News, analysis and opinion from the Financial Times on the latest in markets, economics and politics."
2026-01-20 00:20:50,Market Intelligence,Google Custom Search,N/A,"Award-winning banking solutions for BaaS, Payments, Treasury & FX",https://finzly.com/,finzly.com,N/A,"1 day ago Supercharge your bank with Finzly's BankOS, a complete platform for all U.S. domestic rails, embedded banking, international banking, and accounts for"
2026-01-20 00:20:50,Market Intelligence,Google Custom Search,N/A,HFFC Home Loans in Ujjain,https://www.justdial.com/Ujjain/Home-Loans-HFFC/nct-12159486,justdial.com,N/A,"4 hours ago Home First Finance Company India Pvt Ltd. 3.433 Ratings. Bhopal,M P Nagar. Call Now Send Enquiry. Help us find best HFFC Home Home · Leads; B2B; Pay; News"
2026-01-20 00:20:50,Market Intelligence,Google Custom Search,N/A,Aadhar Housing Finance Ltd. - Share/Stock Price,https://www.moneycontrol.com/india/stockpricequote/finance-housing/aadharhousingfinance/AHFL,moneycontrol.com,N/A,4 hours ago Aadhar Housing Share Price: Find the latest news on Aadhar Housing Stock Price. Get all the information on Aadhar Housing with historic price charts for NSE
2026-01-20 00:20:50,Market Intelligence,Google Custom Search,N/A,Aadhar Housing Finance IPO subscription opens on May 8: From ...,https://upstox.com/news/market-news/ipo/aadhar-housing-finance-ipo-to-open-on-may-8-5-key-points-to-know/article-84446/,upstox.com,N/A,"1 day ago Aadhar Housing Finance IPO subscription opens on May 8: From Price band to listing date, check key details. Upstox. By Upstox News Desk. 3 min read | Updated on"
2026-01-20 00:20:50,Market Intelligence,Google Custom Search,N/A,Aadhar Housing Finance Board Meeting to Approve Quarterly ...,https://www.investywise.com/aadhar-housing-finance-board-meeting-intimation/,investywise.com,N/A,"8 hours ago The Joint Statutory Auditors' report will also be reviewed during the meeting. Source: BSE · InvestyWise News. onJanuary 19, 2026."
2026-01-20 00:20:50,Market Intelligence,Google Custom Search,N/A,"Aadhar Housing Finance IPO: Check date, price band, share ...",https://upstox.com/news/market-news/ipo/aadhar-housing-finance-ipo-date-price-band-share-allotment-blackstone-gmp/article-83706/,upstox.com,N/A,"1 day ago Aadhar Housing Finance IPO: Check date, price band, share allotment and key details of Blackstone-backed firm. Upstox. By Upstox News Desk. 2 min read | Updated"
2026-01-20 00:20:50,Market Intelligence,Google Custom Search,N/A,Aadhar Housing Finance Timely Interest and Principal Payment on ...,https://www.investywise.com/aadhar-housing-finance-timely-interest-principal-payment/,investywise.com,N/A,"6 hours ago The redemptions were upon maturity. Source: BSE · InvestyWise News. onJanuary 19, 2026."
2026-01-20 00:20:50,Market Intelligence,Google Custom Search,N/A,Aadhar Housing Finance Reaches All-Time High Amid Broader...,https://www.marketsmojo.com/news/stocks-in-action/aadhar-housing-finance-hits-all-time-high-of-rs-538-amid-market-decline-3309955,marketsmojo.com,N/A,"21 hours ago Aadhar Housing Finance has experienced notable trading activity, reaching a new all-time high of Rs News; Stocks in Action; Aadhar Housing Finance Reaches All"
2026-01-20 00:20:50,Market Intelligence,Google Custom Search,N/A,Bajaj Housing Finance Ltd share price | About Bajaj Housing | Key ...,https://www.screener.in/company/BAJAJHFL/,screener.in,N/A,"2 hours ago Founded in 2008, Bajaj Housing Finance is a non-deposit-taking Housing Finance Company (HFC) registered with the National Housing Bank (NHB) since 2015."
2026-01-20 00:20:50,Market Intelligence,Google Custom Search,N/A,Aadhar Housing Finance Ltd Technical Momentum Shifts Amid...,https://www.marketsmojo.com/news/stocks-in-action/aadhar-housing-finance-ltd-technical-momentum-shifts-amid-mixed-signals-3793810,marketsmojo.com,N/A,"4 hours ago Aadhar Housing Finance Ltd has experienced a notable shift in its technical momentum, moving from a mildly bullish stance to a sideways trend as of"
2026-01-20 00:20:50,Market Intelligence,Google Custom Search,N/A,Apply Instant Personal Loan Online Upto Rs. 50 Lakh,https://pnb.bank.in/personal.aspx,pnb.bank.in,N/A,2 hours ago Personal Loans. “Say Yes to Your Dreams with Our flexible Personal loan”. Housing Finance Scheme For Public - PNB Max-Saver. Personal Loan For Working Woman
2026-01-20 00:20:50,Market Intelligence,Google Custom Search,N/A,Angel One Ltd (543235) Stock Price & News - Google Finance,https://www.google.com/finance/quote/543235:BOM,google.com,N/A,10 hours ago Services Ltd. ₹726.00. 543232 0.14%. Aadhar Housing Finance Ltd. ₹471.45. 544176 0.33%. AWL Agri Business Ltd. ₹212.40. 543458 0.12%. DLF Ltd. ₹641.80. 532868
2026-01-20 00:20:50,Market Intelligence,Google Custom Search,N/A,Writing @MyIndusIndBank @BankIndusind One of your recovery ...,https://x.com/714290/status/2013197525222817830/photo/1,x.com,N/A,8 hours ago Kunal Kumar (@714290). 4 likes 3 replies 55 views. Writing @MyIndusIndBank @BankIndusind One of your recovery agents from M/s Enlist Management Consultants
2026-01-20 00:20:50,Market Intelligence,Google Custom Search,N/A,Anadolu Ajansı,https://www.aa.com.tr/,aa.com.tr,N/A,"15 hours ago Anadolu Ajansı, your source for trusted news, offers news, photographs and videos on Türkiye, world, economy, sports, health and technology."
2026-01-20 00:20:50,Market Intelligence,Google Custom Search,N/A,"Latest Medical News, Clinical Trials, Guidelines - Today on Medscape",https://www.medscape.com/,medscape.com,N/A,"7 hours ago Today on Medscape : Get the latest medical news, clinical trial coverage, drug updates, journal articles, CME activities & more on Medscape."
2026-01-20 00:20:50,Market Intelligence,Google Custom Search,N/A,Enforcement directorate attaches properties worth 10.86 crore ...,https://www.newsonair.gov.in/enforcement-directorate-attaches-properties-worth-10-86-crore-rupees-in-land-fraud-case/,newsonair.gov.in,N/A,"19 hours ago The agency said that the investigation also revealed that the accused are habitual offenders, with multiple FIRs registered against them. They cheated people by"
2026-01-20 00:20:50,Market Intelligence,Google Custom Search,N/A,"Woman, minor daughter die by 'suicide' in Jharkhand's Giridih",https://www.ptinews.com/story/national/woman-minor-daughter-die-by-suicide-in-jharkhands-giridih/3291553,ptinews.com,N/A,"7 hours ago allegedly died by suicide in Jharkhand's Giridih district on Monday, after they faced “harassment” by loan recovery agents, a police officer said."
2026-01-20 00:20:50,Market Intelligence,Google Custom Search,N/A,The Department of Transport,https://www.transport.gov.za/,transport.gov.za,N/A,"4 hours ago C-BRTA hosts MSME Conference to Accelerate Inclusive Growth in the Transport Sector. Cross-Border Road Transport Agency (C-BRTA), in collobaration with the"
2026-01-20 00:20:50,Market Intelligence,Google Custom Search,N/A,Tragedy in Jharkhand: Loan Harassment Leads to Double Suicides,https://www.devdiscourse.com/article/law-order/3774859-tragedy-in-jharkhand-loan-harassment-leads-to-double-suicides?amp,devdiscourse.com,N/A,"7 hours ago A mother and her teenage daughter allegedly died by suicide in Jharkhand's Giridih district due to harassment from loan recovery agents. The woman, unable to"
2026-01-20 00:20:50,Market Intelligence,Google Custom Search,N/A,CareEdge | Ratings,https://www.careratings.com/,careratings.com,N/A,1 day ago CareEdge Ratings' credit ratings are its opinion on the relative ability and willingness of the issuer to meet the debt service obligations as and when they
2026-01-20 00:20:50,Market Intelligence,Google Custom Search,N/A,News & Updates | Tangipahoa Parish Government,https://tangipahoa.org/news-updates/,tangipahoa.org,N/A,"1 day ago For the most up-to-date information on events and updates happening in Tangipahoa Parish, Louisiana, check out our News & Updates page."
2026-01-20 00:20:50,Market Intelligence,Google Custom Search,N/A,"Bank strike on January 27, 2026? Services like Cash Withdrawal ...",https://gdgbhopal.com/bank-strike/,gdgbhopal.com,N/A,19 hours ago bank employees' unions have indicated the possibility of a nationwide bank strike. Bank strikes in India are not uncommon and often arise due to policy
2026-01-20 00:20:50,Market Intelligence,Google Custom Search,N/A,"Banks May Shut For 4 Days, As Employees Call For Strike ...",https://www.news18.com/photogallery/business/banks-may-shut-for-4-days-as-employees-call-for-strike-demanding-five-day-week-sbhp-ws-el-9841819.html,news18.com,N/A,9 hours ago Most central government offices and financial institutions in India already follow a five-day schedule—bank staff want the same.
2026-01-20 00:20:50,Market Intelligence,Google Custom Search,N/A,Unified Voice of Bank Employees: Historic Digital Mobilisation ...,https://x.com/ChVenkatachalam/status/2012964405823099079,x.com,N/A,"24 hours ago (Twitter) Campaign a Grand Success Gear Up for All India Bank Strike on 27th January, 2026 #UFBU #AIBEA."
2026-01-20 00:20:50,Market Intelligence,Google Custom Search,N/A,AIBEA : All India Bank Employees' Association – Telegram,https://t.me/s/AIBEAofficial,t.me,N/A,"1 day ago Say NO to 100% Foreign Direct Investment in Insurance Sector. Protest this retrograde move.. Hold Joint Demonstrations On 18th December, 2025 In all cities,"
2026-01-20 00:20:50,Market Intelligence,Google Custom Search,N/A,Bank strike alert: Banking services may face four-day disruption as ...,https://www.india.com/business/bank-strike-alert-banking-services-may-face-four-day-disruption-as-employees-call-for-strike-over-check-affected-dates-8273758/,india.com,N/A,"5 hours ago Banks in India may remain closed for four days as employees plan a nationwide strike over the long-pending demand for a five-day work week,"
2026-01-20 00:20:50,Market Intelligence,Google Custom Search,N/A,"Banks to be closed for four consecutive days in September, read on ...",https://www.nationalheraldindia.com/india/bank-to-be-closed-for-four-consecutive-days-in-september-read-on-to-know-which-ones,nationalheraldindia.com,N/A,"2 days ago strike by bank employees and then holidays. A bank strike has been called by bank employees' unions, including All India Bank Officers' Confederation (AIBOC)"
2026-01-20 00:20:50,Market Intelligence,Google Custom Search,N/A,STATE BANK OF INDIA ELECTRICAL WORK OF RAYSAN ...,https://sbi.bank.in/documents/39129/51516783/NOTICE+INVITING+TENDER20260119120000312.pdf,sbi.bank.in,N/A,5 hours ago SBI invites E-tender through its Architect M/s. SONAL HITESH PARIKH “Online e-tenders in two bid system I. e. online technical bid and online price bids”
2026-01-20 00:20:50,Market Intelligence,Google Custom Search,N/A,LabourStart - India,https://www.labourstart.org/india,labourstart.org,N/A,5 hours ago Top stories. The gig workers' rebellion [Frontline] 19-01-2026. Arunachal Pradesh Trade Union Federation to launch statewide stir over pending workers'
2026-01-20 00:20:50,Market Intelligence,Google Custom Search,N/A,Work Life Balance - Strike of All India Bank Unions,https://www.saposts.com/2026/01/work-life-balance-strike-of-all-india.html,saposts.com,N/A,"1 day ago Work Life Balance - Strike of All India Bank Unions. Admin Sunday, January 18, 2026"
2026-01-20 00:20:50,Market Intelligence,Google Custom Search,N/A,UBS - Wikipedia,https://en.wikipedia.org/wiki/UBS,en.wikipedia.org,N/A,"3 hours ago UBS Group AG (stylized simply as UBS) is a Swiss multinational investment bank and financial services firm founded and based in Switzerland,"
2026-01-20 00:20:50,Market Intelligence,Google Custom Search,N/A,"PNB Complaint, File Complaint PNB, Punjab National Bank ...",https://pnb.bank.in/CcsrmsFormComplaint.aspx,pnb.bank.in,N/A,"2 hours ago Submit your complaint easily and efficiently with our step-by-step guide. Learn how to articulate your concerns, gather necessary documentation,"
2026-01-20 00:20:50,Market Intelligence,Google Custom Search,N/A,Home | Directorate of Enforcement,https://enforcementdirectorate.gov.in/,enforcementdirectorate.gov.in,N/A,"12 hours ago India. ED has been given the responsibility to conduct investigation into suspected contraventions of foreign exchange laws and regulations, to adjudicate"
2026-01-20 00:20:50,Market Intelligence,Google Custom Search,N/A,Thangamayil DigiGold Savings - Apps on Google Play,https://play.google.com/store/apps/details?id=com.tmj.digigold_v7,play.google.com,N/A,8 hours ago Thangamayil Digigold is the digital home of Thangamayil Jewellery. The ideal place to join a savings scheme and save up to buy your dream jewellery
2026-01-20 00:20:50,Market Intelligence,Google Custom Search,N/A,Press Release | Directorate of Enforcement,https://enforcementdirectorate.gov.in/press-release,enforcementdirectorate.gov.in,N/A,"9 hours ago ED, Raipur Zonal Office has arrested Shashank Chopda, Partner of M/s Mokshit Corporation, on 14.01.2026 under PMLA, 2002 in connection with the Procurement Scam"
2026-01-20 00:20:50,Market Intelligence,Google Custom Search,N/A,How to Build a Reliable Emergency Fund | Financial Safety Tips ...,https://www.rbl.bank.in/blog/banking/investment/build-sustainable-emergency-fund,rbl.bank.in,N/A,"10 hours ago List your unavoidable expenses, which would include rent/home loan EMIs, utilities, groceries, insurance premiums, and loan repayments. This gives you a"
2026-01-20 00:20:50,Market Intelligence,Google Custom Search,N/A,My brother gambled away our entire life savings : r/india,https://www.reddit.com/r/india/comments/1qgigvu/my_brother_gambled_away_our_entire_life_savings/,reddit.com,N/A,"23 hours ago If yes, check it's balance too. Check for any loan apps on his phone too. It would also do good to remove any scam apps from your mom's phone if he put in any."
2026-01-20 00:20:50,Market Intelligence,Google Custom Search,N/A,Foreign Currency Demand Draft - Foreign Exchange in India | Axis ...,https://www.axis.bank.in/forex/foreign-currency-demand-draft,axis.bank.in,N/A,"11 hours ago Protect your overseas travel budget with Insurance and Forex Cards. Save money, avoid scams, and travel smarter"
2026-01-20 00:20:50,Market Intelligence,Google Custom Search,N/A,Financial Conduct Authority | FCA,https://www.fca.org.uk/,fca.org.uk,N/A,"7 hours ago The FCA enables a fair and thriving financial services market, for the good of consumers and the economy."
2026-01-20 00:20:50,Market Intelligence,Google Custom Search,N/A,Karnataka State Pharmacy Council,https://www.kspcdic.com/,kspcdic.com,N/A,2 days ago App: https://stiny.in/KSPCID/kspcdic Ignore if already renewed. 2) Lending of KSPC Registration Certificate is an offence. 3) You are hereby informed to
2026-01-20 00:20:50,Market Intelligence,Google Custom Search,N/A,Google News,https://news.google.co.in/,news.google.co.in,N/A,"6 hours ago Read full articles, watch videos, browse thousands of titles and more on the 'Home page' topic with Google News."
2026-01-20 00:20:50,Market Intelligence,Google Custom Search,N/A,Smart Pay Card - Apply for Smart Pay Prepaid Card | Axis Bank,https://www.axis.bank.in/cards/prepaid-card/smart-pay-card,axis.bank.in,N/A,5 hours ago Use your card anywhere. The Smart Pay Card can be used at all Axis Bank ATMs in India as well as at any merchant establishment for purchase transactions in
2026-01-20 00:20:50,Market Intelligence,Google Custom Search,N/A,"2026: The Crucial Role of Digital Identity in AI Governance, ETCIO",https://cio.economictimes.indiatimes.com/news/artificial-intelligence/2026-the-crucial-role-of-digital-identity-in-ai-governance/126539543,cio.economictimes.indiatimes.com,N/A,"15 hours ago For India, identity governance is Weak controls at any point of the chain can expose banks to identity theft, synthetic fraud and payment disruption."
2026-01-20 00:20:50,Market Intelligence,Google Custom Search,N/A,OECD: The Organisation for Economic Co-operation and ...,https://www.oecd.org/,oecd.org,N/A,"2 hours ago Working with over 100 countries, the OECD is a global policy forum that promotes policies to improve the economic and social well-being of people around the"
2026-01-20 00:20:50,Market Intelligence,Google Custom Search,N/A,Premium Security Suite | Trend Micro (US),https://www.trendmicro.com/en_us/forHome/products/premium-security-suite.html,trendmicro.com,N/A,"12 hours ago Maximum Security · Protects against malware, viruses, ransomware, and other threats · Secure online banking and shopping · Guards against identity theft"
2026-01-20 00:20:50,Market Intelligence,Google Custom Search,N/A,Flipkart,https://www.flipkart.com/pages/cyber-insurance-tnc,flipkart.com,N/A,"2 hours ago Banking Company as defined in Chapter 3A of Reserve Bank of India Act, 1934; Identity Theft from such lost/stolen device. This shall not include"
2026-01-20 00:20:50,Market Intelligence,Google Custom Search,N/A,Untitled,https://www.iibf.org.in/documents/Brochure/2026/img20260119_11463514.pdf,iibf.org.in,N/A,"8 hours ago Data Theft and. Compliance Failure. ASSISTANT MANAGER, The. Federal Bank Ltd BANK OF INDIA. Prize-II. Note: TDS will be applicable on the Prize money as"
2026-01-20 00:20:50,Market Intelligence,Google Custom Search,N/A,RCB Bank | Personal and Business Banking,https://rcbbank.bank/,rcbbank.bank,N/A,"1 day ago RCB Bank is your bank. We offer a variety of options within personal banking, business banking, mortgage loans, and trust and investment services."
2026-01-20 00:20:50,Market Intelligence,Google Custom Search,N/A,How to Build a Reliable Emergency Fund - RBL Bank,https://www.rbl.bank.in/blog/banking/investment/build-sustainable-emergency-fund,rbl.bank.in,N/A,"10 hours ago Learn how to create a sustainable emergency fund to cover unexpected expenses, reduce stress, and stay financially secure in uncertain times."
2026-01-20 00:20:50,Market Intelligence,Google Custom Search,N/A,"ICLG: Legal Guides, Business Reports and Events",https://iclg.com/,iclg.com,N/A,3 hours ago The International Comparative Legal Guides provide current and practical comparative legal information on several jurisdictions in a Q&A format.
2026-01-20 00:20:50,Market Intelligence,Google Custom Search,N/A,Indian National Congress,https://inc.in/,inc.in,N/A,"1 day ago Welcome to inc.in, the digital hub of the Indian National Congress. Explore a platform dedicated to fostering positive change and progress in India."
2026-01-20 00:20:50,Market Intelligence,Google Custom Search,N/A,The Ninth Anti-Money Laundering & Financial ... - AMLFC Institute,https://amlfc.institute/amlfc-conference-2026/,amlfc.institute,N/A,"2 days ago April 8th - 10th, 2026. AMLFC Institute: The Ninth Anti-Money Laundering & Financial Crimes Prevention AMLFC Institute Hybrid Conference."
2026-01-20 00:20:50,Market Intelligence,Google Custom Search,N/A,Leading Economic Activity Indicator India - Financial Sector ...,http://sfacindia.com/blank/Leading-Economic-Activity-Indicator-India,sfacindia.com,N/A,2 days ago 【Stock Highlights】✌️ Discover high-growth stocks with real-time market analysis from investment professionals.
2026-01-20 00:20:50,Market Intelligence,Google Custom Search,N/A,Monetary Authority of Singapore,https://www.mas.gov.sg/,mas.gov.sg,N/A,"8 hours ago MAS is the central bank of Singapore. Our mission is to promote sustained non-inflationary economic growth, and a sound and progressive financial centre."
2026-01-20 00:20:50,Market Intelligence,Google Custom Search,N/A,المادة الثامنة: الموافقة الأولية | SAMA Rulebook,https://rulebook.sama.gov.sa/en/node/10845,rulebook.sama.gov.sa,N/A,1 day ago All Financial Institutions · Banking Sector · Finance Sector · Laws and Regulations · Licensing Provisions · Anti Money Laundering and Combating the Financing
2026-01-20 00:20:50,Market Intelligence,Google Custom Search,N/A,Banca d'Italia - The Cyber Risk of Non-Financial Firms,https://www.bancaditalia.it/media/notizia/the-cyber-risk-of-non-financial-firms/,bancaditalia.it,N/A,9 hours ago Banca d'Italia is the Italian Republic's central bank and pursues aims of general interest in the monetary and financial sector. Anti-money laundering
2026-01-20 00:20:50,Market Intelligence,Google Custom Search,N/A,Ananya Finance for Inclusive Growth Pvt. Ltd. | Sustainable Finance,https://ananyafinance.com/,ananyafinance.com,N/A,"23 hours ago Financial Services Pvt. Ltd Amit Garg, Executive Vice President, is the Principal Officer appointed under the Prevention of Money Laundering Act, 2002."
2026-01-20 00:20:50,Market Intelligence,Google Custom Search,N/A,Financial Conduct Authority | FCA,https://www.fca.org.uk/,fca.org.uk,N/A,"2 hours ago The FCA enables a fair and thriving financial services market, for the good of consumers and the economy."
2026-01-20 00:20:50,Market Intelligence,Google Custom Search,N/A,Regulatory Snapshot: Financial Services and AML,https://www.polity.org.za/article/regulatory-snapshot-financial-services-and-aml-2026-01-19,polity.org.za,N/A,"10 hours ago financial services sector and South Africa's anti-money-laundering regime, as well as what we can expect in 2026. What happened in 2025? Advertisement. South"
2026-01-20 00:20:50,Market Intelligence,Google Custom Search,N/A,"More intensive supervision of cyber resilience and AI, strengthened ...",https://www.afm.nl/en/sector/actueel/2026/jan/pb-agenda-2026,afm.nl,N/A,8 hours ago financial sector. That is why the AFM is intensifying its Investment fraud and money laundering risks undermine confidence in financial markets.
2026-01-20 00:20:50,Market Intelligence,Google Custom Search,N/A,Search page | FSMA,https://www.fsma.be/en/search,fsma.be,N/A,5 hours ago Financial services providers (196). Fraud (149). About the FSMA Money laundering (34). Conduct of business rules (27). Crowdfunding (22).
2026-01-20 00:20:50,Market Intelligence,Google Custom Search,N/A,Home | Directorate of Enforcement,https://enforcementdirectorate.gov.in/,enforcementdirectorate.gov.in,N/A,12 hours ago ED has been given the responsibility to enforce the provisions of the PMLA by conducting investigation to trace the assets derived from proceeds of crime
2026-01-20 00:20:50,Market Intelligence,Google Custom Search,N/A,"Illegal US immigration: ED raids visa firms in Punjab, Chandigarh",https://www.taxtmi.com/news?id=35379,taxtmi.com,N/A,1 day ago firms allegedly manipulated applicants' financial records and charged high commissions. The raids resulted in the seizure of incriminating documents
2026-01-20 00:20:50,Market Intelligence,Google Custom Search,N/A,Press Release | Directorate of Enforcement,https://enforcementdirectorate.gov.in/press-release,enforcementdirectorate.gov.in,N/A,"1 hour ago ED, HIU, New Delhi has issued a Provisional Attachment Order (PAO) in the case of Gensol Group under the provisions of the PMLA, 2002 attaching Apartment No. CM"
2026-01-20 00:20:50,Market Intelligence,Google Custom Search,N/A,Financial Times: Home,https://www.ft.com/,ft.com,N/A,"1 day ago News, analysis and opinion from the Financial Times on the latest in markets, economics and politics."
2026-01-20 00:20:50,Market Intelligence,Google Custom Search,N/A,ED raids 26 locations in Pan-India narcotics crackdown – 19 ...,https://www.heraldgoa.in/goa/ed-raids-26-locations-in-pan-india-narcotics-crackdown/461220/,heraldgoa.in,N/A,"16 hours ago services, to transport drugs. The financial trail was equally complex, with the proceeds of crime being laundered through UPI transactions, bank transfers"
2026-01-20 00:20:50,Market Intelligence,Google Custom Search,N/A,Ex-Haryana Minister Named in ₹600-Crore Piyush Group Scam ...,https://www.courtkutchehry.com/pages/blog/ex-haryana-minister-piyush-group-600-crore-real-estate-scam-ed-probe,courtkutchehry.com,N/A,"18 hours ago ED names ex-Haryana minister Mahinder Pratap Singh in a ₹600-crore Piyush Group real estate scam involving fund diversion, assured returns fraud,"
2026-01-20 00:20:50,Market Intelligence,Google Custom Search,N/A,Power distribution utilities post profit after years of losses: Manohar ...,https://ddnews.gov.in/en/power-distribution-utilities-post-profit-after-years-of-losses-manohar-lal/,ddnews.gov.in,N/A,1 day ago The recovery has been driven by a series of reforms aimed at improving the financial and operational health of distribution companies (DISCOMs). Key
2026-01-20 00:20:50,Market Intelligence,Google Custom Search,N/A,Who's Who | Transport Department,https://transport.delhi.gov.in/transport/whos-who,transport.delhi.gov.in,N/A,6 hours ago ED(DTIDC). jctpt.2[at]delhidot]gov[dot]in. 5. Dr. Atul Pandey. Joint Commissioner. Bus operations and Transport (including Route rationalization); STA
2026-01-20 00:20:50,Market Intelligence,Google Custom Search,N/A,"A Raid, Women's Army, Some Stains and Street Fights: Inside West ...",https://m.thewire.in/article/politics/a-raid-womens-army-some-stains-and-street-fights-inside-west-bengals-2026-power-struggle,m.thewire.in,N/A,"10 hours ago The 2026 election represents a serious crisis for Indian federalism. When the ED is used to target a political consultancy like the I-PAC, the line between"
2026-01-20 00:20:50,Market Intelligence,Google Custom Search,N/A,Home | Directorate of Enforcement,https://enforcementdirectorate.gov.in/,enforcementdirectorate.gov.in,N/A,"12 hours ago The statutory functions of the Directorate include enforcement of following Acts: 1. The Prevention of Money Laundering Act, 2002 (PMLA): It is a criminal law"
2026-01-20 00:20:50,Market Intelligence,Google Custom Search,N/A,Financial Times: Home,https://www.ft.com/,ft.com,N/A,"1 day ago News, analysis and opinion from the Financial Times on the latest in markets, economics and politics."
2026-01-20 00:20:50,Market Intelligence,Google Custom Search,N/A,Press Release | Directorate of Enforcement,https://enforcementdirectorate.gov.in/press-release,enforcementdirectorate.gov.in,N/A,"1 hour ago ED, Raipur Zonal Office has arrested Shashank Chopda, Partner of M/s Mokshit Corporation, on 14.01.2026 under PMLA, 2002 in connection with the Procurement Scam"
2026-01-20 00:20:50,Market Intelligence,Google Custom Search,N/A,PDICAI,https://pdicai.org/latestNews.aspx,pdicai.org,N/A,"2 hours ago Indian tax authorities can attribute a portion of the company's India-linked of reassessment introduced by Finance Art, 2021. When the tax"
2026-01-20 00:20:50,Market Intelligence,Google Custom Search,N/A,Income Tax · Hyderabad,https://incometaxhyderabad.gov.in/,incometaxhyderabad.gov.in,N/A,8 hours ago Return Preparation 'Made Easy' · ✓ ASK IT · ✓ Tax Gyaan - A Game · ✓ TPS Office Locator · ✓ Tax Tools · ✓ PAN/TAN · Income Tax India; NADT Logo
2026-01-20 00:20:50,Market Intelligence,Google Custom Search,N/A,Ogier - international legal and professional services firm,https://www.ogier.com/,ogier.com,N/A,"3 hours ago Top tier international and offshore law, corporate and fiduciary, and consulting services. Targeted, pragmatic advice from Asia, Caribbean, Europe,"
2026-01-20 00:20:50,Market Intelligence,Google Custom Search,N/A,The secret costs of net zero - Prosperity Institute,https://www.prosperity.com/media-publications/the-secret-costs-of-net-zero/,prosperity.com,N/A,"9 hours ago As a result FTSE 100 companies now routinely have formal net zero targets. Their decarbonisation is largely measured using the Greenhouse Gas (GHG) protocol,"
2026-01-20 00:20:50,Market Intelligence,Google Custom Search,N/A,Irish Treaty Funds: structuring for aircraft finance | Ogier,https://www.ogier.com/news-and-insights/insights/irish-treaty-funds-structuring-for-aircraft-finance/,ogier.com,N/A,"2 hours ago The main tax incentives for setting up a leasing business in Ireland include: the 12.5% corporate tax rate on trading income, including qualifying foreign"
2026-01-20 00:20:50,Market Intelligence,Google Custom Search,N/A,EY Transformation Hub: execution enablement | EY - India,https://www.ey.com/en_in/services/consulting/transformation-hub,ey.com,N/A,"1 day ago EY Transformation Hub enhances collaboration during a transformation journey, aligning stakeholders and saving resources. Find out how."
2026-01-20 00:20:50,Market Intelligence,Google Custom Search,N/A,Corporate Announcements - Reliance Industries Limited,https://www.ril.com/investor/resource-center/corporate-announcements,ril.com,N/A,"1 day ago Check out and find the latest information on the Corporate Announcements of Reliance. Keep up to date with all the important announcements, news and updates"
2026-01-20 00:20:50,Market Intelligence,Google Custom Search,N/A,VIEW FIR,https://cbi.gov.in/view-fir,cbi.gov.in,N/A,"11 hours ago Regular Case No.RC1242026A0001, Size/Format [6.2 MB] [PDF], Date of Registration18/01/2026. 2, Location Of RegistrationCBI SCB Kolkata, Regular Case No."
2026-01-20 00:20:50,Market Intelligence,Google Custom Search,N/A,FORGED DOCUMENTS • FAKE PHOTOS • IDENTITY FRAUD • ₹4 ...,https://x.com/iNitinTyagi/status/2013077266293743869/photo/1,x.com,N/A,"16 hours ago After evading law for over 12 YEARS, CBI has finally arrested Jitendra Kumar, a proclaimed offender in the Punjab National Bank ( @pnbindia) loan fraud case."
2026-01-20 00:20:50,Market Intelligence,Google Custom Search,N/A,Home | Directorate of Enforcement,https://enforcementdirectorate.gov.in/,enforcementdirectorate.gov.in,N/A,"12 hours ago 1. The Prevention of Money Laundering Act, 2002 (PMLA): It is a criminal law enacted to prevent money laundering and to provide for confiscation of property"
2026-01-20 00:20:50,Market Intelligence,Google Custom Search,N/A,CBI arrests wanted Pune bank fraud accused from Goa - BW Police ...,https://www.bwpoliceworld.com/article/cbi-arrests-wanted-pune-bank-fraud-accused-from-goa-584235,bwpoliceworld.com,N/A,"19 hours ago The case was initially registered with the EOW, Mumbai and subsequently transferred to CBI, Pune, where the trial is presently pending. The officials stated"
2026-01-20 00:20:50,Market Intelligence,Google Custom Search,N/A,Press Release | Directorate of Enforcement,https://enforcementdirectorate.gov.in/press-release,enforcementdirectorate.gov.in,N/A,"9 hours ago 180.87 Crore in favour of the banks in Bank Fraud Case of M/s Zoom Developers Pvt. Ltd. (ZDPL), its Directors Vijay Madanlal Chaudhary and Bihari Lal"
2026-01-20 00:20:50,Market Intelligence,Google Custom Search,N/A,CBI searches 6 premises in Tamil Nadu in Rs 120 crore bank fraud ...,https://www.taxtmi.com/news?id=52331,taxtmi.com,N/A,"1 day ago New Delhi, Aug 12 (PTI) The CBI conducted searches at six locations in Tamil Nadu on Tuesday in connection with a Rs 120 crore bank fraud case against"
2026-01-20 00:20:50,Market Intelligence,Google Custom Search,N/A,Looking for a CBI Advocate for Bank Fraud & Financial Crime Cases ...,https://lsolegal.com/blogs/en/best-advocate/looking-for-a-cbi-advocate-for-bank-fraud-amp-financial-crime-cases-delhi,lsolegal.com,N/A,"8 hours ago CBI bank fraud and financial crime cases generally involve allegations related to misuse of banking systems, financial institutions, or public funds. These"
2026-01-20 00:20:50,Market Intelligence,Google Custom Search,N/A,IANS,https://www.ianshindi.in/english-wire/crime/,ianshindi.in,N/A,"19 hours ago ED arrests one person from Kolkata in bank fraud case. ED arrests one person from Kolkata in bank fraud case. NationalCrimeJanuary 18, 2026 9:24 AM. Kolkata"
2026-01-20 00:20:50,Market Intelligence,Google Custom Search,N/A,"₹2,672 Crore Bank Fraud: ED Arrests Pratyush Sureka for Alleged ...",https://www.moneylife.in/article/2672-crore-bank-fraud-ed-arrests-pratyush-sureka-for-alleged-money-laundering-linked-to-shree-ganesh-jewellery-house/79412.html,moneylife.in,N/A,13 hours ago The agency initiated its probe based on a first information report (FIR) registered by central bureau of investigation's (CBI's) bank fraud and financial
2026-01-20 00:20:50,Market Intelligence,Google Custom Search,N/A,Punjab Sind Bank Mule Accounts | Rajasthan Scam; CBI FIR,https://www.bhaskarenglish.in/local/rajasthan/jodhpur/news/punjab-sind-bank-mule-accounts-rajasthan-scam-cbi-fir-136976531.html,bhaskarenglish.in,N/A,"2 days ago CBI exposes ₹1,621 crore Rajasthan bank scam case:2 Punjab and Sind Bank branches used mule accounts; FIR filed against 30 · CBI Registers FIRs, Probe Began in"
2026-01-20 00:20:50,Market Intelligence,Google Custom Search,N/A,Building Trust in the Age of Open Banking: Security Lessons for 2026,https://bfsi.eletsonline.com/building-trust-in-the-age-of-open-banking-security-lessons-for-2026/,bfsi.eletsonline.com,N/A,6 hours ago The way we handle money has changed drastically. We live in a digital world where data zips between apps rather than sitting in physical branches.
2026-01-20 00:20:50,Market Intelligence,Google Custom Search,N/A,STATE BANK OF INDIA,https://sbi.bank.in/documents/39129/51516783/NOTICE+INVITING+TENDER20260119114948419.pdf,sbi.bank.in,N/A,"5 hours ago A Bid Security Declaration as per format (Annexure-II) has to be submitted along with technical bid. 5. Security Deposit (SD). For the successful bidder,"
2026-01-20 00:20:50,Market Intelligence,Google Custom Search,N/A,Untitled,https://www.iibf.org.in/documents/Brochure/2026/img20260119_11463514.pdf,iibf.org.in,N/A,"8 hours ago MANAGER, BANK OF INDIA. Bhugarv Gupta. Prize-II. N VANI. CHIEF MANAGER, STATE Star Health Data Breach. A Tale of Shail Pratap Singh. IV. API Exploitation"
2026-01-20 00:20:50,Market Intelligence,Google Custom Search,N/A,Punjab & Sind Bank,https://punjabandsind.bank.in/system/uploads/corrigendum/7932_2026011722572477263.pdf,punjabandsind.bank.in,N/A,2 days ago As per RFP. 3. 29. 2.1 41. Annual third-party VAPT and application security assessment shall be conducted at Bidder's
2026-01-20 00:20:50,Market Intelligence,Google Custom Search,N/A,"Embassy of India, Poland",https://www.indianembassywarsaw.gov.in/,indianembassywarsaw.gov.in,N/A,"9 hours ago © 2026 Embassy of India, Poland. All Rights Reserved. | Website Security Audit Certificate. Visitors: 4816148 | Page last updated on: 19-01-2026. Designed by"
2026-01-20 00:20:50,Market Intelligence,Google Custom Search,N/A,How to Build a Reliable Emergency Fund - RBL Bank,https://www.rbl.bank.in/blog/banking/investment/build-sustainable-emergency-fund,rbl.bank.in,N/A,"10 hours ago Beyond financial stability, an emergency fund provides emotional security. It allows you to make rational decisions in a crisis without panic or dependence on"
2026-01-20 00:20:50,Market Intelligence,Google Custom Search,N/A,"Job ID:25030859 - Team Leader - Chennai, India",https://careers.bankofamerica.com/en-us/job-detail/25030859/team-leader-chennai-india-esomprank-fcv0ndtpit-18,careers.bankofamerica.com,N/A,"8 hours ago Apply for the Team Leader position (Job ID: 25030859), located in Chennai, India, at Bank of America."
2026-01-20 00:20:50,Market Intelligence,Google Custom Search,N/A,India Inx-India International Exchange IFSC Ltd.,https://www.indiainx.com/,indiainx.com,N/A,9 hours ago India International Exchange (IFSC) Limited (India INX) - India's first international exchange in International Financial Services Centre (IFSC) located at
2026-01-20 00:20:50,Market Intelligence,Google Custom Search,N/A,KPMG in India | Home,https://kpmg.com/in/en.html,kpmg.com,N/A,"5 hours ago KPMG in India is one of the leading providers of risk, financial services and business advisory, internal audit, corporate governance."
2026-01-20 00:20:50,Market Intelligence,Google Custom Search,N/A,UNITED INDIA INSURANCE CO. LTD Request for Quotation (RFQ),https://uiic.co.in/web/sites/default/files/Tender%20Document/RFPV1.pdf,uiic.co.in,N/A,"7 hours ago breach of this clause, the Contract, the NDA, non-compliance with applicable laws, or any data breach or security incident caused by the Bidder/Vendor, its"
2026-01-20 00:20:50,Market Intelligence,Google Custom Search,N/A,Cybersecurity Solutions for Finance - N-able,https://www.n-able.com/solutions/finance,n-able.com,N/A,"1 day ago of financial services institutions were hit by ransomware in 2024 AES-256 encrypted, immutable, isolated backups safeguard data against ransomware attacks"
2026-01-20 00:20:50,Market Intelligence,Google Custom Search,N/A,Ransomware.live,https://www.ransomware.live/,ransomware.live,N/A,"2 hours ago ransomware attacks. Groups. 312. Victims. 25,000. This year. 354. This month. 354. This page displays the 100 most recent victim disclosures attributed to"
2026-01-20 00:20:50,Market Intelligence,Google Custom Search,N/A,Why Is Cyber Security Important In The Financial Industry?,https://www.eccu.edu/blog/why-is-cyber-security-important-in-the-financial-industry/,eccu.edu,N/A,"1 day ago ransomware attacks, to exploit vulnerabilities in financial systems. These incursions can lead to considerable financial losses for both customers and"
2026-01-20 00:20:50,Market Intelligence,Google Custom Search,N/A,"ICLG: Legal Guides, Business Reports and Events",https://iclg.com/,iclg.com,N/A,3 hours ago The International Comparative Legal Guides provide current and practical comparative legal information on several jurisdictions in a Q&A format.
2026-01-20 00:20:50,Market Intelligence,Google Custom Search,N/A,Ministry of Finance Year Ender 2025 Department of Economic Affairs,https://www.pib.gov.in/PressReleseDetail.aspx?PRID=2215423&reg=3&lang=1,pib.gov.in,N/A,"1 day ago India underwent its third Financial Sector Assessment Programme (FSAP) ransomware, payment frauds, and supply-chain attacks, and issued periodic"
2026-01-20 00:20:50,Market Intelligence,Google Custom Search,N/A,Free Ransomware Decryption Tools - Emsisoft,https://www.emsisoft.com/en/ransomware-decryption/,emsisoft.com,N/A,"3 hours ago Contact_Here_To_Recover_Your_Files.txt created for each encrypted file. The ransom note asks you to contact ""decryptionservice@mail.ru"", ""ransomware.attack@list"
2026-01-20 00:20:50,Market Intelligence,Google Custom Search,N/A,Accenture - Wikipedia,https://en.wikipedia.org/wiki/Accenture,en.wikipedia.org,N/A,"1 day ago Accenture plc is an American multinational professional services company. Founded in 1989, the company is listed on the US Fortune Global 500 and is"
2026-01-20 00:20:50,Market Intelligence,Google Custom Search,N/A,The Hacker News | #1 Trusted Source for Cybersecurity News,https://thehackernews.com/,thehackernews.com,N/A,"2 hours ago The Hacker News is the top cybersecurity news platform, delivering real-time updates, threat intelligence, data breach reports, expert analysis,"
2026-01-20 00:20:50,Market Intelligence,Google Custom Search,N/A,Reuters | Breaking International News & Views,https://www.reuters.com/,reuters.com,N/A,"2 hours ago Find latest news from every corner of the globe at Reuters.com, your online source for breaking international news coverage."
2026-01-20 00:20:50,Market Intelligence,Google Custom Search,N/A,Adversarial-Aware Adaptive Defense: A Smart AI Guard for India's ...,https://www.ijsat.org/papers/2026/1/10120.pdf,ijsat.org,N/A,"1 day ago scams and phishing websites. In addition, ransomware attacks on hospitals in keral have gained a lot of attention as these not only bring off monetary gains,"
2026-01-20 00:20:50,Market Intelligence,Google Custom Search,N/A,"6th India Public Policy Network Conference | June 1 to 4, 2026 ...",https://www.nls.ac.in/news-and-events/6th-india-public-policy-network-conference-june-1-to-4-2026/,nls.ac.in,N/A,"3 hours ago It will highlight real-world innovations such as e-governance platforms, fintech regulation, community-driven governance, smart city initiatives, and dispute"
2026-01-20 00:20:50,Market Intelligence,Google Custom Search,N/A,"ICLG: Legal Guides, Business Reports and Events",https://iclg.com/,iclg.com,N/A,3 hours ago The International Comparative Legal Guides provide current and practical comparative legal information on several jurisdictions in a Q&A format.
2026-01-20 00:20:50,Market Intelligence,Google Custom Search,N/A,KPMG in India | Home,https://kpmg.com/in/en.html,kpmg.com,N/A,"2 hours ago KPMG in India is one of the leading providers of risk, financial services and business advisory, internal audit, corporate governance."
2026-01-20 00:20:50,Market Intelligence,Google Custom Search,N/A,"#India's fintech journey is powered by #UPI and policy support, but ...",https://x.com/orfgeotech/status/2012615910348202301,x.com,N/A,"2 days ago ORF GeoTech (@orfgeotech). 4 views. #India's fintech journey is powered by #UPI and policy support, but regulatory sandboxes ensure growth doesn't outpace"
2026-01-20 00:20:50,Market Intelligence,Google Custom Search,N/A,Monetary Authority of Singapore,https://www.mas.gov.sg/,mas.gov.sg,N/A,"8 hours ago MAS is the central bank of Singapore. Our mission is to promote sustained non-inflationary economic growth, and a sound and progressive financial centre."
2026-01-20 00:20:50,Market Intelligence,Google Custom Search,N/A,Fintech Revolution Catalyst Award - Startup India,https://www.startupindia.gov.in/nsa5.0results/Fintech-Revolution-Catalyst-Award.html,startupindia.gov.in,N/A,"10 hours ago Discover the Fintech Revolution Catalyst Award recognised at the National Startup Awards 5.0 for their innovation, leadership, and impactful contributions"
2026-01-20 00:20:50,Market Intelligence,Google Custom Search,N/A,"Award-winning banking solutions for BaaS, Payments, Treasury & FX",https://finzly.com/,finzly.com,N/A,"1 day ago Supercharge your bank with Finzly's BankOS, a complete platform for all U.S. domestic rails, embedded banking, international banking, and accounts for"
2026-01-20 00:20:50,Market Intelligence,Google Custom Search,N/A,Financial Conduct Authority | FCA,https://www.fca.org.uk/,fca.org.uk,N/A,"2 hours ago The FCA enables a fair and thriving financial services market, for the good of consumers and the economy."
2026-01-20 00:20:50,Market Intelligence,Google Custom Search,N/A,"Moody's - credit ratings, research, and data for global capital markets",https://www.moodys.com/,moodys.com,N/A,"5 hours ago Moody's CreditView is our flagship solution for global capital markets that incorporates credit ratings, research and data from Moody's Investors Service"
2026-01-20 00:20:50,Market Intelligence,Google Custom Search,N/A,The Paypers | Global Payments & Fintech Industry News,https://thepaypers.com/,thepaypers.com,N/A,"5 hours ago The Paypers covers the latest global news on payments, ecommerce, fintech, crypto, and the digital economy, as well as expert insights and analysis."
2026-01-20 00:20:50,Market Intelligence,Google Custom Search,N/A,Taxed at 30 Percent? Your FD Needs a Reality Audit - LenDenClub,https://www.lendenclub.com/blog/the-real-return-reality-check-fds-in-the-30-tax-bracket/,lendenclub.com,N/A,12 hours ago LenDenClub is India's largest peer to peer lending platform which started operations in India in 2015. *P2P lending is subject to risks. And lending
2026-01-20 00:20:50,Market Intelligence,Google Custom Search,N/A,CONSUMER BEHAVIOR TOWARDS PEER-TO-PEER LENDING ...,https://www.jetir.org/view?paper=JETIR2601229,jetir.org,N/A,"10 hours ago Through a mixed-methods approach, including surveys and in-depth interviews, the research identifies key drivers such as perceived trustworthiness, risk"
2026-01-20 00:20:50,Market Intelligence,Google Custom Search,N/A,Fitch Ratings: Credit Ratings & Analysis For Financial Markets,https://www.fitchratings.com/,fitchratings.com,N/A,"2 hours ago Fitch Ratings is a leading provider of credit ratings, commentary and research for global capital markets."
2026-01-20 00:20:50,Market Intelligence,Google Custom Search,N/A,Administrative Procurement,https://www.worldbank.org/en/about/corporate-procurement/business-opportunities/administrative-procurement,worldbank.org,N/A,"22 hours ago Solicitation Title, Number, Issue Date, Closing Date. RFxNow 2019359 - ""Assessing Government-to-Person (G2P) Payments for Adaptive Social Protection in"
2026-01-20 00:20:50,Market Intelligence,Google Custom Search,N/A,Bulletin30,https://www.sarttac.org/content/sarttac/en1/BulletinsFY2026/Bulletin30.html,sarttac.org,N/A,"2 days ago The course content was tailored in collaboration with the Ministry of Finance of India and focused on macroeconomic frameworks, fiscal sustainability and macro-"
2026-01-20 00:20:50,Market Intelligence,Google Custom Search,N/A,From vulnerability to resilience: How rural India is innovating its own ...,https://etedge-insights.com/industry/energy/from-vulnerability-to-resilience-how-rural-india-is-innovating-its-own-climate-solutions/,etedge-insights.com,N/A,"9 hours ago risk-sharing tools like First-loss default guarantees, interest subventions, and capital subsidies, alongside newer avenues like peer-to-peer lending."
2026-01-20 00:20:50,Market Intelligence,Google Custom Search,N/A,ICRA Public Finance Ratings,https://www.icra.in/Rating/RatingCategory?RatingType=CR&RatingCategoryId=4,icra.in,N/A,"7 hours ago Besides, ICRA's temporal and peer group analysis of State finances covers quality and stability of revenues, expenditure management, analysis of debt"
2026-01-20 00:20:50,Market Intelligence,Google Custom Search,N/A,Peer To Peer Lending And Equity Crowdfunding A Guide To The ...,https://innotech.kiet.edu/hdifferentiatee/qfigurec/ic182601/38424C1I88232300/peer_to-peer_lending__and-equity__crowdfunding-a_guide-to_the_new__capital-markets_for__job__creators_investors-and__entrepreneurs.pdf,innotech.kiet.edu,N/A,"6 hours ago Tune in to hear from Sharad Introduction. Venture capital is a high-risk, high-reward game Dubai. Alternative Investment Funds."
2026-01-20 00:20:50,Market Intelligence,Google Custom Search,N/A,Financial Wisdom: Expert Insights & Analysis | Investkraft,https://www.investkraft.com/blog-category/finance,investkraft.com,N/A,2 days ago Top RBI Approved P2P Lending Companies in India for 2026. Jan 14th 2026. Finance. Peer-to-peer (P2P) lending is a fast-growing alternative investment option in
2026-01-20 00:20:50,Market Intelligence,Google Custom Search,N/A,Best Short-Term Investments in 2026 | Safe & High-Return Options,https://www.pocketful.in/blog/best-short-term-investments-in-india/,pocketful.in,N/A,24 hours ago Peer-to-Peer (P2P) Lending Platforms. Overview of Best Short-Term Investments in India. 1. High-Yield Savings Accounts. A high-yield savings account is a type
2026-01-20 00:20:50,Market Intelligence,Google Custom Search,N/A,European Central Bank,https://www.ecb.europa.eu/,ecb.europa.eu,N/A,2 hours ago The European Central Bank (ECB) is the central bank of the European Union countries which have adopted the euro. Our main task is to maintain price
2026-01-20 00:20:50,Market Intelligence,Google Custom Search,N/A,"Crypto Exchanges in India: Legal Status, KYC Rules and PMLA ...",https://www.courtkutchehry.com/pages/blog/crypto-exchanges-india-legal-status-pmla-kyc,courtkutchehry.com,N/A,21 hours ago How Cryptocurrency Exchanges in India Vet Customers and Operate Under Law. 18 Jan 2026 Court News 18 Jan 2026. Back to blog.
2026-01-20 00:20:50,Market Intelligence,Google Custom Search,N/A,"Latest #india News, Opinions and Feed Today | Binance Square",https://www.binance.com/en/square/hashtag/india,binance.com,N/A,"11 hours ago India's crypto market keeps growing despite tough tax rules. Total crypto transactions reached over ₹51,000 crore in FY 2024–25, a 41% rise from the previous"
2026-01-20 00:20:50,Market Intelligence,Google Custom Search,N/A,"Axis Bank: Personal Banking | Internet Banking | Corporate, NRI ...",https://www.axis.bank.in/,axis.bank.in,N/A,1 day ago We are third largest private sector bank in India offering entire spectrum of financial services for personal & corporate banking.
2026-01-20 00:20:50,Market Intelligence,Google Custom Search,N/A,"Bitcoin (BTC) Price, Real-time Quote & News - Google Finance",https://www.google.com/finance/quote/BTC-INR,google.com,N/A,"8 hours ago Get the latest Bitcoin (BTC / INR) real-time quote, historical performance, charts, and other cryptocurrency information to help you make more informed"
2026-01-20 00:20:50,Market Intelligence,Google Custom Search,N/A,Mumbai: Director of Audit firm held in ₹30 crore crypto fraud ...,https://timesofindia.indiatimes.com/city/mumbai/mumbai-director-of-audit-firm-held-in-30-crore-crypto-fraud/articleshow/126625329.cms,timesofindia.indiatimes.com,N/A,"2 days ago Mumbai: In a twist to the GainBitcoin cryptocurrency fraud probe, an official of a forensic audit firm appointed by Pune Police and Cyber Police probi."
2026-01-20 00:20:50,Market Intelligence,Google Custom Search,N/A,Crypto KYC in India: How Exchanges Vet Users,https://vajiramandravi.com/current-affairs/crypto-kyc-in-india-how-exchanges-vet-users/,vajiramandravi.com,N/A,"2 days ago Crypto KYC Latest News. Recently, Financial Intelligence Unit–India (FIU-I) updated its AML/CFT (Anti-Money Laundering/Countering the Financing of"
2026-01-20 00:20:50,Market Intelligence,Google Custom Search,N/A,Shaju Philip - Page 110 | Read All The Stories Written by Shaju Philip.,https://indianexpress.com/profile/author/shaju-philip/110/,indianexpress.com,N/A,"1 day ago Shaju Philip is a Senior Assistant Editor at The Indian Express, where he leads the publication's coverage from Kerala. With over 25 years of experience in"
2026-01-20 00:20:50,Market Intelligence,Google Custom Search,N/A,"Cryptocurrency - Prices, News & Latest Updates",https://economictimes.indiatimes.com/markets/cryptocurrency,economictimes.indiatimes.com,N/A,"3 hours ago Crypto Prices Today LIVE (19 January 2026): Read Crypto Market Today news, Crypto coins price chart on The ET Markets. Get Crypto coins: bitcoin, Ethereum,"
2026-01-20 00:20:50,Market Intelligence,Google Custom Search,N/A,Fact Check 2026: Has India Completely Banned Bitcoin and ...,https://vews.in/en/fact-check/half-true/fact-check-india-bitcoin-crypto-ban-2026,vews.in,N/A,"2 days ago Always verify crypto-related news from official government sources and trusted fact-check platforms before believing or sharing viral claims. अपनी आवाज़ उठाएं, ख़बरों को"
2026-01-20 00:20:50,Market Intelligence,Google Custom Search,N/A,Crisis in Venezuela - Wikipedia,https://en.wikipedia.org/wiki/Crisis_in_Venezuela,en.wikipedia.org,N/A,"7 hours ago An ongoing socioeconomic and political crisis began in · It is the worst economic crisis in Venezuela's history, and the worst facing a country in peacetime"
2026-01-20 00:20:50,Market Intelligence,Google Custom Search,N/A,"EU-Mercosur Trade Deal: Winners, Losers, and Limited Economic ...",https://www.downtoearth.org.in/economy/the-eu-mercosur-agreement-will-have-winners-and-losers-but-it-wont-make-a-major-economic-impact,downtoearth.org.in,N/A,13 hours ago The EU-Mercosur agreement will have winners and losers — but it won't make a major economic impact. The effects will also not be uniform across different
2026-01-20 00:20:50,Market Intelligence,Google Custom Search,N/A,Partners | World Economic Forum,https://www.weforum.org/partners/,weforum.org,N/A,2 hours ago World Economic Forum Partners are leading global companies developing solutions to the world's greatest challenges. They are the driving force behind the
2026-01-20 00:20:50,Market Intelligence,Google Custom Search,N/A,"Economy - World news, culture and opinion",https://www.lemonde.fr/en/economy/,lemonde.fr,N/A,"4 hours ago economic impact. Its implementation is set to be very gradual, while Farmers park tractors in Paris to protest EU-Mercosur trade deal. In a show"
2026-01-20 00:20:50,Market Intelligence,Google Custom Search,N/A,Programme — Development Studies Association,https://www.devstud.org.uk/conference/conference-2026/programme/,devstud.org.uk,N/A,"5 hours ago Programme. 8-10 July 2026, Hybrid at University College Dublin. Reimagining Development. Power, Agency, and Futures in an Uncertain World."
2026-01-20 00:20:50,Market Intelligence,Google Custom Search,N/A,Global Policy Journal: Home,https://www.globalpolicyjournal.com/,globalpolicyjournal.com,N/A,"4 hours ago The farmers' protests sweeping across Europe during the early month… World economy, trade and finance. Global Policy promises to set the standard for"
2026-01-20 00:20:50,Market Intelligence,Google Custom Search,N/A,The Agrarian Question In The Neoliberal Era Primitive Accumulation ...,https://innotech.kiet.edu/fsurprisek/hnarrowt/7YH7098/185238090126/the_agrarian_question__in_the-neoliberal_era_primitive_accumulation_and-the__peasantry.pdf,innotech.kiet.edu,N/A,2 days ago basis of Gender Aspect of the Farmers Movement. Colonial Capitalism. L 23 Mesopotamia Non Agrarian Economy 001 - L 23 Mesopotamia Non Agrarian Economy 001
2026-01-20 00:20:50,Market Intelligence,Google Custom Search,N/A,"Somalia - Economy, Livestock, Agriculture | Britannica",https://www.britannica.com/place/Somalia/Economy,britannica.com,N/A,"7 hours ago About three-fifths of Somalia's economy is based on agriculture; however, the main economic activity is not crop farming but livestock raising."
2026-01-20 00:20:50,Market Intelligence,Google Custom Search,N/A,The Diplomat – Asia-Pacific Current Affairs Magazine,https://thediplomat.com/,thediplomat.com,N/A,"2 hours ago In-depth analysis and commentary on events across the Asia-Pacific region, with a focus on geopolitics, defense, economics, social, and environmental"
2026-01-20 00:20:50,Market Intelligence,Google Custom Search,N/A,Economic security: A new EU paradigm?,https://www.epc.eu/publication/Economic-security-A-new-EU-paradigm-516bc0/,epc.eu,N/A,"2 days ago Screening all relevant policies for their economic security impact. Building the political and economic foundations for economic security, including engaging"
2026-01-20 00:20:50,Market Intelligence,Google Custom Search,N/A,Latest News on Gujarat Transport Strike - Times of India,https://timesofindia.indiatimes.com/topic/gujarat-transport-strike/news,timesofindia.indiatimes.com,N/A,12 hours ago Check out for the latest news on gujarat transport strike along with gujarat transport strike live news at Times of India.
2026-01-20 00:20:50,Market Intelligence,Google Custom Search,N/A,"Swiggy, Zomato: India's online delivery platforms face a year of ...",https://www.bbc.com/news/articles/cx20qlglgw5o,bbc.com,N/A,"16 hours ago The diktat follows a New Year's Eve strike by some 200,000 gig workers that pitted start-up founders and venture capitalists against politicians, trade unions"
2026-01-20 00:20:50,Market Intelligence,Google Custom Search,N/A,Latest News on Odisha Bus Strike - Times of India,https://timesofindia.indiatimes.com/topic/odisha-bus-strike/news,timesofindia.indiatimes.com,N/A,1 day ago Check out for the latest news on odisha bus strike along with odisha bus strike live news at Times of India.
2026-01-20 00:20:50,Market Intelligence,Google Custom Search,N/A,Wave of Regional Transport Strikes on 16 January Disrupts ...,https://www.visahq.com/news/2026-01-18/it/wave-of-regional-transport-strikes-on-16-january-disrupts-corporate-travel-plans-across-italy/,visahq.com,N/A,18 hours ago Corporate mobility managers were caught off-guard on Friday as ten separate regional and municipal strikes crippled public transport across Italy.
2026-01-20 00:20:50,Market Intelligence,Google Custom Search,N/A,News - BSNL Employees Union,https://www.bsnleu.in/page/news,bsnleu.in,N/A,10 hours ago Strike on 12th February 2026 a grand success. The Central Secretariat also endorsed the resolution adopted at the Central Trade Union Convention held on
2026-01-20 00:20:50,Market Intelligence,Google Custom Search,N/A,Wave of Regional Transport Strikes on 16 January Throws ...,https://www.visahq.com/news/2026-01-17/it/wave-of-regional-transport-strikes-on-16-january-throws-corporate-travel-itineraries-into-disarray/,visahq.com,N/A,"2 days ago Corporate mobility managers woke up on Friday to discover that at least ten separate regional and city-level strikes were crippling buses, trams and some"
2026-01-20 00:20:50,Market Intelligence,Google Custom Search,N/A,Gig Workers' Strike: Why India's 10-Minute Delivery Model Cracked ...,https://frontline.thehindu.com/the-nation/gig-workers-strike-india/article70524966.ece/amp/,frontline.thehindu.com,N/A,"7 hours ago The Indian Federation of App-based Transport Workers (IFAT) and the Telangana Gig and Platform Workers' Union (TGPWU), who were behind the strike call"
2026-01-20 00:20:50,Market Intelligence,Google Custom Search,N/A,All-India bandh: Buses remain off roads in Mangaluru | coastaldigest ...,https://www.coastaldigest.com/all-india-bandh-buses-remain-roads-mangaluru,coastaldigest.com,N/A,"1 day ago Mangaluru, Apr 30: Bus operators in the coastal city have positively responded to the all-Indian bandh called by All India Road Transport Workers' (AIRTW)"
2026-01-20 00:20:50,Market Intelligence,Google Custom Search,N/A,Exim India,https://eximin.net/,eximin.net,N/A,7 hours ago The Daily EXIM Newsletter · CTL-BHP 2026 · EXIM India Digital Copy includes all latest news & insights coverage you need.
2026-01-20 00:20:50,Market Intelligence,Google Custom Search,N/A,Water conservation achievement: Saraswati Sugar Mills recharges ...,https://www.chinimandi.com/water-conservation-achievement-saraswati-sugar-mills-recharges-60-lakh-cubic-metres-of-rainwater/,chinimandi.com,N/A,"12 hours ago In response, the company put forward a long-term and practical solution aimed at reducing flood impact while addressing the problem of falling groundwater"
2026-01-20 00:20:50,Market Intelligence,Google Custom Search,N/A,Administrative Procurement,https://www.worldbank.org/en/about/corporate-procurement/business-opportunities/administrative-procurement,worldbank.org,N/A,"22 hours ago Solicitation Title, Number, Issue Date, Closing Date. RFxNow 2019359 - ""Assessing Government-to-Person (G2P) Payments for Adaptive Social Protection in"
2026-01-20 00:20:50,Market Intelligence,Google Custom Search,N/A,Indoor Air Quality Alert: Eastern Australia Flash Flooding,https://www.iqair.com/in-en/newsroom/indoor-air-quality-alert-australia-flooding,iqair.com,N/A,"2 days ago Severe flooding and flash storms across eastern Australia disrupt transport, force evacuations, and bring record rainfall. Learn about the latest impact"
2026-01-20 00:20:50,Market Intelligence,Google Custom Search,N/A,India | Latest News & Updates | BBC News,https://www.bbc.com/news/world/asia/india,bbc.com,N/A,"2 hours ago Get all the latest news, live updates and content about India from across the BBC."
2026-01-20 00:20:50,Market Intelligence,Google Custom Search,N/A,"No impact of Chennai floods on business: Suneeta Reddy, Apollo ...",https://m.economictimes.com/opinion/interviews/no-impact-of-chennai-floods-on-business-suneeta-reddy-apollo-hospitals/articleshow/50087969.cms,m.economictimes.com,N/A,"1 day ago The brand opened its first store in Mumbai on December 29 and plans to expand to Delhi in the coming months. In India, buying behaviour is rarely defined by"
2026-01-20 00:20:50,Market Intelligence,Google Custom Search,N/A,"Moody's - credit ratings, research, and data for global capital markets",https://www.moodys.com/,moodys.com,N/A,"5 hours ago Moody's CreditView is our flagship solution for global capital markets that incorporates credit ratings, research and data from Moody's Investors Service"
2026-01-20 00:20:50,Market Intelligence,Google Custom Search,N/A,High Tide Warning for Bangkok and Surrounding Provinces,https://mitkatadvisory.com/high-tide-warning-for-bangkok-and-surrounding-provinces/,mitkatadvisory.com,N/A,"11 hours ago flooding, commuter disruption, and temporary business interruptions. Impacts Low Impact: Elevated commercial and residential districts protected by flood"
2026-01-20 00:20:50,Market Intelligence,Google Custom Search,N/A,Farakka now boomerangs on India | The Business Standard,https://www.tbsnews.net/environment/farakka-now-boomerangs-india,tbsnews.net,N/A,"7 hours ago The barrage would also reduce water flow to Bangladesh. He also made it clear that the dam was designed to discharge too little water in times of floods, which"
2026-01-20 00:20:50,Market Intelligence,Google Custom Search,N/A,OECD: The Organisation for Economic Co-operation and ...,https://www.oecd.org/,oecd.org,N/A,"2 hours ago Industry, business and entrepreneurship; Regional, rural and urban development; Science, technology and innovation; Society; Taxation; Trade; Energy; Nuclear"
2026-01-20 00:20:50,Market Intelligence,Google Custom Search,N/A,Food and Agriculture Organization of the United Nations: Home,https://www.fao.org/home/en,fao.org,N/A,"5 hours ago The FAO Data Lab for Statistical Innovation modernizes the statistical business process, with a specific focus on emergency contexts, when having access to"
2026-01-20 00:20:50,Market Intelligence,Google Custom Search,N/A,Global Water Cycle: Significance & Global Impact,https://www.pmfias.com/global-water-cycle/,pmfias.com,N/A,"1 day ago Global water cycle disruptions drive extreme events worldwide, causing floods, droughts, and heatwaves in India, affecting agriculture, cities,"
2026-01-20 00:20:50,Market Intelligence,Google Custom Search,N/A,India Meteorological Department: IMD Mausam,https://mausam.imd.gov.in/,mausam.imd.gov.in,N/A,"5 hours ago Official India Meteorological Department (IMD) website. Get accurate weather forecasts, cyclone alerts, radar images, and current conditions for all Indian"
2026-01-20 00:20:50,Market Intelligence,Google Custom Search,N/A,From raw to reliable: machine learning bias correction of reanalysis ...,https://www.sciencedirect.com/science/article/abs/pii/S0022169425022334,sciencedirect.com,N/A,"19 hours ago in heterogeneous regions. To evaluate the impact of these corrections on drought monitoring, the Standardized Precipitation Evapotranspiration Index (SPEI)"
2026-01-20 00:20:50,Market Intelligence,Google Custom Search,N/A,Search | Chamo,https://igmlnet.uohyd.ac.in/chamo/search/query;jsessionid=AF02DFE9FF375B95328D96F6D54356A7?facet_item_class=5&facet_format=book&facet_loc=10000&sort=dateBookAdded%3Bdescending&theme=mobile,igmlnet.uohyd.ac.in,N/A,1 day ago Drought - proneness and labour migration socio-economic impact in a Telangana village by Bheem Reddy; supervised by P. Venkat Rao.
2026-01-20 00:20:50,Market Intelligence,Google Custom Search,N/A,Food and Agriculture Organization of the United Nations: Home,https://www.fao.org/home/en,fao.org,N/A,2 hours ago Nutrition expert Dilara Koçak joined her to see firsthand how Nurcan is scaling production and helping revive her village through sustainable agriculture. Watch
2026-01-20 00:20:50,Market Intelligence,Google Custom Search,N/A,Home | Theoretical and Applied Climatology | Springer Nature Link,https://link.springer.com/journal/704,link.springer.com,N/A,"3 hours ago Theoretical and Applied Climatology offers the latest and most significant developments from worldwide studies in climate, atmosphere and meteorology."
2026-01-20 00:20:50,Market Intelligence,Google Custom Search,N/A,The role of seasonal temperature anomalies in modulating extreme ...,https://www.researchgate.net/publication/399771121_The_role_of_seasonal_temperature_anomalies_in_modulating_extreme_rainfall_of_Kerala_India,researchgate.net,N/A,"2 days ago This study investigates the complex interplay between seasonal temperature anomalies and extreme rainfall patterns in Kerala, India, using daily gridded"
2026-01-20 00:20:50,Market Intelligence,Google Custom Search,N/A,Global Change Biology | Environmental Change Journal | Wiley ...,https://onlinelibrary.wiley.com/journal/13652486,onlinelibrary.wiley.com,N/A,3 hours ago He was not only the founder of GCB but also its heart and soul. He truly believed in its mission and relished its impact on policy and public awareness.
2026-01-20 00:20:50,Market Intelligence,Google Custom Search,N/A,"Green Revolution in India: Causes, Key Features and Impact",https://www.jagranjosh.com/general-knowledge/green-revolution-in-india-1820005707-1,jagranjosh.com,N/A,2 days ago Indian agrarian space. How did the Green Revolution Start? The crisis was at its highest point in 1965-67 droughts when the traditional varieties of wheat
2026-01-20 00:20:50,Market Intelligence,Google Custom Search,N/A,NHESS - Recent,https://nhess.copernicus.org/,nhess.copernicus.org,N/A,"3 hours ago The following lists the recent preprints posted on EGUsphere with NHESS-related topics, the recent preprints posted in NHESS's discussion forum, as well as"
2026-01-20 00:20:50,Market Intelligence,Google Custom Search,N/A,Steel - Price - Chart - Historical Data - News,https://tradingeconomics.com/commodity/steel,tradingeconomics.com,N/A,"2 hours ago India, Russia and South Korea. The steel prices displayed in Trading Economics are based on over-the-counter (OTC) and contract for difference (CFD)"
2026-01-20 00:20:50,Market Intelligence,Google Custom Search,N/A,India must seize growth opportunities amid global headwinds: RBI ...,https://ddnews.gov.in/en/india-must-seize-growth-opportunities-amid-global-headwinds-rbi-governor/,ddnews.gov.in,N/A,2 hours ago global economic slowdown and geopolitical challenges. “We are now at a critical juncture as we navigate a choppy global environment characterised by
2026-01-20 00:20:50,Market Intelligence,Google Custom Search,N/A,Indian Rupee - Quote - Chart - Historical Data - News,https://tradingeconomics.com/india/currency,tradingeconomics.com,N/A,"1 hour ago The USD/INR exchange rate rose to 90.9140 on January 19, 2026, up 0.24% from the previous session. Over the past month, the Indian Rupee has weakened 1.46%,"
2026-01-20 00:20:50,Market Intelligence,Google Custom Search,N/A,India News | Today's Top Stories | Reuters,https://www.reuters.com/world/india/,reuters.com,N/A,"2 hours ago India's central bank has proposed that BRICS countries link their official digital currencies to make cross-border trade and tourism payments easier,"
2026-01-20 00:20:50,Market Intelligence,Google Custom Search,N/A,AVI Products India Limited May Be Forming Higher Low ...,https://ccbjodhpur.bank.in/video/AVI-Products-India-Limited-May-Be-Forming-Higher-Low-Chartwatchers-Alert,ccbjodhpur.bank.in,N/A,1 day ago 【Investment News】✌️ Invest confidently with insights from professional analysts and real-time data feeds.
2026-01-20 00:20:50,Market Intelligence,Google Custom Search,N/A,"Page 1364 of Policy News: Policy Latest News, Policy Today news ...",https://www.financialexpress.com/policy/page/1364/,financialexpress.com,N/A,"14 hours ago News: Check here latest news and updates about Policy in India indian economy, economy news, economic slowdown, GDP growth rate india 2019, indian"
2026-01-20 00:20:50,Market Intelligence,Google Custom Search,N/A,OECD: The Organisation for Economic Co-operation and ...,https://www.oecd.org/,oecd.org,N/A,"2 hours ago Working with over 100 countries, the OECD is a global policy forum that promotes policies to improve the economic and social well-being of people around the"
2026-01-20 00:20:50,Market Intelligence,Google Custom Search,N/A,English | DD News On Air,https://www.newsonair.gov.in/page/4698/?cat=state&id=ST553,newsonair.gov.in,N/A,"21 hours ago Home; Page 4698. Brent crude trades marginally lower amid concern over global economic slowdown. July 5, 2023 6:08 PM. views 38"
2026-01-20 00:20:50,Market Intelligence,Google Custom Search,N/A,EU's call to slow down the Carbon Border Adjustment Mechanism,https://www.indianchemicalnews.com/opinion/eus-call-to-slow-down-the-carbon-border-adjustment-mechanism-28972,indianchemicalnews.com,N/A,"15 hours ago However, even under CBAM, the economic rationale for such investments remains precarious, as capitalism fundamentally operates on market dynamics rather than"
2026-01-20 00:20:50,Market Intelligence,Google Custom Search,N/A,"ThePrint: Latest News and Opinion from India, World, Politics ...",https://theprint.in/,theprint.in,N/A,"2 hours ago ThePrint is India's digital news platform for latest news, breaking stories, in-depth analysis and opinion on politics, policy, defence, governance, economy"
2026-01-20 00:20:50,Market Intelligence,Google Custom Search,N/A,"Ministry of External Affairs, Government of India",https://mea.gov.in/,mea.gov.in,N/A,"5 hours ago Official portal of External Affairs Ministry, Government of India. Find Statements, Interviews, Press Releases, Media Briefings and latest updates of MEA."
2026-01-20 00:20:50,Market Intelligence,Google Custom Search,N/A,OECD: The Organisation for Economic Co-operation and ...,https://www.oecd.org/,oecd.org,N/A,2 hours ago Featured topics; Agriculture and fisheries; Climate change; Development; Digital; Economy; Education and skills; Employment; Environment; Finance and
2026-01-20 00:20:50,Market Intelligence,Google Custom Search,N/A,Welcome To IICA,https://iica.nic.in/krc_faculty.aspx/Newsletter/Insolvency-Digest/SecurityAudit/SecurityAudit/Reports_for_CfE2E.aspx,iica.nic.in,N/A,"1 day ago Corporate Affairs, Ministry of Corporate Affairs, Government of India). She Corporate Governance, and more, Dr. Lata Suresh continues to make a"
2026-01-20 00:20:50,Market Intelligence,Google Custom Search,N/A,The Harvard Law School Forum on Corporate Governance | The ...,https://corpgov.law.harvard.edu/,corpgov.law.harvard.edu,N/A,"13 hours ago Few business leaders have experienced the scope, complexity, and combination of issues facing companies today. Disruption, volatility, and uncertainty will"
2026-01-20 00:20:50,Market Intelligence,Google Custom Search,N/A,YES Bank scam a case of corporate governance failure,https://www.nationalheraldindia.com/india/yes-bank-scam-a-case-of-corporate-governance-failure,nationalheraldindia.com,N/A,"12 hours ago While addressing a press conference, Union Finance Minister Nirmala Sitharaman had said recently that the Reserve Bank of India (RBI) had been keeping a close"
2026-01-20 00:20:50,Market Intelligence,Google Custom Search,N/A,Why IP Audits Are Becoming Deal-Makers in India's M&A ...,https://www.lexology.com/library/detail.aspx?g=347fa647-0abd-425f-8cf3-e9daa0e871dd,lexology.com,N/A,7 hours ago issues. Any discrepancies found at this stage can materially affect the valuation Integrating IP Audits into Corporate Governance Structures in India.
2026-01-20 00:20:50,Market Intelligence,Google Custom Search,N/A,"Moody's - credit ratings, research, and data for global capital markets",https://www.moodys.com/,moodys.com,N/A,"5 hours ago Adaptation and resilience investment and good governance can limit exposure. issue such obligations in markets worldwide, including various corporate"
2026-01-20 00:20:50,Market Intelligence,Google Custom Search,N/A,Corporate Restructuring In India A Case Study Of Reliance,https://innotech.kiet.edu/mentertainn/zrecognizer/M65489A/030126/corporate_restructuring__in__india-a__case-study__of_reliance.pdf,innotech.kiet.edu,N/A,"4 hours ago This organic growth, however, eventually led to challenges in management and effectiveness. The demise of Dhirubhai Ambani marked a pivotal moment, triggering a"
2026-01-20 00:20:50,Market Intelligence,Google Custom Search,N/A,"IPO - Latest IPO, Upcoming IPO, Recent IPO News, IPO Issue Price ...",https://www.nseindia.com/market-data/all-upcoming-issues-ipo,nseindia.com,N/A,2 days ago National Stock Exchange of India Ltd. All rights reserved. Best viewed in Chrome and 1366 X 768 resolution. Recommended to use latest browser versions.
2026-01-20 00:20:50,Market Intelligence,Google Custom Search,N/A,The Bankers Are Coming: RBI's Architecture for Bank-Financed ...,https://indiacorplaw.in/2026/01/18/the-bankers-are-coming-rbis-architecture-for-bank-financed-takeovers/,indiacorplaw.in,N/A,"2 days ago The RBI Draft Directions give rise to a multitude of institutional implications such as corporate governance and disclosure concerns, that acquirers and banks"
